job_id,route_id,customer_id,region,priority,job_type,technician_id,created_at,scheduled_date,completed_at,status
JOB-000001,RT-00001,CUST-00129,East,Standard,Maintenance,TECH-0016,2023-06-21 14:22:53.427850,2023-06-22,2023-06-22 08:49:00,completed
JOB-000002,RT-00001,CUST-01937,East,Rush,Repair,TECH-0016,2023-06-21 18:01:02.231009,2023-06-22,2023-06-22 10:34:00,completed
JOB-000003,RT-00001,CUST-00222,East,Standard,Install,TECH-0016,2023-06-21 13:08:41.399474,2023-06-22,2023-06-22 12:22:00,completed
JOB-000004,RT-00002,CUST-03507,South,Standard,Install,TECH-0012,2023-06-06 00:39:59.033682,2023-06-06,2023-06-06 10:07:00,completed
JOB-000005,RT-00002,CUST-00876,South,Emergency,Inspection,TECH-0012,2023-06-06 09:27:34.800007,2023-06-06,,cancelled
JOB-000006,RT-00002,CUST-03922,South,Emergency,Inspection,TECH-0012,2023-06-06 08:58:37.387041,2023-06-06,2023-06-06 11:16:00,completed
JOB-000007,RT-00003,CUST-03488,Central,Emergency,Repair,TECH-0008,2023-03-24 06:03:44.315291,2023-03-24,2023-03-24 10:41:00,completed
JOB-000008,RT-00003,CUST-00163,Central,Standard,Install,TECH-0008,2023-03-23 05:26:39.221291,2023-03-24,,cancelled
JOB-000009,RT-00004,CUST-03806,North,Standard,Install,TECH-0021,2025-01-19 08:59:55.627705,2025-01-20,2025-01-20 10:28:00,completed
JOB-000010,RT-00004,CUST-03609,North,Standard,Install,TECH-0021,2025-01-18 13:34:11.714526,2025-01-20,2025-01-20 11:23:00,completed
JOB-000011,RT-00004,CUST-03306,North,Standard,Install,TECH-0021,2025-01-18 12:30:37.635656,2025-01-20,2025-01-20 12:48:00,completed
JOB-000012,RT-00004,CUST-03645,North,Emergency,Install,TECH-0021,2025-01-20 12:25:29.710060,2025-01-20,2025-01-20 15:16:00,completed
JOB-000013,RT-00005,CUST-03398,East,Standard,Maintenance,TECH-0010,2024-02-08 02:53:53.455244,2024-02-08,2024-02-08 10:35:00,completed
JOB-000014,RT-00005,CUST-00040,East,Rush,Install,TECH-0010,2024-02-08 01:30:29.257259,2024-02-08,2024-02-08 11:40:00,completed
JOB-000015,RT-00005,CUST-01263,East,Standard,Maintenance,TECH-0010,2024-02-07 08:33:29.055352,2024-02-08,2024-02-08 12:52:00,completed
JOB-000016,RT-00006,CUST-00666,West,Emergency,Repair,TECH-0002,2024-05-28 06:23:44.046015,2024-05-28,2024-05-28 09:36:00,completed
JOB-000017,RT-00006,CUST-01017,West,Rush,Maintenance,TECH-0002,2024-05-27 22:10:26.892903,2024-05-28,2024-05-28 11:57:00,completed
JOB-000018,RT-00006,CUST-03762,West,Standard,Inspection,TECH-0002,2024-05-27 23:30:07.663724,2024-05-28,2024-05-28 13:04:00,completed
JOB-000019,RT-00007,CUST-03456,Central,Emergency,Maintenance,TECH-0029,2023-11-23 06:05:04.341811,2023-11-23,2023-11-23 08:27:00,completed
JOB-000020,RT-00007,CUST-01780,Central,Standard,Maintenance,TECH-0029,2023-11-22 23:51:49.036521,2023-11-23,,no_show
JOB-000021,RT-00007,CUST-01787,Central,Standard,Install,TECH-0029,2023-11-23 04:36:49.173060,2023-11-23,2023-11-23 13:04:00,completed
JOB-000022,RT-00008,CUST-02732,Central,Rush,Inspection,TECH-0020,2023-10-10 00:15:35.384782,2023-10-10,2023-10-10 10:32:00,completed
JOB-000023,RT-00008,CUST-03065,Central,Standard,Repair,TECH-0020,2023-10-09 14:21:03.388104,2023-10-10,2023-10-10 12:37:00,completed
JOB-000024,RT-00008,CUST-02376,Central,Standard,Maintenance,TECH-0020,2023-10-09 14:31:05.717042,2023-10-10,2023-10-10 15:29:00,completed
JOB-000025,RT-00008,CUST-02699,Central,Standard,Install,TECH-0020,2023-10-09 03:45:03.706963,2023-10-10,2023-10-10 17:22:00,completed
JOB-000026,RT-00009,CUST-03148,Central,Standard,Install,TECH-0024,2025-06-05 01:14:14.202667,2025-06-06,2025-06-06 09:18:00,completed
JOB-000027,RT-00009,CUST-02817,Central,Rush,Install,TECH-0024,2025-06-06 06:44:11.147365,2025-06-06,2025-06-06 11:06:00,completed
JOB-000028,RT-00009,CUST-01021,Central,Standard,Install,TECH-0024,2025-06-06 05:09:25.407794,2025-06-06,,no_show
JOB-000029,RT-00009,CUST-03652,Central,Rush,Inspection,TECH-0024,2025-06-05 22:01:57.861144,2025-06-06,,no_show
JOB-000030,RT-00010,CUST-01802,South,Rush,Install,TECH-0019,2024-09-02 10:53:02.578803,2024-09-03,2024-09-03 09:46:00,completed
JOB-000031,RT-00010,CUST-00626,South,Standard,Repair,TECH-0019,2024-09-02 07:01:41.901804,2024-09-03,2024-09-03 12:10:00,completed
JOB-000032,RT-00010,CUST-02393,South,Standard,Install,TECH-0019,2024-09-02 13:54:49.266785,2024-09-03,2024-09-03 14:08:00,completed
JOB-000033,RT-00010,CUST-02205,South,Emergency,Repair,TECH-0019,2024-09-03 11:18:22.839183,2024-09-03,2024-09-03 15:15:00,completed
JOB-000034,RT-00010,CUST-03443,South,Standard,Inspection,TECH-0019,2024-09-02 00:48:54.255812,2024-09-03,2024-09-03 18:07:00,completed
JOB-000035,RT-00011,CUST-01383,South,Rush,Inspection,TECH-0023,2025-02-04 02:20:22.955985,2025-02-04,2025-02-04 09:09:00,completed
JOB-000036,RT-00011,CUST-01434,South,Standard,Repair,TECH-9999,2025-02-03 05:51:56.022809,2025-02-04,2025-02-04 11:43:00,completed
JOB-000037,RT-00012,CUST-02866,Central,Standard,Maintenance,TECH-0024,2023-02-27 17:50:34.416720,2023-02-28,2023-02-28 08:47:00,completed
JOB-000038,RT-00012,CUST-03805,Central,Rush,Maintenance,TECH-0024,2023-02-27 23:39:11.024445,2023-02-28,2023-02-28 10:09:00,completed
JOB-000039,RT-00013,CUST-03206,North,Rush,Install,TECH-0014,2024-07-22 15:45:32.405018,2024-07-23,2024-07-23 09:08:00,completed
JOB-000040,RT-00013,CUST-02008,North,Standard,Install,TECH-9999,2024-07-22 11:11:02.695451,2024-07-23,2024-07-23 11:34:00,completed
JOB-000041,RT-00013,CUST-01107,North,Rush,Inspection,TECH-0014,2024-07-22 20:42:04.418513,2024-07-23,2024-07-23 14:28:00,completed
JOB-000042,RT-00014,CUST-03486,South,Standard,Maintenance,TECH-0027,2025-04-27 02:44:37.044988,2025-04-29,2025-04-29 10:45:00,completed
JOB-000043,RT-00014,CUST-00042,South,Rush,Repair,TECH-0027,2025-04-28 05:09:13.801453,2025-04-29,2025-04-29 12:56:00,completed
JOB-000044,RT-00014,CUST-03248,South,Standard,Install,TECH-0027,2025-04-28 04:45:48.980681,2025-04-29,2025-04-29 15:15:00,completed
JOB-000045,RT-00014,CUST-01743,South,Rush,Maintenance,TECH-0027,2025-04-29 07:24:03.933607,2025-04-29,2025-04-29 17:33:00,completed
JOB-000046,RT-00015,CUST-02445,East,Standard,Maintenance,TECH-0010,2024-03-13 01:25:29.434096,2024-03-14,2024-03-14 08:29:00,completed
JOB-000047,RT-00015,CUST-03991,East,Standard,Install,TECH-9999,2024-03-11 09:14:41.804836,2024-03-14,2024-03-14 10:20:00,completed
JOB-000048,RT-00015,CUST-01961,East,Rush,Inspection,TECH-0010,2024-03-14 08:00:17.937366,2024-03-14,2024-03-14 11:57:00,completed
JOB-000049,RT-00015,CUST-02364,East,Standard,Install,TECH-0010,2024-03-14 05:35:29.599878,2024-03-14,2024-03-14 13:01:00,completed
JOB-000050,RT-00016,CUST-02411,North,Rush,Inspection,TECH-0021,2024-03-12 02:17:22.930844,2024-03-12,2024-03-12 09:02:00,completed
JOB-000051,RT-00016,CUST-00865,North,Rush,Maintenance,TECH-0021,2024-03-12 05:23:59.453086,2024-03-12,2024-03-12 10:06:00,completed
JOB-000052,RT-00017,CUST-02816,South,Standard,Repair,TECH-0009,2023-09-04 20:40:06.770798,2023-09-06,2023-09-06 09:56:00,completed
JOB-000053,RT-00017,CUST-00293,South,Standard,Install,TECH-0009,2023-09-04 14:23:47.627078,2023-09-06,2023-09-06 11:32:00,completed
JOB-000054,RT-00018,CUST-01770,South,Emergency,Maintenance,TECH-0023,2025-03-26 07:12:56.490998,2025-03-26,2025-03-26 10:42:00,completed
JOB-000055,RT-00018,CUST-03133,South,Standard,Maintenance,TECH-0023,2025-03-23 05:55:59.291805,2025-03-26,2025-03-26 12:13:00,completed
JOB-000056,RT-00018,CUST-02601,South,Standard,Inspection,TECH-0023,2025-03-26 00:59:52.119080,2025-03-26,2025-03-26 14:03:00,completed
JOB-000057,RT-00018,CUST-01181,South,Standard,Inspection,TECH-0023,2025-03-25 19:47:19.099689,2025-03-26,2025-03-26 16:22:00,completed
JOB-000058,RT-00019,CUST-01893,West,Rush,Inspection,TECH-9999,2024-10-13 18:57:34.155847,2024-10-14,2024-10-14 11:03:00,completed
JOB-000059,RT-00019,CUST-01094,West,Rush,Repair,TECH-0002,2024-10-14 09:29:32.964140,2024-10-14,2024-10-14 13:08:00,completed
JOB-000060,RT-00020,CUST-00482,East,Standard,Repair,TECH-0026,2024-11-24 11:59:51.907248,2024-11-26,2024-11-26 08:33:00,completed
JOB-000061,RT-00020,CUST-02258,East,Standard,Repair,TECH-0026,2024-11-21 06:41:36.050509,2024-11-26,2024-11-26 10:48:00,completed
JOB-000062,RT-00021,CUST-02704,South,Standard,Inspection,TECH-0023,2024-12-28 15:15:03.813859,2024-12-30,2024-12-30 10:35:00,completed
JOB-000063,RT-00021,CUST-00773,South,Standard,Repair,TECH-0023,2024-12-27 20:24:30.872990,2024-12-30,2024-12-30 13:17:00,completed
JOB-000064,RT-00021,CUST-02719,South,Standard,Repair,TECH-0023,2024-12-26 06:49:29.357568,2024-12-30,2024-12-30 16:08:00,completed
JOB-000065,RT-00022,CUST-00307,West,Standard,Inspection,TECH-0005,2024-12-18 09:20:18.843824,2024-12-20,2024-12-20 10:17:00,completed
JOB-000066,RT-00022,CUST-01557,West,Rush,Maintenance,TECH-0005,2024-12-19 20:49:35.522055,2024-12-20,2024-12-20 12:44:00,completed
JOB-000067,RT-00022,CUST-03773,West,Rush,Maintenance,TECH-0005,2024-12-20 03:05:57.305090,2024-12-20,2024-12-20 15:58:00,completed
JOB-000068,RT-00022,CUST-00682,West,Emergency,Maintenance,TECH-0005,2024-12-20 15:44:23.152256,2024-12-20,2024-12-20 18:33:00,completed
JOB-000069,RT-00023,CUST-02539,South,Standard,Repair,TECH-0012,2023-03-22 01:38:31.413255,2023-03-22,2023-03-22 11:12:00,completed
JOB-000070,RT-00023,CUST-01906,South,Standard,Maintenance,TECH-0012,2023-03-21 02:32:32.430385,2023-03-22,2023-03-22 12:49:00,completed
JOB-000071,RT-00023,CUST-01025,South,Standard,Inspection,TECH-0012,2023-03-21 05:35:12.109546,2023-03-22,2023-03-22 14:20:00,completed
JOB-000072,RT-00023,CUST-02865,South,Rush,Maintenance,TECH-0012,2023-03-21 22:13:02.134276,2023-03-22,2023-03-22 16:47:00,completed
JOB-000073,RT-00024,CUST-00779,Central,Rush,Maintenance,TECH-0025,2024-07-22 03:30:53.754898,2024-07-22,2024-07-22 09:21:00,completed
JOB-000074,RT-00024,CUST-01806,Central,Rush,Install,TECH-0025,2024-07-22 04:35:57.624267,2024-07-22,,cancelled
JOB-000075,RT-00024,CUST-00542,Central,Standard,Maintenance,TECH-0025,2024-07-22 00:12:18.612842,2024-07-22,2024-07-22 12:49:00,completed
JOB-000076,RT-00024,CUST-03304,Central,Rush,Maintenance,TECH-0025,2024-07-22 05:18:20.217187,2024-07-22,2024-07-22 15:01:00,completed
JOB-000077,RT-00025,CUST-00058,Central,Emergency,Maintenance,TECH-0029,2023-06-14 04:26:05.793424,2023-06-14,2023-06-14 09:40:00,completed
JOB-000078,RT-00025,CUST-03852,Central,Rush,Maintenance,TECH-0029,2023-06-13 21:03:49.465734,2023-06-14,2023-06-14 12:18:00,completed
JOB-000079,RT-00025,CUST-00907,Central,Standard,Install,TECH-0029,2023-06-12 16:17:43.464055,2023-06-14,2023-06-14 14:54:00,completed
JOB-000080,RT-00025,CUST-02018,Central,Rush,Install,TECH-0029,2023-06-14 14:10:30.545076,2023-06-14,2023-06-14 17:21:00,completed
JOB-000081,RT-00025,CUST-02213,Central,Standard,Inspection,TECH-0029,2023-06-13 06:58:16.935725,2023-06-14,2023-06-14 18:31:00,completed
JOB-000082,RT-00026,CUST-02809,West,Standard,Maintenance,TECH-0005,2024-08-15 13:14:30.531461,2024-08-16,2024-08-16 11:06:00,completed
JOB-000083,RT-00026,CUST-03376,West,Standard,Inspection,TECH-0005,2024-08-14 14:04:36.691139,2024-08-16,2024-08-16 13:41:00,completed
JOB-000084,RT-00027,CUST-03563,Central,Standard,Repair,TECH-0024,2025-05-05 18:24:53.305856,2025-05-06,2025-05-06 09:07:00,completed
JOB-000085,RT-00027,CUST-03271,Central,Standard,Repair,TECH-0024,2025-05-05 05:51:49.871633,2025-05-06,,no_show
JOB-000086,RT-00028,CUST-01837,East,Standard,Maintenance,TECH-0001,2023-07-06 09:37:54.669493,2023-07-07,2023-07-07 10:06:00,completed
JOB-000087,RT-00028,CUST-02136,East,Standard,Maintenance,TECH-0001,2023-07-05 20:20:16.843837,2023-07-07,,cancelled
JOB-000088,RT-00029,CUST-02594,East,Standard,Maintenance,TECH-0001,2023-03-28 15:43:09.429029,2023-03-29,2023-03-29 11:51:00,completed
JOB-000089,RT-00029,CUST-02667,East,Standard,Repair,TECH-0001,2023-03-28 01:32:18.140102,2023-03-29,2023-03-29 14:00:00,completed
JOB-000090,RT-00029,CUST-01281,East,Standard,Maintenance,TECH-0001,2023-03-25 16:44:56.384856,2023-03-29,2023-03-29 15:55:00,completed
JOB-000091,RT-00029,CUST-03326,East,Standard,Repair,TECH-0001,2023-03-29 08:13:04.193882,2023-03-29,2023-03-29 18:49:00,completed
JOB-000092,RT-00029,CUST-03752,East,Rush,Install,TECH-0001,2023-03-29 04:26:58.987082,2023-03-29,2023-03-29 21:18:00,completed
JOB-000093,RT-00030,CUST-01758,South,Standard,Install,TECH-0011,2024-05-18 13:50:54.467366,2024-05-20,2024-05-20 08:54:00,completed
JOB-000094,RT-00030,CUST-00744,South,Standard,Repair,TECH-0011,2024-05-15 13:52:33.987338,2024-05-20,2024-05-20 11:10:00,completed
JOB-000095,RT-00031,CUST-03619,South,Standard,Install,TECH-0003,2023-07-22 10:23:41.064043,2023-07-24,2023-07-24 09:36:00,completed
JOB-000096,RT-00031,CUST-01119,South,Rush,Repair,TECH-0003,2023-07-24 01:37:54.267936,2023-07-24,2023-07-24 10:27:00,completed
JOB-000097,RT-00032,CUST-03873,Central,Standard,Repair,TECH-0013,2024-09-08 20:28:19.377102,2024-09-09,,no_show
JOB-000098,RT-00032,CUST-01558,Central,Standard,Repair,TECH-0013,2024-09-08 22:33:09.943383,2024-09-09,2024-09-09 11:51:00,completed
JOB-000099,RT-00033,CUST-01711,Central,Rush,Maintenance,TECH-0025,2024-05-21 20:58:27.056075,2024-05-22,2024-05-22 09:16:00,completed
JOB-000100,RT-00033,CUST-01483,Central,Standard,Install,TECH-0025,2024-05-20 23:12:25.769493,2024-05-22,,cancelled
JOB-000101,RT-00034,CUST-03711,South,Standard,Maintenance,TECH-0009,2024-09-16 23:12:58.180250,2024-09-17,2024-09-17 09:30:00,completed
JOB-000102,RT-00034,CUST-02685,South,Standard,Install,TECH-0009,2024-09-16 03:31:40.000733,2024-09-17,2024-09-17 10:59:00,completed
JOB-000103,RT-00034,CUST-02634,South,Standard,Maintenance,TECH-0009,2024-09-16 01:21:48.457035,2024-09-17,2024-09-17 13:46:00,completed
JOB-000104,RT-00034,CUST-02079,South,Standard,Install,TECH-0009,2024-09-15 20:46:38.396783,2024-09-17,2024-09-17 16:48:00,completed
JOB-000105,RT-00034,CUST-02520,South,Standard,Inspection,TECH-0009,2024-09-15 23:15:22.794626,2024-09-17,2024-09-17 17:46:00,completed
JOB-000106,RT-00035,CUST-02926,Central,Emergency,Install,TECH-0029,2023-03-01 04:54:35.408094,2023-03-01,2023-03-01 09:16:00,completed
JOB-000107,RT-00035,CUST-00651,Central,Standard,Maintenance,TECH-0029,2023-02-28 06:57:56.711214,2023-03-01,2023-03-01 10:28:00,completed
JOB-000108,RT-00035,CUST-02652,Central,Standard,Maintenance,TECH-0029,2023-02-27 20:17:26.454040,2023-03-01,2023-03-01 13:00:00,completed
JOB-000109,RT-00035,CUST-03577,Central,Standard,Repair,TECH-0029,2023-02-27 17:21:15.316769,2023-03-01,2023-03-01 15:12:00,completed
JOB-000110,RT-00035,CUST-00529,Central,Emergency,Install,TECH-0029,2023-03-01 12:59:01.175381,2023-03-01,2023-03-01 16:39:00,completed
JOB-000111,RT-00036,CUST-00787,Central,Standard,Repair,TECH-0024,2024-04-14 18:44:20.856705,2024-04-16,,no_show
JOB-000112,RT-00036,CUST-03620,Central,Rush,Install,TECH-0024,2024-04-15 21:05:23.529362,2024-04-16,2024-04-16 12:12:00,completed
JOB-000113,RT-00036,CUST-02559,Central,Standard,Repair,TECH-0024,2024-04-15 02:34:53.250488,2024-04-16,2024-04-16 13:57:00,completed
JOB-000114,RT-00037,CUST-03880,East,Standard,Inspection,TECH-0015,2024-06-01 23:11:46.900340,2024-06-06,2024-06-06 10:29:00,completed
JOB-000115,RT-00037,CUST-03576,East,Standard,Maintenance,TECH-0015,2024-06-05 22:20:47.879339,2024-06-06,2024-06-06 13:05:00,completed
JOB-000116,RT-00037,CUST-03126,East,Standard,Repair,TECH-0015,2024-06-02 01:31:35.774757,2024-06-06,2024-06-06 15:13:00,completed
JOB-000117,RT-00038,CUST-00920,South,Standard,Install,TECH-0019,2023-07-29 01:18:21.345945,2023-07-31,2023-07-31 08:19:00,completed
JOB-000118,RT-00038,CUST-00569,South,Rush,Inspection,TECH-0019,2023-07-30 19:22:12.874510,2023-07-31,2023-07-31 10:34:00,completed
JOB-000119,RT-00038,CUST-01734,South,Standard,Install,TECH-0019,2023-07-29 13:49:48.209624,2023-07-31,2023-07-31 11:52:00,completed
JOB-000120,RT-00038,CUST-03708,South,Standard,Inspection,TECH-0019,2023-07-28 21:38:22.328124,2023-07-31,2023-07-31 13:11:00,completed
JOB-000121,RT-00038,CUST-00768,South,Rush,Install,TECH-9999,2023-07-31 07:41:27.933860,2023-07-31,2023-07-31 15:20:00,completed
JOB-000122,RT-00039,CUST-02574,South,Standard,Install,TECH-0003,2025-01-22 13:46:43.285083,2025-01-23,2025-01-23 10:52:00,completed
JOB-000123,RT-00039,CUST-02805,South,Standard,Inspection,TECH-0003,2025-01-22 03:22:01.174393,2025-01-23,2025-01-23 13:24:00,completed
JOB-000124,RT-00040,CUST-03340,North,Rush,Inspection,TECH-0006,2023-07-13 01:29:35.900993,2023-07-13,2023-07-13 09:39:00,completed
JOB-000125,RT-00040,CUST-01120,North,Standard,Install,TECH-0006,2023-07-12 01:13:52.151379,2023-07-13,2023-07-13 11:13:00,completed
JOB-000126,RT-00041,CUST-00324,North,Emergency,Inspection,TECH-0014,2024-09-23 05:57:24.402121,2024-09-23,2024-09-23 10:50:00,completed
JOB-000127,RT-00041,CUST-01256,North,Standard,Inspection,TECH-0014,2024-09-22 02:33:10.395321,2024-09-23,2024-09-23 12:44:00,completed
JOB-000128,RT-00041,CUST-01445,North,Rush,Inspection,TECH-0014,2024-09-22 23:28:57.992547,2024-09-23,2024-09-23 14:34:00,completed
JOB-000129,RT-00041,CUST-02783,North,Standard,Repair,TECH-0014,2024-09-21 23:46:06.397471,2024-09-23,2024-09-23 15:35:00,completed
JOB-000130,RT-00041,CUST-01569,North,Standard,Install,TECH-0014,2024-09-22 19:38:53.569860,2024-09-23,2024-09-23 17:58:00,completed
JOB-000131,RT-00042,CUST-02045,East,Standard,Inspection,TECH-0016,2024-06-13 23:46:29.739767,2024-06-14,2024-06-14 10:39:00,completed
JOB-000132,RT-00042,CUST-00820,East,Rush,Install,TECH-0016,2024-06-13 23:59:25.045384,2024-06-14,2024-06-14 12:50:00,completed
JOB-000133,RT-00042,CUST-01310,East,Standard,Maintenance,TECH-0016,2024-06-12 21:28:14.706212,2024-06-14,2024-06-14 15:23:00,completed
JOB-000134,RT-00042,CUST-03251,East,Rush,Maintenance,TECH-0016,2024-06-14 01:23:24.479337,2024-06-14,2024-06-14 17:52:00,completed
JOB-000135,RT-00043,CUST-00270,Central,Standard,Maintenance,TECH-0008,2023-07-17 13:38:35.362821,2023-07-19,,no_show
JOB-000136,RT-00043,CUST-03983,Central,Standard,Maintenance,TECH-0008,2023-07-19 03:47:17.887075,2023-07-19,2023-07-19 13:24:00,completed
JOB-000137,RT-00043,CUST-02621,Central,Rush,Repair,TECH-0008,2023-07-19 01:32:45.801843,2023-07-19,2023-07-19 16:34:00,completed
JOB-000138,RT-00044,CUST-00324,East,Emergency,Maintenance,TECH-0015,2024-12-20 02:01:26.687452,2024-12-20,2024-12-20 09:26:00,completed
JOB-000139,RT-00044,CUST-03857,East,Standard,Repair,TECH-0015,2024-12-17 13:54:20.276070,2024-12-20,2024-12-20 11:18:00,completed
JOB-000140,RT-00045,CUST-02569,South,Rush,Maintenance,TECH-0027,2025-05-15 20:39:54.475621,2025-05-16,2025-05-16 08:42:00,completed
JOB-000141,RT-00045,CUST-00648,South,Standard,Inspection,TECH-0027,2025-05-15 09:35:38.609340,2025-05-16,2025-05-16 11:56:00,completed
JOB-000142,RT-00045,CUST-01415,South,Standard,Inspection,TECH-0027,2025-05-15 18:29:00.283405,2025-05-16,2025-05-16 13:44:00,completed
JOB-000143,RT-00045,CUST-01189,South,Standard,Inspection,TECH-0027,2025-05-14 23:16:17.087421,2025-05-16,2025-05-16 14:49:00,completed
JOB-000144,RT-00046,CUST-03960,South,Standard,Repair,TECH-0009,2023-08-15 10:59:35.123835,2023-08-17,2023-08-17 10:54:00,completed
JOB-000145,RT-00046,CUST-02199,South,Standard,Install,TECH-0009,2023-08-16 02:29:45.210157,2023-08-17,2023-08-17 11:49:00,completed
JOB-000146,RT-00046,CUST-00798,South,Rush,Maintenance,TECH-0009,2023-08-17 05:04:28.592465,2023-08-17,2023-08-17 13:32:00,completed
JOB-000147,RT-00046,CUST-00487,South,Standard,Repair,TECH-0009,2023-08-15 14:45:48.033022,2023-08-17,2023-08-17 16:15:00,completed
JOB-000148,RT-00047,CUST-02128,Central,Standard,Inspection,TECH-0029,2024-04-29 16:40:31.808537,2024-05-01,2024-05-01 10:31:00,completed
JOB-000149,RT-00047,CUST-03029,Central,Standard,Maintenance,TECH-0029,2024-04-29 11:14:46.467170,2024-05-01,2024-05-01 11:45:00,completed
JOB-000150,RT-00047,CUST-01509,Central,Standard,Maintenance,TECH-0029,2024-04-29 20:38:25.384814,2024-05-01,2024-05-01 15:02:00,completed
JOB-000151,RT-00047,CUST-00110,Central,Standard,Inspection,TECH-0029,2024-04-30 05:38:33.885649,2024-05-01,2024-05-01 18:01:00,completed
JOB-000152,RT-00048,CUST-00451,Central,Standard,Repair,TECH-0029,2025-04-07 10:21:44.300948,2025-04-09,2025-04-09 10:02:00,completed
JOB-000153,RT-00048,CUST-03771,Central,Standard,Inspection,TECH-0029,2025-04-07 20:07:04.387394,2025-04-09,2025-04-09 12:20:00,completed
JOB-000154,RT-00048,CUST-03919,Central,Standard,Repair,TECH-0029,2025-04-08 15:58:10.955452,2025-04-09,,no_show
JOB-000155,RT-00049,CUST-00850,South,Standard,Inspection,TECH-0012,2025-02-19 12:40:10.417436,2025-02-21,2025-02-21 10:38:00,completed
JOB-000156,RT-00049,CUST-01414,South,Standard,Repair,TECH-0012,2025-02-16 18:15:30.011519,2025-02-21,2025-02-21 12:38:00,completed
JOB-000157,RT-00049,CUST-02207,South,Standard,Maintenance,TECH-0012,2025-02-18 19:53:35.996319,2025-02-21,2025-02-21 13:46:00,completed
JOB-000158,RT-00049,CUST-00925,South,Standard,Repair,TECH-0012,2025-02-21 08:16:58.755895,2025-02-21,2025-02-21 15:26:00,completed
JOB-000159,RT-00050,CUST-03949,South,Standard,Maintenance,TECH-0012,2024-11-04 14:43:47.601342,2024-11-07,,cancelled
JOB-000160,RT-00050,CUST-03837,South,Emergency,Install,TECH-0012,2024-11-07 06:59:35.444262,2024-11-07,2024-11-07 09:50:00,completed
JOB-000161,RT-00051,CUST-01166,East,Rush,Inspection,TECH-0015,2023-09-11 06:29:25.762698,2023-09-11,2023-09-11 10:40:00,completed
JOB-000162,RT-00051,CUST-01355,East,Rush,Repair,TECH-0015,2023-09-11 06:25:26.797599,2023-09-11,2023-09-11 13:57:00,completed
JOB-000163,RT-00052,CUST-00356,East,Standard,Inspection,TECH-0010,2023-09-23 16:52:44.811676,2023-09-25,2023-09-25 10:25:00,completed
JOB-000164,RT-00052,CUST-01094,East,Standard,Maintenance,TECH-9999,2023-09-24 14:24:21.816517,2023-09-25,,cancelled
JOB-000165,RT-00053,CUST-02882,North,Standard,Maintenance,TECH-0021,2023-01-15 13:04:53.250221,2023-01-17,2023-01-17 10:47:00,completed
JOB-000166,RT-00053,CUST-01864,North,Standard,Maintenance,TECH-0021,2023-01-16 10:38:35.987082,2023-01-17,2023-01-17 13:16:00,completed
JOB-000167,RT-00053,CUST-02787,North,Rush,Install,TECH-0021,2023-01-17 01:26:19.580522,2023-01-17,2023-01-17 16:12:00,completed
JOB-000168,RT-00053,CUST-02071,North,Standard,Repair,TECH-0021,2023-01-16 12:49:12.359004,2023-01-17,2023-01-17 18:47:00,completed
JOB-000169,RT-00054,CUST-01702,North,Rush,Inspection,TECH-0006,2024-04-15 05:11:15.005650,2024-04-15,2024-04-15 08:53:00,completed
JOB-000170,RT-00054,CUST-00013,North,Rush,Repair,TECH-0006,2024-04-15 04:49:59.310170,2024-04-15,2024-04-15 11:57:00,completed
JOB-000171,RT-00054,CUST-00283,North,Standard,Inspection,TECH-0006,2024-04-13 15:36:42.084657,2024-04-15,2024-04-15 14:52:00,completed
JOB-000172,RT-00054,CUST-01722,North,Rush,Maintenance,TECH-0006,2024-04-15 04:22:42.435823,2024-04-15,2024-04-15 16:10:00,completed
JOB-000173,RT-00054,CUST-02677,North,Standard,Maintenance,TECH-0006,2024-04-14 13:00:14.838195,2024-04-15,2024-04-15 18:40:00,completed
JOB-000174,RT-00055,CUST-01014,Central,Rush,Inspection,TECH-0020,2024-07-16 17:49:58.536382,2024-07-17,2024-07-17 09:29:00,completed
JOB-000175,RT-00055,CUST-01718,Central,Emergency,Install,TECH-0020,2024-07-17 06:43:52.044522,2024-07-17,2024-07-17 11:09:00,completed
JOB-000176,RT-00055,CUST-01003,Central,Standard,Install,TECH-0020,2024-07-15 17:11:21.553023,2024-07-17,2024-07-17 12:19:00,completed
JOB-000177,RT-00056,CUST-03590,Central,Standard,Repair,TECH-0020,2023-11-07 17:28:34.400891,2023-11-08,2023-11-08 09:35:00,completed
JOB-000178,RT-00056,CUST-03734,Central,Standard,Repair,TECH-0020,2023-11-06 15:44:33.319671,2023-11-08,2023-11-08 12:32:00,completed
JOB-000179,RT-00057,CUST-00988,Central,Standard,Repair,TECH-0020,2024-12-10 05:47:52.162920,2024-12-11,2024-12-11 11:34:00,completed
JOB-000180,RT-00057,CUST-02283,Central,Rush,Repair,TECH-0020,2024-12-10 20:31:59.545818,2024-12-11,,cancelled
JOB-000181,RT-00058,CUST-00299,Central,Standard,Repair,TECH-0008,2024-04-18 03:00:35.667414,2024-04-18,2024-04-18 09:53:00,completed
JOB-000182,RT-00058,CUST-00063,Central,Standard,Repair,TECH-0008,2024-04-16 12:33:28.069933,2024-04-18,2024-04-18 11:55:00,completed
JOB-000183,RT-00059,CUST-02101,South,Rush,Inspection,TECH-0027,2023-06-18 15:13:19.958401,2023-06-19,2023-06-19 09:32:00,completed
JOB-000184,RT-00059,CUST-03540,South,Rush,Repair,TECH-0027,2023-06-18 19:22:45.748551,2023-06-19,2023-06-19 12:31:00,completed
JOB-000185,RT-00059,CUST-02256,South,Standard,Maintenance,TECH-0027,2023-06-16 09:14:57.887088,2023-06-19,2023-06-19 14:56:00,completed
JOB-000186,RT-00059,CUST-00694,South,Emergency,Repair,TECH-0027,2023-06-19 14:29:08.845780,2023-06-19,2023-06-19 17:47:00,completed
JOB-000187,RT-00059,CUST-00027,South,Standard,Inspection,TECH-0027,2023-06-15 10:32:16.564074,2023-06-19,2023-06-19 19:06:00,completed
JOB-000188,RT-00060,CUST-00028,South,Rush,Inspection,TECH-0009,2023-04-06 23:42:06.975704,2023-04-07,2023-04-07 08:32:00,completed
JOB-000189,RT-00060,CUST-03850,South,Standard,Repair,TECH-0009,2023-04-05 21:59:39.122327,2023-04-07,2023-04-07 10:12:00,completed
JOB-000190,RT-00060,CUST-00324,South,Standard,Maintenance,TECH-0009,2023-04-06 14:52:16.529624,2023-04-07,2023-04-07 11:26:00,completed
JOB-000191,RT-00061,CUST-00039,North,Standard,Repair,TECH-0021,2023-12-15 02:22:51.393642,2023-12-15,2023-12-15 09:19:00,completed
JOB-000192,RT-00061,CUST-03666,North,Rush,Install,TECH-0021,2023-12-14 17:57:32.653736,2023-12-15,2023-12-15 11:45:00,completed
JOB-000193,RT-00061,CUST-02225,North,Standard,Install,TECH-0021,2023-12-14 19:48:48.914620,2023-12-15,,cancelled
JOB-000194,RT-00062,CUST-03030,South,Standard,Repair,TECH-0012,2023-01-21 07:44:34.768415,2023-01-24,2023-01-24 09:20:00,completed
JOB-000195,RT-00062,CUST-02479,South,Rush,Inspection,TECH-0012,2023-01-23 22:34:46.981783,2023-01-24,2023-01-24 12:42:00,completed
JOB-000196,RT-00062,CUST-00761,South,Rush,Inspection,TECH-0012,2023-01-23 13:01:53.503417,2023-01-24,2023-01-24 14:41:00,completed
JOB-000197,RT-00063,CUST-01475,South,Rush,Maintenance,TECH-0011,2023-12-20 05:00:50.590779,2023-12-20,2023-12-20 08:48:00,completed
JOB-000198,RT-00063,CUST-02271,South,Standard,Install,TECH-0011,2023-12-19 10:50:59.840804,2023-12-20,2023-12-20 10:11:00,completed
JOB-000199,RT-00064,CUST-02020,South,Standard,Repair,TECH-0012,2024-07-04 07:02:00.110118,2024-07-05,2024-07-05 10:41:00,completed
JOB-000200,RT-00064,CUST-02561,South,Standard,Inspection,TECH-0012,2024-07-03 19:43:19.979989,2024-07-05,2024-07-05 12:25:00,completed
JOB-000201,RT-00065,CUST-03991,East,Rush,Repair,TECH-0016,2023-06-01 19:21:04.324620,2023-06-02,2023-06-02 10:32:00,completed
JOB-000202,RT-00065,CUST-02593,East,Standard,Inspection,TECH-0016,2023-06-01 16:58:28.593892,2023-06-02,2023-06-02 12:12:00,completed
JOB-000203,RT-00065,CUST-02426,East,Standard,Repair,TECH-0016,2023-06-02 03:57:20.168740,2023-06-02,2023-06-02 14:41:00,completed
JOB-000204,RT-00066,CUST-01734,East,Rush,Inspection,TECH-0001,2024-10-22 20:56:43.491436,2024-10-23,2024-10-23 11:28:00,completed
JOB-000205,RT-00066,CUST-00151,East,Standard,Maintenance,TECH-0001,2024-10-21 17:26:10.018043,2024-10-23,2024-10-23 14:04:00,completed
JOB-000206,RT-00066,CUST-02307,East,Standard,Inspection,TECH-0001,2024-10-23 03:38:51.982664,2024-10-23,2024-10-23 15:39:00,completed
JOB-000207,RT-00067,CUST-02050,Central,Standard,Repair,TECH-0029,2024-09-08 01:32:07.350884,2024-09-09,2024-09-09 08:42:00,completed
JOB-000208,RT-00067,CUST-03854,Central,Standard,Repair,TECH-0029,2024-09-09 00:07:34.616867,2024-09-09,2024-09-09 11:37:00,completed
JOB-000209,RT-00068,CUST-02655,East,Standard,Install,TECH-0016,2023-10-23 23:57:10.493755,2023-10-24,2023-10-24 11:16:00,completed
JOB-000210,RT-00068,CUST-03268,East,Standard,Inspection,TECH-0016,2023-10-23 13:23:23.089634,2023-10-24,2023-10-24 13:31:00,completed
JOB-000211,RT-00068,CUST-00019,East,Standard,Repair,TECH-0016,2023-10-23 14:34:07.318198,2023-10-24,2023-10-24 16:31:00,completed
JOB-000212,RT-00068,CUST-00467,East,Standard,Maintenance,TECH-0016,2023-10-22 12:39:11.798767,2023-10-24,2023-10-24 17:30:00,completed
JOB-000213,RT-00068,CUST-02529,East,Standard,Repair,TECH-0016,2023-10-23 23:03:28.737430,2023-10-24,2023-10-24 20:02:00,completed
JOB-000214,RT-00069,CUST-00565,Central,Standard,Inspection,TECH-0029,2024-02-29 09:22:50.925576,2024-03-01,2024-03-01 08:36:00,completed
JOB-000215,RT-00069,CUST-01848,Central,Standard,Install,TECH-0029,2024-02-29 15:22:30.525678,2024-03-01,2024-03-01 10:17:00,completed
JOB-000216,RT-00070,CUST-02316,East,Standard,Install,TECH-0001,2024-11-23 19:19:24.098241,2024-11-26,2024-11-26 10:56:00,completed
JOB-000217,RT-00070,CUST-02029,East,Standard,Install,TECH-0001,2024-11-25 06:26:40.966948,2024-11-26,2024-11-26 12:50:00,completed
JOB-000218,RT-00070,CUST-01742,East,Standard,Install,TECH-0001,2024-11-24 00:42:27.587804,2024-11-26,2024-11-26 15:29:00,completed
JOB-000219,RT-00071,CUST-03321,Central,Standard,Maintenance,TECH-0028,2023-12-20 17:45:27.744830,2023-12-21,,no_show
JOB-000220,RT-00071,CUST-00244,Central,Standard,Maintenance,TECH-0028,2023-12-20 20:41:40.273033,2023-12-21,2023-12-21 11:57:00,completed
JOB-000221,RT-00071,CUST-03515,Central,Standard,Install,TECH-0028,2023-12-20 20:55:12.858302,2023-12-21,2023-12-21 13:44:00,completed
JOB-000222,RT-00071,CUST-03548,Central,Emergency,Repair,TECH-0028,2023-12-21 13:18:27.009724,2023-12-21,,no_show
JOB-000223,RT-00072,CUST-03072,South,Standard,Maintenance,TECH-0012,2023-12-19 19:11:08.737204,2023-12-21,2023-12-21 11:07:00,completed
JOB-000224,RT-00072,CUST-00382,South,Standard,Inspection,TECH-0012,2023-12-19 17:47:05.010361,2023-12-21,2023-12-21 13:55:00,completed
JOB-000225,RT-00072,CUST-02027,South,Rush,Maintenance,TECH-0012,2023-12-20 23:13:41.056676,2023-12-21,2023-12-21 16:36:00,completed
JOB-000226,RT-00072,CUST-03123,South,Standard,Install,TECH-0012,2023-12-20 02:24:52.701289,2023-12-21,2023-12-21 18:52:00,completed
JOB-000227,RT-00072,CUST-01753,South,Standard,Repair,TECH-0012,2023-12-20 18:58:47.527262,2023-12-21,,cancelled
JOB-000228,RT-00073,CUST-01252,Central,Standard,Repair,TECH-0024,2024-03-07 11:24:39.495798,2024-03-08,,cancelled
JOB-000229,RT-00073,CUST-02786,Central,Standard,Inspection,TECH-0024,2024-03-07 20:11:51.367545,2024-03-08,2024-03-08 10:53:00,completed
JOB-000230,RT-00073,CUST-00291,Central,Rush,Repair,TECH-0024,2024-03-08 08:04:02.541841,2024-03-08,,no_show
JOB-000231,RT-00074,CUST-02500,Central,Rush,Repair,TECH-0029,2023-05-25 23:32:02.274419,2023-05-26,2023-05-26 09:53:00,completed
JOB-000232,RT-00074,CUST-03523,Central,Rush,Repair,TECH-0029,2023-05-25 23:13:05.426827,2023-05-26,2023-05-26 11:45:00,completed
JOB-000233,RT-00075,CUST-02489,West,Standard,Maintenance,TECH-0005,2023-06-26 02:50:58.753831,2023-06-27,2023-06-27 10:38:00,completed
JOB-000234,RT-00075,CUST-02647,West,Standard,Install,TECH-0005,2023-06-26 14:17:46.639082,2023-06-27,2023-06-27 13:09:00,completed
JOB-000235,RT-00075,CUST-00050,West,Standard,Maintenance,TECH-0005,2023-06-25 18:27:46.034751,2023-06-27,2023-06-27 14:22:00,completed
JOB-000236,RT-00075,CUST-03156,West,Standard,Install,TECH-0005,2023-06-25 16:52:14.647344,2023-06-27,2023-06-27 16:59:00,completed
JOB-000237,RT-00075,CUST-02076,West,Standard,Maintenance,TECH-0005,2023-06-26 02:26:16.464159,2023-06-27,2023-06-27 17:33:00,completed
JOB-000238,RT-00076,CUST-03310,Central,Standard,Repair,TECH-0028,2024-08-18 19:53:33.516957,2024-08-19,2024-08-19 09:49:00,completed
JOB-000239,RT-00076,CUST-01002,Central,Standard,Install,TECH-0028,2024-08-18 20:02:59.837712,2024-08-19,2024-08-19 11:09:00,completed
JOB-000240,RT-00076,CUST-02900,Central,Standard,Repair,TECH-0028,2024-08-19 02:30:40.227706,2024-08-19,2024-08-19 12:20:00,completed
JOB-000241,RT-00076,CUST-00684,Central,Emergency,Maintenance,TECH-0028,2024-08-19 10:16:49.665506,2024-08-19,2024-08-19 15:41:00,completed
JOB-000242,RT-00076,CUST-01759,Central,Rush,Maintenance,TECH-0028,2024-08-19 09:57:29.404579,2024-08-19,2024-08-19 17:27:00,completed
JOB-000243,RT-00077,CUST-02762,East,Rush,Install,TECH-0026,2025-04-06 20:51:00.236524,2025-04-07,2025-04-07 11:54:00,completed
JOB-000244,RT-00077,CUST-00615,East,Standard,Repair,TECH-0026,2025-04-04 19:55:48.471428,2025-04-07,2025-04-07 12:38:00,completed
JOB-000245,RT-00078,CUST-03695,West,Standard,Install,TECH-0002,2025-03-03 05:49:36.714699,2025-03-04,2025-03-04 09:36:00,completed
JOB-000246,RT-00078,CUST-03461,West,Emergency,Maintenance,TECH-0002,2025-03-04 08:38:28.857247,2025-03-04,2025-03-04 10:28:00,completed
JOB-000247,RT-00078,CUST-02551,West,Standard,Repair,TECH-0002,2025-03-03 17:35:40.765729,2025-03-04,2025-03-04 13:14:00,completed
JOB-000248,RT-00078,CUST-03261,West,Emergency,Repair,TECH-0002,2025-03-04 11:35:01.450225,2025-03-04,2025-03-04 16:19:00,completed
JOB-000249,RT-00078,CUST-00040,West,Standard,Maintenance,TECH-0002,2025-03-03 06:07:15.808284,2025-03-04,2025-03-04 18:42:00,completed
JOB-000250,RT-00079,CUST-00949,North,Emergency,Inspection,TECH-0014,2024-03-15 07:26:07.346413,2024-03-15,2024-03-15 08:26:00,completed
JOB-000251,RT-00079,CUST-03359,North,Emergency,Inspection,TECH-0014,2024-03-15 08:34:57.563022,2024-03-15,2024-03-15 11:37:00,completed
JOB-000252,RT-00080,CUST-00306,West,Rush,Repair,TECH-0002,2024-09-16 02:51:14.382921,2024-09-16,2024-09-16 09:56:00,completed
JOB-000253,RT-00080,CUST-02196,West,Standard,Maintenance,TECH-0002,2024-09-15 12:20:48.411778,2024-09-16,2024-09-16 11:01:00,completed
JOB-000254,RT-00080,CUST-03385,West,Standard,Install,TECH-0002,2024-09-15 01:12:48.912877,2024-09-16,2024-09-16 13:42:00,completed
JOB-000255,RT-00081,CUST-03065,South,Standard,Repair,TECH-0012,2023-07-31 10:17:24.271331,2023-08-01,,no_show
JOB-000256,RT-00081,CUST-01641,South,Standard,Maintenance,TECH-0012,2023-07-30 22:07:12.855434,2023-08-01,2023-08-01 10:52:00,completed
JOB-000257,RT-00082,CUST-00502,Central,Rush,Install,TECH-0024,2023-05-01 18:06:00.090742,2023-05-02,2023-05-02 09:27:00,completed
JOB-000258,RT-00082,CUST-00708,Central,Rush,Maintenance,TECH-0024,2023-05-01 22:51:06.502495,2023-05-02,2023-05-02 12:16:00,completed
JOB-000259,RT-00082,CUST-01007,Central,Standard,Maintenance,TECH-0024,2023-05-01 05:24:22.434663,2023-05-02,2023-05-02 14:09:00,completed
JOB-000260,RT-00082,CUST-03624,Central,Standard,Repair,TECH-0024,2023-05-02 02:03:25.883424,2023-05-02,2023-05-02 17:12:00,completed
JOB-000261,RT-00083,CUST-01307,Central,Emergency,Repair,TECH-0020,2023-01-27 08:33:32.485705,2023-01-27,2023-01-27 11:17:00,completed
JOB-000262,RT-00083,CUST-00954,Central,Standard,Repair,TECH-0020,2023-01-25 21:43:32.200517,2023-01-27,,no_show
JOB-000263,RT-00083,CUST-03883,Central,Standard,Repair,TECH-0020,2023-01-27 06:47:24.068913,2023-01-27,2023-01-27 14:36:00,completed
JOB-000264,RT-00083,CUST-02427,Central,Standard,Maintenance,TECH-0020,2023-01-27 03:37:05.701775,2023-01-27,2023-01-27 17:21:00,completed
JOB-000265,RT-00083,CUST-03885,Central,Rush,Repair,TECH-0020,2023-01-27 15:07:06.476318,2023-01-27,2023-01-27 18:42:00,completed
JOB-000266,RT-00084,CUST-02516,Central,Rush,Repair,TECH-0017,2025-02-17 01:58:26.364347,2025-02-17,2025-02-17 09:16:00,completed
JOB-000267,RT-00084,CUST-02403,Central,Emergency,Repair,TECH-0017,2025-02-17 09:14:04.175901,2025-02-17,2025-02-17 10:39:00,completed
JOB-000268,RT-00084,CUST-00414,Central,Emergency,Maintenance,TECH-0017,2025-02-17 09:11:59.459908,2025-02-17,2025-02-17 12:49:00,completed
JOB-000269,RT-00084,CUST-01300,Central,Rush,Repair,TECH-0017,2025-02-17 04:59:31.198967,2025-02-17,2025-02-17 14:18:00,completed
JOB-000270,RT-00085,CUST-03158,East,Standard,Install,TECH-0026,2025-05-24 08:53:08.149847,2025-05-29,2025-05-29 09:24:00,completed
JOB-000271,RT-00085,CUST-01421,East,Rush,Maintenance,TECH-0026,2025-05-28 18:14:03.952966,2025-05-29,2025-05-29 11:01:00,completed
JOB-000272,RT-00085,CUST-00859,East,Rush,Repair,TECH-0026,2025-05-28 19:39:20.775033,2025-05-29,2025-05-29 12:03:00,completed
JOB-000273,RT-00085,CUST-00682,East,Rush,Inspection,TECH-0026,2025-05-29 05:22:36.112368,2025-05-29,2025-05-29 14:22:00,completed
JOB-000274,RT-00086,CUST-01306,Central,Standard,Maintenance,TECH-0013,2025-02-20 15:32:26.475682,2025-02-21,2025-02-21 09:48:00,completed
JOB-000275,RT-00086,CUST-00382,Central,Rush,Maintenance,TECH-0013,2025-02-20 18:56:20.956249,2025-02-21,2025-02-21 11:07:00,completed
JOB-000276,RT-00086,CUST-01779,Central,Rush,Repair,TECH-0013,2025-02-21 01:48:24.848215,2025-02-21,2025-02-21 14:18:00,completed
JOB-000277,RT-00086,CUST-02213,Central,Emergency,Maintenance,TECH-0013,2025-02-21 10:47:44.756396,2025-02-21,2025-02-21 15:43:00,completed
JOB-000278,RT-00086,CUST-00224,Central,Standard,Maintenance,TECH-0013,2025-02-20 14:58:53.793101,2025-02-21,2025-02-21 17:55:00,completed
JOB-000279,RT-00087,CUST-03666,South,Emergency,Maintenance,TECH-0011,2025-06-16 03:59:24.166264,2025-06-16,2025-06-16 08:45:00,completed
JOB-000280,RT-00087,CUST-01905,South,Standard,Maintenance,TECH-0011,2025-06-13 19:36:11.912476,2025-06-16,2025-06-16 10:59:00,completed
JOB-000281,RT-00087,CUST-01696,South,Standard,Repair,TECH-0011,2025-06-15 01:59:06.438055,2025-06-16,2025-06-16 11:58:00,completed
JOB-000282,RT-00087,CUST-03612,South,Rush,Repair,TECH-0011,2025-06-15 22:42:47.723260,2025-06-16,2025-06-16 14:42:00,completed
JOB-000283,RT-00087,CUST-02776,South,Emergency,Repair,TECH-0011,2025-06-16 11:44:23.856670,2025-06-16,2025-06-16 17:23:00,completed
JOB-000284,RT-00088,CUST-01057,East,Emergency,Maintenance,TECH-0016,2023-09-06 04:56:52.446135,2023-09-06,2023-09-06 08:13:00,completed
JOB-000285,RT-00088,CUST-02869,East,Standard,Inspection,TECH-0016,2023-09-01 13:07:36.038663,2023-09-06,2023-09-06 10:28:00,completed
JOB-000286,RT-00088,CUST-03194,East,Standard,Install,TECH-0016,2023-09-05 12:53:11.985535,2023-09-06,2023-09-06 11:42:00,completed
JOB-000287,RT-00089,CUST-02842,Central,Standard,Inspection,TECH-0020,2024-05-07 02:49:09.006169,2024-05-08,2024-05-08 11:57:00,completed
JOB-000288,RT-00089,CUST-01526,Central,Rush,Install,TECH-0020,2024-05-08 07:07:16.444833,2024-05-08,2024-05-08 13:53:00,completed
JOB-000289,RT-00089,CUST-03984,Central,Standard,Repair,TECH-0020,2024-05-07 04:15:59.438902,2024-05-08,2024-05-08 16:01:00,completed
JOB-000290,RT-00089,CUST-00366,Central,Rush,Repair,TECH-0020,2024-05-08 06:14:31.126847,2024-05-08,2024-05-08 18:32:00,completed
JOB-000291,RT-00089,CUST-02111,Central,Rush,Repair,TECH-0020,2024-05-08 05:51:05.060810,2024-05-08,2024-05-08 21:14:00,completed
JOB-000292,RT-00090,CUST-01123,South,Rush,Maintenance,TECH-0019,2024-07-31 16:50:46.322256,2024-08-01,2024-08-01 08:48:00,completed
JOB-000293,RT-00090,CUST-01944,South,Rush,Maintenance,TECH-0019,2024-08-01 01:45:30.414639,2024-08-01,2024-08-01 10:18:00,completed
JOB-000294,RT-00090,CUST-02344,South,Rush,Repair,TECH-0019,2024-07-31 17:09:26.179828,2024-08-01,2024-08-01 12:16:00,completed
JOB-000295,RT-00091,CUST-01252,South,Rush,Maintenance,TECH-9999,2023-10-24 04:05:50.916167,2023-10-24,2023-10-24 09:46:00,completed
JOB-000296,RT-00091,CUST-02395,South,Standard,Install,TECH-0009,2023-10-23 07:28:30.956905,2023-10-24,2023-10-24 12:12:00,completed
JOB-000297,RT-00091,CUST-01378,South,Standard,Maintenance,TECH-0009,2023-10-23 02:15:08.959280,2023-10-24,2023-10-24 14:17:00,completed
JOB-000298,RT-00091,CUST-03136,South,Standard,Repair,TECH-0009,2023-10-22 18:32:05.868467,2023-10-24,2023-10-24 16:37:00,completed
JOB-000299,RT-00092,CUST-02901,Central,Standard,Repair,TECH-0029,2025-05-09 02:52:45.469635,2025-05-09,2025-05-09 10:01:00,completed
JOB-000300,RT-00092,CUST-01469,Central,Rush,Maintenance,TECH-0029,2025-05-08 19:25:23.930450,2025-05-09,2025-05-09 11:48:00,completed
JOB-000301,RT-00092,CUST-02290,Central,Standard,Repair,TECH-0029,2025-05-08 00:13:30.436682,2025-05-09,2025-05-09 13:14:00,completed
JOB-000302,RT-00092,CUST-03633,Central,Standard,Maintenance,TECH-0029,2025-05-08 15:36:57.145200,2025-05-09,2025-05-09 14:49:00,completed
JOB-000303,RT-00092,CUST-02377,Central,Standard,Install,TECH-0029,2025-05-08 07:27:11.555806,2025-05-09,2025-05-09 16:57:00,completed
JOB-000304,RT-00093,CUST-01875,South,Standard,Repair,TECH-0019,2023-06-20 03:54:46.471665,2023-06-21,2023-06-21 09:56:00,completed
JOB-000305,RT-00093,CUST-00020,South,Rush,Inspection,TECH-0019,2023-06-21 06:46:51.489606,2023-06-21,2023-06-21 11:32:00,completed
JOB-000306,RT-00093,CUST-01777,South,Standard,Inspection,TECH-0019,2023-06-17 08:22:46.748394,2023-06-21,2023-06-21 13:02:00,completed
JOB-000307,RT-00093,CUST-01320,South,Standard,Repair,TECH-0019,2023-06-19 08:32:01.917189,2023-06-21,2023-06-21 15:59:00,completed
JOB-000308,RT-00093,CUST-01254,South,Standard,Repair,TECH-0019,2023-06-21 07:38:51.017423,2023-06-21,2023-06-21 17:33:00,completed
JOB-000309,RT-00094,CUST-03326,South,Emergency,Inspection,TECH-0011,2024-02-21 08:45:54.072630,2024-02-21,2024-02-21 11:25:00,completed
JOB-000310,RT-00094,CUST-03245,South,Standard,Install,TECH-0011,2024-02-21 02:10:51.142091,2024-02-21,2024-02-21 12:29:00,completed
JOB-000311,RT-00094,CUST-03425,South,Rush,Install,TECH-0011,2024-02-21 08:34:46.363250,2024-02-21,2024-02-21 14:28:00,completed
JOB-000312,RT-00094,CUST-02809,South,Standard,Install,TECH-0011,2024-02-17 19:59:22.594395,2024-02-21,2024-02-21 16:47:00,completed
JOB-000313,RT-00094,CUST-00430,South,Rush,Install,TECH-0011,2024-02-21 14:12:33.169759,2024-02-21,2024-02-21 18:01:00,completed
JOB-000314,RT-00095,CUST-00851,Central,Rush,Inspection,TECH-0004,2024-12-12 23:46:16.845478,2024-12-13,2024-12-13 10:04:00,completed
JOB-000315,RT-00095,CUST-00611,Central,Rush,Install,TECH-0004,2024-12-12 23:32:52.815753,2024-12-13,,cancelled
JOB-000316,RT-00095,CUST-01082,Central,Emergency,Inspection,TECH-0004,2024-12-13 07:45:06.572136,2024-12-13,2024-12-13 12:25:00,completed
JOB-000317,RT-00096,CUST-02651,North,Rush,Repair,TECH-9999,2023-02-27 06:02:26.700096,2023-02-27,2023-02-27 09:51:00,completed
JOB-000318,RT-00096,CUST-01404,North,Emergency,Repair,TECH-0006,2023-02-27 08:43:09.600931,2023-02-27,2023-02-27 12:34:00,completed
JOB-000319,RT-00096,CUST-02658,North,Standard,Repair,TECH-0006,2023-02-25 21:39:15.983043,2023-02-27,2023-02-27 15:07:00,completed
JOB-000320,RT-00096,CUST-01978,North,Emergency,Inspection,TECH-0006,2023-02-27 11:43:58.438723,2023-02-27,2023-02-27 15:59:00,completed
JOB-000321,RT-00097,CUST-03557,Central,Standard,Repair,TECH-0028,2024-05-29 03:53:22.142263,2024-05-29,2024-05-29 10:31:00,completed
JOB-000322,RT-00097,CUST-02628,Central,Standard,Inspection,TECH-0028,2024-05-28 02:10:48.234003,2024-05-29,2024-05-29 12:07:00,completed
JOB-000323,RT-00098,CUST-03974,Central,Rush,Maintenance,TECH-0020,2025-05-28 03:20:11.841898,2025-05-28,2025-05-28 10:23:00,completed
JOB-000324,RT-00098,CUST-01836,Central,Standard,Install,TECH-0020,2025-05-26 19:20:40.212024,2025-05-28,2025-05-28 12:32:00,completed
JOB-000325,RT-00099,CUST-02304,South,Rush,Repair,TECH-0012,2023-06-19 21:01:12.941389,2023-06-20,2023-06-20 07:55:00,completed
JOB-000326,RT-00099,CUST-02539,South,Standard,Inspection,TECH-0012,2023-06-19 08:46:13.538756,2023-06-20,2023-06-20 10:33:00,completed
JOB-000327,RT-00099,CUST-03951,South,Standard,Maintenance,TECH-0012,2023-06-19 16:26:49.033051,2023-06-20,2023-06-20 13:43:00,completed
JOB-000328,RT-00099,CUST-00439,South,Standard,Maintenance,TECH-0012,2023-06-19 02:55:29.991757,2023-06-20,2023-06-20 15:15:00,completed
JOB-000329,RT-00099,CUST-00442,South,Emergency,Inspection,TECH-0012,2023-06-20 12:53:10.824551,2023-06-20,2023-06-20 16:54:00,completed
JOB-000330,RT-00100,CUST-03436,East,Standard,Inspection,TECH-0030,2025-04-23 03:28:46.257668,2025-04-23,2025-04-23 12:06:00,completed
JOB-000331,RT-00100,CUST-02483,East,Rush,Maintenance,TECH-0030,2025-04-23 10:14:48.086099,2025-04-23,2025-04-23 13:53:00,completed
JOB-000332,RT-00101,CUST-03454,East,Rush,Maintenance,TECH-0015,2025-05-21 18:58:12.409808,2025-05-22,2025-05-22 11:31:00,completed
JOB-000333,RT-00101,CUST-02910,East,Standard,Repair,TECH-0015,2025-05-21 17:14:25.496786,2025-05-22,2025-05-22 13:41:00,completed
JOB-000334,RT-00101,CUST-02909,East,Rush,Inspection,TECH-0015,2025-05-22 04:38:28.461361,2025-05-22,2025-05-22 16:05:00,completed
JOB-000335,RT-00102,CUST-01174,East,Standard,Maintenance,TECH-0030,2025-01-31 08:29:43.801911,2025-02-04,2025-02-04 10:40:00,completed
JOB-000336,RT-00102,CUST-02767,East,Standard,Repair,TECH-0030,2025-02-03 11:04:09.030483,2025-02-04,2025-02-04 12:34:00,completed
JOB-000337,RT-00102,CUST-01563,East,Standard,Inspection,TECH-0030,2025-01-31 19:44:41.206784,2025-02-04,2025-02-04 14:45:00,completed
JOB-000338,RT-00102,CUST-03525,East,Emergency,Inspection,TECH-0030,2025-02-04 14:20:18.322493,2025-02-04,2025-02-04 17:01:00,completed
JOB-000339,RT-00103,CUST-01756,Central,Standard,Maintenance,TECH-0024,2024-06-10 11:32:11.800835,2024-06-11,2024-06-11 08:47:00,completed
JOB-000340,RT-00103,CUST-00635,Central,Standard,Install,TECH-0024,2024-06-09 22:18:25.215463,2024-06-11,2024-06-11 10:33:00,completed
JOB-000341,RT-00103,CUST-03236,Central,Rush,Maintenance,TECH-0024,2024-06-11 05:20:57.639811,2024-06-11,2024-06-11 11:25:00,completed
JOB-000342,RT-00104,CUST-00895,South,Standard,Inspection,TECH-0012,2025-01-21 07:19:57.093222,2025-01-23,2025-01-23 09:45:00,completed
JOB-000343,RT-00104,CUST-00999,South,Standard,Install,TECH-0012,2025-01-22 02:14:25.326038,2025-01-23,2025-01-23 10:52:00,completed
JOB-000344,RT-00104,CUST-03733,South,Emergency,Maintenance,TECH-0012,2025-01-23 05:49:57.670316,2025-01-23,,cancelled
JOB-000345,RT-00105,CUST-02746,East,Standard,Repair,TECH-0016,2024-11-27 21:30:40.971372,2024-11-28,,no_show
JOB-000346,RT-00105,CUST-03346,East,Standard,Install,TECH-0016,2024-11-26 21:44:46.194478,2024-11-28,2024-11-28 11:08:00,completed
JOB-000347,RT-00106,CUST-02582,East,Standard,Inspection,TECH-0001,2024-10-19 15:14:38.424569,2024-10-21,2024-10-21 08:38:00,completed
JOB-000348,RT-00106,CUST-02399,East,Rush,Install,TECH-0001,2024-10-20 22:58:29.134619,2024-10-21,2024-10-21 11:14:00,completed
JOB-000349,RT-00106,CUST-03135,East,Emergency,Inspection,TECH-0001,2024-10-21 08:32:42.590084,2024-10-21,2024-10-21 13:59:00,completed
JOB-000350,RT-00106,CUST-02236,East,Standard,Maintenance,TECH-0001,2024-10-20 17:20:46.777636,2024-10-21,2024-10-21 15:00:00,completed
JOB-000351,RT-00107,CUST-01409,South,Standard,Repair,TECH-0011,2024-06-17 18:16:29.820662,2024-06-19,,cancelled
JOB-000352,RT-00107,CUST-03276,South,Standard,Install,TECH-0011,2024-06-18 01:10:08.691472,2024-06-19,2024-06-19 10:44:00,completed
JOB-000353,RT-00108,CUST-01168,Central,Emergency,Install,TECH-0020,2024-10-23 07:18:13.806542,2024-10-23,2024-10-23 10:50:00,completed
JOB-000354,RT-00108,CUST-02322,Central,Standard,Maintenance,TECH-0020,2024-10-23 00:29:40.638011,2024-10-23,2024-10-23 13:27:00,completed
JOB-000355,RT-00109,CUST-01825,East,Standard,Maintenance,TECH-0015,2023-08-29 14:03:40.428673,2023-08-30,2023-08-30 10:50:00,completed
JOB-000356,RT-00109,CUST-02207,East,Standard,Repair,TECH-0015,2023-08-25 22:40:47.368172,2023-08-30,2023-08-30 12:06:00,completed
JOB-000357,RT-00110,CUST-01934,Central,Emergency,Repair,TECH-0024,2023-04-20 03:47:17.169637,2023-04-20,2023-04-20 09:01:00,completed
JOB-000358,RT-00110,CUST-00044,Central,Standard,Repair,TECH-0024,2023-04-19 13:33:23.695601,2023-04-20,2023-04-20 11:08:00,completed
JOB-000359,RT-00111,CUST-00258,South,Rush,Maintenance,TECH-0023,2023-08-25 04:19:03.767668,2023-08-25,2023-08-25 09:33:00,completed
JOB-000360,RT-00111,CUST-00164,South,Standard,Maintenance,TECH-0023,2023-08-23 13:42:44.332065,2023-08-25,2023-08-25 11:18:00,completed
JOB-000361,RT-00111,CUST-01497,South,Rush,Install,TECH-0023,2023-08-25 07:57:32.109912,2023-08-25,2023-08-25 13:04:00,completed
JOB-000362,RT-00112,CUST-00867,South,Standard,Repair,TECH-0009,2025-01-09 01:47:29.225043,2025-01-09,2025-01-09 09:32:00,completed
JOB-000363,RT-00112,CUST-01963,South,Rush,Repair,TECH-0009,2025-01-09 07:10:59.710332,2025-01-09,2025-01-09 10:43:00,completed
JOB-000364,RT-00112,CUST-00161,South,Standard,Repair,TECH-0009,2025-01-09 00:24:37.144166,2025-01-09,2025-01-09 13:35:00,completed
JOB-000365,RT-00112,CUST-02982,South,Standard,Maintenance,TECH-0009,2025-01-08 05:44:40.563254,2025-01-09,2025-01-09 14:54:00,completed
JOB-000366,RT-00112,CUST-03361,South,Rush,Repair,TECH-0009,2025-01-09 05:08:14.709422,2025-01-09,2025-01-09 17:29:00,completed
JOB-000367,RT-00113,CUST-00613,East,Standard,Install,TECH-0010,2023-08-28 06:12:29.451070,2023-08-29,2023-08-29 09:17:00,completed
JOB-000368,RT-00113,CUST-03695,East,Rush,Install,TECH-0010,2023-08-29 07:14:07.741847,2023-08-29,2023-08-29 10:07:00,completed
JOB-000369,RT-00113,CUST-03235,East,Standard,Inspection,TECH-0010,2023-08-28 20:54:09.376990,2023-08-29,2023-08-29 13:07:00,completed
JOB-000370,RT-00113,CUST-02451,East,Standard,Inspection,TECH-0010,2023-08-24 19:08:10.446707,2023-08-29,2023-08-29 14:24:00,completed
JOB-000371,RT-00114,CUST-02196,East,Standard,Inspection,TECH-0026,2023-01-08 03:14:01.143059,2023-01-11,2023-01-11 10:16:00,completed
JOB-000372,RT-00114,CUST-00733,East,Emergency,Maintenance,TECH-0026,2023-01-11 08:42:46.583197,2023-01-11,2023-01-11 12:32:00,completed
JOB-000373,RT-00115,CUST-01387,East,Standard,Install,TECH-0010,2024-03-14 19:40:49.830380,2024-03-15,2024-03-15 10:25:00,completed
JOB-000374,RT-00115,CUST-01078,East,Rush,Repair,TECH-0010,2024-03-14 08:44:25.539977,2024-03-15,2024-03-15 11:06:00,completed
JOB-000375,RT-00115,CUST-03947,East,Rush,Install,TECH-0010,2024-03-14 07:27:32.997728,2024-03-15,,cancelled
JOB-000376,RT-00115,CUST-03212,East,Standard,Repair,TECH-0010,2024-03-12 14:48:23.752279,2024-03-15,2024-03-15 14:41:00,completed
JOB-000377,RT-00116,CUST-03019,West,Standard,Install,TECH-0002,2024-05-29 04:43:09.556163,2024-05-30,2024-05-30 09:32:00,completed
JOB-000378,RT-00116,CUST-01863,West,Standard,Inspection,TECH-0002,2024-05-28 11:24:31.749107,2024-05-30,2024-05-30 11:36:00,completed
JOB-000379,RT-00116,CUST-03879,West,Standard,Install,TECH-0002,2024-05-29 19:25:10.511004,2024-05-30,2024-05-30 13:26:00,completed
JOB-000380,RT-00117,CUST-00113,East,Rush,Inspection,TECH-0010,2025-02-10 01:36:21.096161,2025-02-10,,no_show
JOB-000381,RT-00117,CUST-03914,East,Rush,Maintenance,TECH-0010,2025-02-09 23:35:57.808542,2025-02-10,,no_show
JOB-000382,RT-00117,CUST-03815,East,Standard,Repair,TECH-0010,2025-02-06 05:30:08.599879,2025-02-10,2025-02-10 15:17:00,completed
JOB-000383,RT-00117,CUST-02044,East,Rush,Repair,TECH-0010,2025-02-10 04:42:12.205340,2025-02-10,2025-02-10 17:12:00,completed
JOB-000384,RT-00118,CUST-03511,East,Standard,Install,TECH-0010,2023-10-21 13:18:20.902710,2023-10-24,2023-10-24 08:51:00,completed
JOB-000385,RT-00118,CUST-03131,East,Standard,Maintenance,TECH-0010,2023-10-22 15:17:27.016437,2023-10-24,,no_show
JOB-000386,RT-00118,CUST-01613,East,Standard,Repair,TECH-0010,2023-10-23 07:58:22.357418,2023-10-24,2023-10-24 12:38:00,completed
JOB-000387,RT-00119,CUST-00972,East,Standard,Maintenance,TECH-0026,2025-01-12 16:44:23.398176,2025-01-13,2025-01-13 10:07:00,completed
JOB-000388,RT-00119,CUST-03500,East,Standard,Inspection,TECH-0026,2025-01-09 16:13:18.511772,2025-01-13,2025-01-13 12:34:00,completed
JOB-000389,RT-00119,CUST-02275,East,Emergency,Inspection,TECH-0026,2025-01-13 10:03:48.991298,2025-01-13,2025-01-13 13:54:00,completed
JOB-000390,RT-00119,CUST-02584,East,Standard,Maintenance,TECH-0026,2025-01-13 04:32:59.685150,2025-01-13,2025-01-13 15:26:00,completed
JOB-000391,RT-00119,CUST-02580,East,Standard,Install,TECH-0026,2025-01-12 00:18:31.217838,2025-01-13,2025-01-13 16:39:00,completed
JOB-000392,RT-00120,CUST-00715,East,Rush,Maintenance,TECH-0010,2024-05-30 23:02:41.699296,2024-05-31,,no_show
JOB-000393,RT-00120,CUST-02588,East,Standard,Repair,TECH-0010,2024-05-29 05:02:19.720014,2024-05-31,2024-05-31 13:32:00,completed
JOB-000394,RT-00120,CUST-01408,East,Standard,Repair,TECH-0010,2024-05-26 19:41:51.034565,2024-05-31,2024-05-31 15:38:00,completed
JOB-000395,RT-00120,CUST-03846,East,Rush,Maintenance,TECH-0010,2024-05-31 01:49:04.642444,2024-05-31,2024-05-31 17:42:00,completed
JOB-000396,RT-00121,CUST-00262,East,Emergency,Inspection,TECH-0016,2024-08-15 05:01:21.442677,2024-08-15,2024-08-15 08:42:00,completed
JOB-000397,RT-00121,CUST-03816,East,Standard,Inspection,TECH-0016,2024-08-12 00:20:20.801614,2024-08-15,,no_show
JOB-000398,RT-00121,CUST-01462,East,Standard,Maintenance,TECH-0016,2024-08-14 06:01:56.807755,2024-08-15,2024-08-15 13:29:00,completed
JOB-000399,RT-00122,CUST-02211,Central,Standard,Repair,TECH-0020,2024-01-24 12:45:28.541254,2024-01-25,2024-01-25 10:13:00,completed
JOB-000400,RT-00122,CUST-03106,Central,Standard,Repair,TECH-9999,2024-01-24 07:26:26.707517,2024-01-25,2024-01-25 12:21:00,completed
JOB-000401,RT-00122,CUST-03138,Central,Rush,Inspection,TECH-0020,2024-01-25 07:23:21.032029,2024-01-25,2024-01-25 13:15:00,completed
JOB-000402,RT-00122,CUST-01024,Central,Standard,Repair,TECH-0020,2024-01-24 14:29:02.351560,2024-01-25,2024-01-25 14:04:00,completed
JOB-000403,RT-00122,CUST-02117,Central,Rush,Maintenance,TECH-0020,2024-01-25 04:36:12.557230,2024-01-25,2024-01-25 16:58:00,completed
JOB-000404,RT-00123,CUST-00770,Central,Rush,Maintenance,TECH-0020,2024-01-21 21:00:31.295865,2024-01-22,2024-01-22 08:09:00,completed
JOB-000405,RT-00123,CUST-02979,Central,Standard,Install,TECH-0020,2024-01-20 20:51:52.962754,2024-01-22,2024-01-22 08:45:00,completed
JOB-000406,RT-00123,CUST-01522,Central,Standard,Inspection,TECH-0020,2024-01-20 17:58:25.163453,2024-01-22,2024-01-22 09:32:00,completed
JOB-000407,RT-00123,CUST-01608,Central,Standard,Install,TECH-0020,2024-01-21 18:42:25.833206,2024-01-22,2024-01-22 12:10:00,completed
JOB-000408,RT-00123,CUST-03992,Central,Rush,Repair,TECH-0020,2024-01-22 11:42:38.763654,2024-01-22,2024-01-22 14:03:00,completed
JOB-000409,RT-00124,CUST-00173,East,Standard,Install,TECH-0016,2023-12-20 13:48:06.790944,2023-12-21,2023-12-21 09:14:00,completed
JOB-000410,RT-00124,CUST-02593,East,Standard,Inspection,TECH-0016,2023-12-19 22:21:06.087509,2023-12-21,2023-12-21 11:16:00,completed
JOB-000411,RT-00125,CUST-02048,Central,Rush,Install,TECH-0029,2024-01-31 03:41:08.998154,2024-01-31,2024-01-31 10:46:00,completed
JOB-000412,RT-00125,CUST-00516,Central,Standard,Inspection,TECH-0029,2024-01-29 20:49:31.746893,2024-01-31,2024-01-31 12:14:00,completed
JOB-000413,RT-00126,CUST-02224,Central,Standard,Inspection,TECH-0020,2024-05-12 03:18:10.473163,2024-05-13,2024-05-13 08:48:00,completed
JOB-000414,RT-00126,CUST-03525,Central,Standard,Repair,TECH-0020,2024-05-12 02:49:29.096833,2024-05-13,2024-05-13 10:59:00,completed
JOB-000415,RT-00126,CUST-02614,Central,Standard,Inspection,TECH-0020,2024-05-13 07:11:05.979130,2024-05-13,2024-05-13 13:28:00,completed
JOB-000416,RT-00126,CUST-02208,Central,Rush,Inspection,TECH-0020,2024-05-13 02:56:32.371461,2024-05-13,2024-05-13 15:42:00,completed
JOB-000417,RT-00126,CUST-01320,Central,Rush,Install,TECH-0020,2024-05-13 08:55:10.555501,2024-05-13,2024-05-13 18:31:00,completed
JOB-000418,RT-00127,CUST-02873,South,Standard,Maintenance,TECH-0003,2023-03-01 22:25:05.272688,2023-03-03,2023-03-03 08:31:00,completed
JOB-000419,RT-00127,CUST-01918,South,Standard,Install,TECH-0003,2023-03-01 11:53:00.850841,2023-03-03,,cancelled
JOB-000420,RT-00127,CUST-03008,South,Rush,Install,TECH-0003,2023-03-02 23:39:45.600427,2023-03-03,2023-03-03 12:01:00,completed
JOB-000421,RT-00128,CUST-03069,Central,Standard,Inspection,TECH-0008,2025-01-13 20:06:42.573966,2025-01-14,2025-01-14 09:08:00,completed
JOB-000422,RT-00128,CUST-03246,Central,Rush,Repair,TECH-0008,2025-01-14 06:50:18.470577,2025-01-14,2025-01-14 11:15:00,completed
JOB-000423,RT-00129,CUST-00986,South,Rush,Repair,TECH-0012,2023-08-13 22:25:47.841504,2023-08-15,2023-08-15 10:58:00,completed
JOB-000424,RT-00129,CUST-01166,South,Standard,Install,TECH-0012,2023-08-15 01:06:39.432624,2023-08-15,2023-08-15 12:57:00,completed
JOB-000425,RT-00129,CUST-03864,South,Standard,Maintenance,TECH-0012,2023-08-14 19:48:39.099472,2023-08-15,,no_show
JOB-000426,RT-00129,CUST-01024,South,Standard,Repair,TECH-0012,2023-08-15 00:22:25.872405,2023-08-15,2023-08-15 17:01:00,completed
JOB-000427,RT-00129,CUST-01977,South,Standard,Repair,TECH-0012,2023-08-14 22:13:05.307252,2023-08-15,2023-08-15 18:10:00,completed
JOB-000428,RT-00130,CUST-00494,East,Emergency,Repair,TECH-0026,2025-04-07 06:53:16.890641,2025-04-07,2025-04-07 09:20:00,completed
JOB-000429,RT-00130,CUST-02314,East,Rush,Repair,TECH-0026,2025-04-06 11:07:56.577447,2025-04-07,2025-04-07 10:33:00,completed
JOB-000430,RT-00131,CUST-02341,South,Standard,Install,TECH-0009,2023-08-07 08:01:39.263554,2023-08-08,2023-08-08 10:16:00,completed
JOB-000431,RT-00131,CUST-00812,South,Standard,Inspection,TECH-0009,2023-08-06 21:29:13.985530,2023-08-08,2023-08-08 11:42:00,completed
JOB-000432,RT-00132,CUST-01497,Central,Rush,Maintenance,TECH-0008,2025-03-14 00:14:46.569167,2025-03-14,2025-03-14 09:09:00,completed
JOB-000433,RT-00132,CUST-03289,Central,Rush,Inspection,TECH-0008,2025-03-13 20:11:34.461124,2025-03-14,2025-03-14 09:57:00,completed
JOB-000434,RT-00132,CUST-02984,Central,Emergency,Install,TECH-0008,2025-03-14 09:55:54.118568,2025-03-14,2025-03-14 11:17:00,completed
JOB-000435,RT-00133,CUST-02239,South,Standard,Maintenance,TECH-0009,2025-06-05 09:27:33.052255,2025-06-09,2025-06-09 09:19:00,completed
JOB-000436,RT-00133,CUST-01047,South,Rush,Repair,TECH-0009,2025-06-08 19:28:33.824556,2025-06-09,2025-06-09 11:00:00,completed
JOB-000437,RT-00133,CUST-03491,South,Standard,Maintenance,TECH-9999,2025-06-07 04:21:20.382562,2025-06-09,2025-06-09 12:42:00,completed
JOB-000438,RT-00134,CUST-01014,South,Standard,Maintenance,TECH-0011,2024-07-03 12:07:32.027109,2024-07-08,2024-07-08 09:12:00,completed
JOB-000439,RT-00134,CUST-02054,South,Standard,Maintenance,TECH-0011,2024-07-07 16:24:51.528082,2024-07-08,2024-07-08 10:43:00,completed
JOB-000440,RT-00134,CUST-00622,South,Rush,Maintenance,TECH-0011,2024-07-07 10:41:26.515036,2024-07-08,2024-07-08 12:55:00,completed
JOB-000441,RT-00135,CUST-00847,West,Emergency,Repair,TECH-0005,2023-05-05 05:52:59.844359,2023-05-05,,cancelled
JOB-000442,RT-00135,CUST-00554,West,Rush,Inspection,TECH-0005,2023-05-05 02:14:34.503891,2023-05-05,2023-05-05 12:17:00,completed
JOB-000443,RT-00135,CUST-01301,West,Standard,Repair,TECH-0005,2023-05-05 03:23:27.453150,2023-05-05,2023-05-05 13:36:00,completed
JOB-000444,RT-00135,CUST-02609,West,Emergency,Maintenance,TECH-0005,2023-05-05 10:27:07.070036,2023-05-05,2023-05-05 15:52:00,completed
JOB-000445,RT-00135,CUST-02481,West,Standard,Repair,TECH-0005,2023-05-04 09:02:15.673527,2023-05-05,2023-05-05 16:58:00,completed
JOB-000446,RT-00136,CUST-00564,Central,Rush,Repair,TECH-0025,2023-02-06 23:40:41.937758,2023-02-07,2023-02-07 10:23:00,completed
JOB-000447,RT-00136,CUST-03041,Central,Rush,Repair,TECH-0025,2023-02-07 03:33:15.622802,2023-02-07,2023-02-07 12:49:00,completed
JOB-000448,RT-00136,CUST-01011,Central,Rush,Inspection,TECH-0025,2023-02-07 05:20:12.573810,2023-02-07,2023-02-07 15:24:00,completed
JOB-000449,RT-00136,CUST-02197,Central,Rush,Install,TECH-0025,2023-02-07 06:24:15.539640,2023-02-07,2023-02-07 17:56:00,completed
JOB-000450,RT-00137,CUST-00682,East,Standard,Inspection,TECH-0016,2023-02-26 05:50:28.859160,2023-03-02,2023-03-02 09:17:00,completed
JOB-000451,RT-00137,CUST-02051,East,Rush,Install,TECH-0016,2023-03-01 05:57:07.348287,2023-03-02,,cancelled
JOB-000452,RT-00137,CUST-03670,East,Standard,Repair,TECH-0016,2023-03-01 10:41:16.971457,2023-03-02,2023-03-02 11:33:00,completed
JOB-000453,RT-00138,CUST-00655,East,Standard,Inspection,TECH-0010,2024-04-07 08:22:29.678182,2024-04-09,2024-04-09 09:09:00,completed
JOB-000454,RT-00138,CUST-00733,East,Emergency,Install,TECH-0010,2024-04-09 09:05:13.788584,2024-04-09,2024-04-09 10:57:00,completed
JOB-000455,RT-00138,CUST-03136,East,Standard,Maintenance,TECH-0010,2024-04-04 11:16:34.911060,2024-04-09,2024-04-09 13:47:00,completed
JOB-000456,RT-00139,CUST-03614,Central,Standard,Maintenance,TECH-0017,2025-02-18 04:20:38.833120,2025-02-18,2025-02-18 10:59:00,completed
JOB-000457,RT-00139,CUST-03498,Central,Standard,Install,TECH-0017,2025-02-18 06:11:03.385391,2025-02-18,2025-02-18 13:01:00,completed
JOB-000458,RT-00140,CUST-02303,South,Standard,Repair,TECH-0023,2024-03-02 20:28:24.264342,2024-03-04,2024-03-04 08:21:00,completed
JOB-000459,RT-00140,CUST-00278,South,Emergency,Inspection,TECH-0023,2024-03-04 04:45:23.213166,2024-03-04,2024-03-04 10:52:00,completed
JOB-000460,RT-00140,CUST-02851,South,Standard,Repair,TECH-0023,2024-03-03 08:25:34.847029,2024-03-04,2024-03-04 13:57:00,completed
JOB-000461,RT-00140,CUST-02494,South,Standard,Maintenance,TECH-0023,2024-02-28 11:32:11.086305,2024-03-04,2024-03-04 15:28:00,completed
JOB-000462,RT-00141,CUST-00484,South,Rush,Repair,TECH-9999,2024-05-22 08:04:24.712934,2024-05-22,,no_show
JOB-000463,RT-00141,CUST-02827,South,Standard,Maintenance,TECH-0023,2024-05-21 22:13:25.671323,2024-05-22,2024-05-22 13:39:00,completed
JOB-000464,RT-00141,CUST-01623,South,Standard,Install,TECH-0023,2024-05-21 14:39:37.467547,2024-05-22,2024-05-22 15:43:00,completed
JOB-000465,RT-00142,CUST-01696,South,Rush,Install,TECH-0012,2024-04-30 02:49:24.078655,2024-04-30,2024-04-30 09:50:00,completed
JOB-000466,RT-00142,CUST-03260,South,Standard,Maintenance,TECH-0012,2024-04-29 15:57:15.664037,2024-04-30,2024-04-30 12:13:00,completed
JOB-000467,RT-00142,CUST-02481,South,Rush,Inspection,TECH-0012,2024-04-29 13:00:48.046060,2024-04-30,2024-04-30 13:58:00,completed
JOB-000468,RT-00142,CUST-00974,South,Rush,Maintenance,TECH-0012,2024-04-30 07:06:31.043335,2024-04-30,2024-04-30 15:57:00,completed
JOB-000469,RT-00142,CUST-03742,South,Standard,Install,TECH-0012,2024-04-29 02:02:44.873055,2024-04-30,2024-04-30 18:12:00,completed
JOB-000470,RT-00143,CUST-03843,Central,Rush,Repair,TECH-0029,2024-11-21 18:50:04.520030,2024-11-22,2024-11-22 09:49:00,completed
JOB-000471,RT-00143,CUST-00181,Central,Standard,Install,TECH-0029,2024-11-21 16:31:00.559252,2024-11-22,2024-11-22 12:29:00,completed
JOB-000472,RT-00143,CUST-03107,Central,Standard,Maintenance,TECH-0029,2024-11-22 08:00:39.126632,2024-11-22,2024-11-22 13:31:00,completed
JOB-000473,RT-00144,CUST-02293,South,Rush,Install,TECH-0012,2023-10-16 06:30:59.138729,2023-10-16,2023-10-16 11:26:00,completed
JOB-000474,RT-00144,CUST-01276,South,Standard,Maintenance,TECH-0012,2023-10-13 07:44:29.680903,2023-10-16,,cancelled
JOB-000475,RT-00144,CUST-01606,South,Standard,Repair,TECH-0012,2023-10-14 07:56:58.324534,2023-10-16,,cancelled
JOB-000476,RT-00145,CUST-03330,North,Emergency,Inspection,TECH-0021,2025-06-20 08:16:20.763715,2025-06-20,2025-06-20 09:41:00,completed
JOB-000477,RT-00145,CUST-01057,North,Standard,Maintenance,TECH-0021,2025-06-18 14:32:20.983516,2025-06-20,,cancelled
JOB-000478,RT-00145,CUST-01947,North,Rush,Install,TECH-0021,2025-06-20 11:23:45.736861,2025-06-20,2025-06-20 14:35:00,completed
JOB-000479,RT-00145,CUST-01662,North,Standard,Install,TECH-0021,2025-06-19 12:46:00.772913,2025-06-20,2025-06-20 16:10:00,completed
JOB-000480,RT-00145,CUST-02544,North,Rush,Repair,TECH-0021,2025-06-20 09:27:54.137094,2025-06-20,2025-06-20 17:18:00,completed
JOB-000481,RT-00146,CUST-02743,Central,Standard,Install,TECH-0017,2024-07-03 21:32:03.263760,2024-07-04,2024-07-04 11:20:00,completed
JOB-000482,RT-00146,CUST-01824,Central,Standard,Repair,TECH-0017,2024-07-04 03:57:11.620784,2024-07-04,2024-07-04 14:39:00,completed
JOB-000483,RT-00147,CUST-00001,South,Standard,Repair,TECH-0003,2025-05-05 13:26:24.248853,2025-05-07,2025-05-07 09:46:00,completed
JOB-000484,RT-00147,CUST-02336,South,Standard,Maintenance,TECH-0003,2025-05-03 18:16:04.126036,2025-05-07,2025-05-07 12:12:00,completed
JOB-000485,RT-00148,CUST-01472,East,Standard,Install,TECH-0015,2024-05-06 21:06:08.706691,2024-05-08,2024-05-08 08:38:00,completed
JOB-000486,RT-00148,CUST-01783,East,Standard,Repair,TECH-0015,2024-05-06 21:46:55.053569,2024-05-08,2024-05-08 10:26:00,completed
JOB-000487,RT-00149,CUST-01994,West,Standard,Inspection,TECH-9999,2023-09-25 21:19:39.865594,2023-09-27,2023-09-27 09:56:00,completed
JOB-000488,RT-00149,CUST-02553,West,Rush,Repair,TECH-0005,2023-09-26 19:16:43.205327,2023-09-27,2023-09-27 12:20:00,completed
JOB-000489,RT-00149,CUST-02041,West,Standard,Repair,TECH-0005,2023-09-27 08:39:23.089347,2023-09-27,2023-09-27 15:14:00,completed
JOB-000490,RT-00149,CUST-01980,West,Emergency,Maintenance,TECH-0005,2023-09-27 15:45:28.822068,2023-09-27,2023-09-27 18:14:00,completed
JOB-000491,RT-00149,CUST-03191,West,Standard,Maintenance,TECH-0005,2023-09-25 19:14:06.928984,2023-09-27,2023-09-27 19:11:00,completed
JOB-000492,RT-00150,CUST-02192,South,Rush,Install,TECH-0019,2025-05-22 22:23:15.887845,2025-05-23,2025-05-23 09:14:00,completed
JOB-000493,RT-00150,CUST-00687,South,Standard,Install,TECH-0019,2025-05-18 07:38:39.109666,2025-05-23,2025-05-23 12:14:00,completed
JOB-000494,,CUST-03314,South,Rush,Install,TECH-0027,2024-03-12 09:13:32.526221,2024-03-12,2024-03-12 13:56:00,completed
JOB-000495,,CUST-01128,South,Standard,Maintenance,TECH-0011,2024-11-25 17:09:35.125645,2024-11-26,2024-11-26 09:56:00,completed
JOB-000496,,CUST-01987,East,Rush,Repair,TECH-0001,2023-06-09 04:19:52.360253,2023-06-09,2023-06-09 10:29:00,completed
JOB-000497,,CUST-03084,Central,Emergency,Inspection,TECH-0029,2025-01-27 04:06:32.208035,2025-01-27,,no_show
JOB-000498,,CUST-01414,Central,Rush,Install,TECH-0028,2024-07-02 22:44:04.500009,2024-07-03,2024-07-03 13:42:00,completed
JOB-000499,,CUST-03885,Central,Standard,Repair,TECH-0024,2024-01-14 07:02:39.427477,2024-01-15,2024-01-15 09:47:00,completed
JOB-000500,,CUST-03266,North,Standard,Inspection,TECH-0014,2024-07-11 21:47:35.312004,2024-07-12,2024-07-12 15:03:00,completed
JOB-000501,,CUST-02671,North,Emergency,Maintenance,TECH-0014,2024-03-28 04:27:38.444832,2024-03-28,2024-03-28 09:20:00,completed
JOB-000502,,CUST-03008,South,Standard,Repair,TECH-0012,2024-01-21 20:58:52.879175,2024-01-23,2024-01-23 13:28:00,completed
JOB-000503,,CUST-00426,South,Standard,Inspection,TECH-0019,2024-04-28 21:43:53.812484,2024-04-29,2024-04-29 10:17:00,completed
JOB-000504,,CUST-02434,Central,Standard,Repair,TECH-0013,2023-11-10 04:59:49.905203,2023-11-10,2023-11-10 12:23:00,completed
JOB-000505,,CUST-00455,South,Rush,Repair,TECH-0023,2023-06-21 22:04:30.710755,2023-06-23,2023-06-23 10:54:00,completed
JOB-000506,,CUST-02735,East,Rush,Maintenance,TECH-0010,2024-02-27 01:27:34.606987,2024-02-27,,cancelled
JOB-000507,,CUST-03330,East,Rush,Maintenance,TECH-0010,2023-08-19 15:03:27.417177,2023-08-21,2023-08-21 10:25:00,completed
JOB-000508,,CUST-02016,North,Emergency,Install,TECH-0006,2024-09-24 07:49:51.030704,2024-09-24,2024-09-24 10:55:00,completed
JOB-000509,,CUST-00424,West,Rush,Install,TECH-0005,2025-02-13 01:31:08.382841,2025-02-13,2025-02-13 15:38:00,completed
JOB-000510,,CUST-01092,South,Standard,Repair,TECH-0003,2023-04-10 14:42:09.634193,2023-04-12,2023-04-12 12:15:00,completed
JOB-000511,,CUST-02981,East,Standard,Install,TECH-0026,2024-04-16 11:57:42.714908,2024-04-17,,cancelled
JOB-000512,,CUST-02193,Central,Emergency,Maintenance,TECH-0020,2023-11-21 07:02:43.750721,2023-11-21,2023-11-21 10:18:00,completed
JOB-000513,,CUST-01393,South,Rush,Install,TECH-0012,2024-03-11 06:31:10.810478,2024-03-11,,no_show
JOB-000514,,CUST-01598,East,Standard,Install,TECH-0030,2024-10-17 21:15:43.272930,2024-10-21,2024-10-21 13:23:00,completed
JOB-000515,,CUST-00791,Central,Rush,Install,TECH-0024,2024-05-29 10:54:03.080605,2024-05-29,2024-05-29 15:18:00,completed
JOB-000516,,CUST-03326,South,Standard,Inspection,TECH-0027,2025-04-29 08:45:50.030400,2025-04-30,2025-04-30 12:33:00,completed
JOB-000517,,CUST-02734,East,Standard,Inspection,TECH-0001,2023-02-22 02:47:59.161978,2023-02-22,2023-02-22 14:13:00,completed
JOB-000518,,CUST-00079,Central,Emergency,Inspection,TECH-0025,2025-02-07 07:09:59.921370,2025-02-07,2025-02-07 10:21:00,completed
JOB-000519,,CUST-02504,South,Standard,Repair,TECH-0023,2023-03-03 01:57:26.758393,2023-03-07,2023-03-07 12:03:00,completed
JOB-000520,,CUST-01382,East,Standard,Inspection,TECH-0030,2025-04-27 14:22:48.731603,2025-04-28,2025-04-28 09:26:00,completed
JOB-000521,,CUST-00495,South,Rush,Maintenance,TECH-0012,2023-06-21 07:46:10.830473,2023-06-22,2023-06-22 10:11:00,completed
JOB-000522,,CUST-00410,West,Standard,Inspection,TECH-0005,2024-08-19 03:42:33.295133,2024-08-19,2024-08-19 12:28:00,completed
JOB-000523,,CUST-02432,Central,Standard,Maintenance,TECH-0028,2023-08-13 20:39:12.186244,2023-08-15,2023-08-15 08:37:00,completed
JOB-000524,,CUST-02501,East,Standard,Install,TECH-0015,2024-11-12 11:07:14.238199,2024-11-13,2024-11-13 11:40:00,completed
JOB-000525,,CUST-00787,South,Rush,Install,TECH-0023,2023-09-15 06:43:05.563014,2023-09-15,2023-09-15 15:59:00,completed
JOB-000526,,CUST-03263,South,Standard,Repair,TECH-0019,2023-05-15 18:13:36.475677,2023-05-17,2023-05-17 13:38:00,completed
JOB-000527,,CUST-01168,Central,Standard,Repair,TECH-0025,2024-11-10 05:52:34.043483,2024-11-11,,cancelled
JOB-000528,,CUST-01987,East,Standard,Install,TECH-0015,2023-12-27 01:00:39.402859,2023-12-27,2023-12-27 15:32:00,completed
JOB-000529,,CUST-00933,South,Standard,Install,TECH-0003,2023-12-03 01:46:50.757049,2023-12-04,2023-12-04 16:23:00,completed
JOB-000530,,CUST-00594,South,Rush,Repair,TECH-0009,2024-08-14 02:29:01.983341,2024-08-14,2024-08-14 13:44:00,completed
JOB-000531,,CUST-00829,South,Standard,Maintenance,TECH-0023,2024-10-13 01:56:27.855083,2024-10-14,2024-10-14 11:04:00,completed
JOB-000532,,CUST-03115,West,Standard,Maintenance,TECH-0005,2023-02-14 09:05:53.345431,2023-02-15,2023-02-15 09:57:00,completed
JOB-000533,,CUST-02004,South,Standard,Repair,TECH-0009,2024-02-28 01:26:42.465764,2024-02-28,2024-02-28 10:43:00,completed
JOB-000534,,CUST-01779,North,Standard,Repair,TECH-0021,2024-11-07 23:35:43.499286,2024-11-08,2024-11-08 16:03:00,completed
JOB-000535,,CUST-02066,North,Emergency,Install,TECH-0021,2023-08-02 04:44:58.069926,2023-08-02,2023-08-02 10:15:00,completed
JOB-000536,,CUST-02288,East,Rush,Install,TECH-0015,2025-01-29 17:30:17.231902,2025-01-30,2025-01-30 14:40:00,completed
JOB-000537,,CUST-00663,East,Standard,Inspection,TECH-0026,2024-08-06 05:32:56.661950,2024-08-06,2024-08-06 11:08:00,completed
JOB-000538,,CUST-03570,North,Standard,Maintenance,TECH-0021,2025-04-15 19:36:44.595063,2025-04-16,2025-04-16 09:58:00,completed
