billing_id,job_id,line_type,description,amount,billed_at
BILL-000001,JOB-000001,parts,Sensor kit,88.96,2023-06-24 05:49:00
BILL-000002,JOB-000002,parts,Compressor unit,663.27,2023-06-24 00:34:00
BILL-000003,JOB-000002,parts,Control board,202.82,2023-06-22 21:34:00
BILL-000004,JOB-000002,credit_return,Customer return/adjustment,-42.39,2023-06-24 10:34:00
BILL-000005,JOB-000003,parts,Control board,96.31,2023-06-23 15:22:00
BILL-000006,JOB-000004,parts,Thermostat,150.34,2023-06-07 20:07:00
BILL-000007,JOB-000006,parts,Thermostat,112.81,2023-06-07 16:16:00
BILL-000008,JOB-000006,parts,Compressor unit,442.68,2023-06-06 15:16:00
BILL-000009,JOB-000007,parts,Sensor kit,118.84,2023-03-25 12:41:00
BILL-000010,JOB-000009,parts,Thermostat,168.85,2025-01-21 03:28:00
BILL-000011,JOB-000009,parts,Valve assembly,107.78,2025-01-20 21:28:00
BILL-000012,JOB-000009,parts,Valve assembly,38.16,2025-01-20 19:28:00
BILL-000013,JOB-000010,parts,Compressor unit,234.83,2025-01-22 11:23:00
BILL-000014,JOB-000010,parts,Control board,283.2,2025-01-21 08:23:00
BILL-000015,JOB-000011,parts,Wiring harness,25.05,2025-01-21 12:48:00
BILL-000016,JOB-000011,parts,Wiring harness,26.23,2025-01-20 19:48:00
BILL-000017,JOB-000012,parts,Filter pack,17.06,2025-01-21 02:16:00
BILL-000018,JOB-000012,parts,Control board,89.53,2025-01-20 16:16:00
BILL-000019,JOB-000012,parts,Valve assembly,38.39,2025-01-22 08:16:00
BILL-000020,JOB-000013,parts,Valve assembly,41.62,2024-02-09 23:35:00
BILL-000021,JOB-000013,credit_return,Customer return/adjustment,-88.99,2024-02-16 10:35:00
BILL-000022,JOB-000014,parts,Compressor unit,440.95,2024-02-09 07:40:00
BILL-000023,JOB-000014,credit_return,Customer return/adjustment,-41.75,2024-02-13 11:40:00
BILL-000024,JOB-000015,parts,Refrigerant refill,136.55,2024-02-10 11:52:00
BILL-000025,JOB-000015,parts,Filter pack,18.73,2024-02-08 19:52:00
BILL-000026,JOB-000016,parts,Control board,302.53,2024-05-28 19:36:00
BILL-000027,JOB-000016,parts,Compressor unit,762.63,2024-05-29 16:36:00
BILL-000028,JOB-000016,parts,Compressor unit,447.48,2024-05-30 05:36:00
BILL-000029,JOB-000017,parts,Control board,269.7,2024-05-29 01:57:00
BILL-000030,JOB-000017,parts,Sensor kit,118.86,2024-05-29 20:57:00
BILL-000031,JOB-000017,parts,Filter pack,38.05,2024-05-29 09:57:00
BILL-000032,JOB-000018,parts,Wiring harness,29.65,2024-05-30 09:04:00
BILL-000033,JOB-000018,parts,Wiring harness,25.9,2024-05-30 05:04:00
BILL-000034,JOB-000018,parts,Control board,96.27,2024-05-29 21:04:00
BILL-000035,JOB-000019,parts,Sensor kit,85.8,2023-11-23 14:27:00
BILL-000036,JOB-000021,parts,Filter pack,19.56,2023-11-24 00:04:00
BILL-000037,JOB-000021,parts,Control board,192.91,2023-11-24 12:04:00
BILL-000038,JOB-000022,parts,Thermostat,118.5,2023-10-11 03:32:00
BILL-000039,JOB-000023,parts,Sensor kit,46.51,2023-10-11 20:37:00
BILL-000040,JOB-000023,parts,Compressor unit,514.46,2023-10-11 14:37:00
BILL-000041,JOB-000024,parts,Sensor kit,82.73,2023-10-12 07:29:00
BILL-000042,JOB-000024,parts,Filter pack,33.0,2023-10-11 18:29:00
BILL-000043,JOB-000024,parts,Thermostat,116.15,2023-10-12 11:29:00
BILL-000044,JOB-000024,credit_return,Customer return/adjustment,-88.31,2023-10-11 15:29:00
BILL-000045,JOB-000025,parts,Refrigerant refill,207.53,2023-10-10 18:22:00
BILL-000046,JOB-000025,parts,Sensor kit,40.72,2023-10-11 04:22:00
BILL-000047,JOB-000025,parts,Wiring harness,25.98,2023-10-11 23:22:00
BILL-000048,JOB-000026,parts,Thermostat,111.08,2025-06-07 15:18:00
BILL-000049,JOB-000026,parts,Control board,88.93,2025-06-06 16:18:00
BILL-000050,JOB-000027,parts,Wiring harness,26.96,2025-06-06 16:06:00
BILL-000051,JOB-000027,parts,Filter pack,39.57,2025-06-07 19:06:00
BILL-000052,JOB-000030,parts,Thermostat,51.61,2024-09-03 12:46:00
BILL-000053,JOB-000030,parts,Sensor kit,78.97,2024-09-03 23:46:00
BILL-000054,JOB-000030,parts,Filter pack,48.94,2024-09-05 00:46:00
BILL-000055,JOB-000031,parts,Filter pack,39.45,2024-09-04 02:10:00
BILL-000056,JOB-000032,parts,Wiring harness,52.27,2024-09-04 02:08:00
BILL-000057,JOB-000033,parts,Valve assembly,69.64,2024-09-05 13:15:00
BILL-000058,JOB-000034,parts,Refrigerant refill,210.33,2024-09-04 06:07:00
BILL-000059,JOB-000034,parts,Compressor unit,258.96,2024-09-04 22:07:00
BILL-000060,JOB-000035,parts,Sensor kit,41.22,2025-02-05 12:09:00
BILL-000061,JOB-000035,parts,Thermostat,108.77,2025-02-04 20:09:00
BILL-000062,JOB-000036,parts,Filter pack,54.76,2025-02-04 12:43:00
BILL-000063,JOB-000036,parts,Refrigerant refill,67.9,2025-02-06 01:43:00
BILL-000064,JOB-000037,parts,Filter pack,16.74,2023-03-01 14:47:00
BILL-000065,JOB-000037,parts,Sensor kit,91.19,2023-02-28 16:47:00
BILL-000066,JOB-000038,parts,Wiring harness,55.23,2023-02-28 11:09:00
BILL-000067,JOB-000038,parts,Thermostat,55.45,2023-03-02 03:09:00
BILL-000068,JOB-000038,parts,Control board,89.65,2023-02-28 23:09:00
BILL-000069,JOB-000039,parts,Sensor kit,124.38,2024-07-24 08:08:00
BILL-000070,JOB-000039,parts,Refrigerant refill,71.13,2024-07-24 22:08:00
BILL-000071,JOB-000039,parts,Compressor unit,510.12,2024-07-23 11:08:00
BILL-000072,JOB-000040,parts,Control board,284.95,2024-07-24 17:34:00
BILL-000073,JOB-000040,parts,Wiring harness,53.37,2024-07-24 22:34:00
BILL-000074,JOB-000041,parts,Control board,94.22,2024-07-24 14:28:00
BILL-000075,JOB-000041,parts,Sensor kit,129.92,2024-07-25 01:28:00
BILL-000076,JOB-000042,parts,Wiring harness,78.92,2025-05-01 02:45:00
BILL-000077,JOB-000042,parts,Control board,100.81,2025-04-29 17:45:00
BILL-000078,JOB-000043,parts,Wiring harness,27.48,2025-05-01 04:56:00
BILL-000079,JOB-000044,parts,Thermostat,164.63,2025-04-29 18:15:00
BILL-000080,JOB-000045,parts,Refrigerant refill,68.6,2025-05-01 05:33:00
BILL-000081,JOB-000045,parts,Wiring harness,25.83,2025-05-01 00:33:00
BILL-000082,JOB-000046,parts,Thermostat,116.81,2024-03-16 02:29:00
BILL-000083,JOB-000046,parts,Wiring harness,29.92,2024-03-14 23:29:00
BILL-000084,JOB-000047,parts,Valve assembly,81.14,2024-03-15 13:20:00
BILL-000085,JOB-000047,parts,Refrigerant refill,70.2,2024-03-15 13:20:00
BILL-000086,JOB-000047,credit_return,Customer return/adjustment,-16.97,2024-03-20 10:20:00
BILL-000087,JOB-000048,parts,Filter pack,33.63,2024-03-16 00:57:00
BILL-000088,JOB-000048,parts,Wiring harness,27.81,2024-03-15 13:57:00
BILL-000089,JOB-000048,parts,Refrigerant refill,200.63,2024-03-14 15:57:00
BILL-000090,JOB-000049,parts,Wiring harness,29.92,2024-03-15 14:01:00
BILL-000091,JOB-000049,parts,Sensor kit,91.87,2024-03-15 23:01:00
BILL-000092,JOB-000049,parts,Sensor kit,80.43,2024-03-16 11:01:00
BILL-000093,JOB-000050,parts,Control board,289.39,2024-03-13 11:02:00
BILL-000094,JOB-000050,parts,Valve assembly,106.23,2024-03-13 06:02:00
BILL-000095,JOB-000050,parts,Refrigerant refill,59.71,2024-03-13 13:02:00
BILL-000096,JOB-000050,credit_return,Customer return/adjustment,-72.75,2024-03-15 09:02:00
BILL-000097,JOB-000051,parts,Control board,278.3,2024-03-14 10:06:00
BILL-000098,JOB-000052,parts,Filter pack,17.06,2023-09-07 00:56:00
BILL-000099,JOB-000052,parts,Valve assembly,38.27,2023-09-07 01:56:00
BILL-000100,JOB-000053,parts,Valve assembly,103.78,2023-09-06 17:32:00
BILL-000101,JOB-000053,parts,Sensor kit,115.34,2023-09-08 01:32:00
BILL-000102,JOB-000054,parts,Thermostat,149.77,2025-03-26 20:42:00
BILL-000103,JOB-000055,parts,Control board,94.89,2025-03-27 12:13:00
BILL-000104,JOB-000056,parts,Wiring harness,27.45,2025-03-26 16:03:00
BILL-000105,JOB-000057,parts,Control board,98.56,2025-03-27 17:22:00
BILL-000106,JOB-000057,parts,Filter pack,58.41,2025-03-27 03:22:00
BILL-000107,JOB-000058,parts,Sensor kit,129.22,2024-10-16 02:03:00
BILL-000108,JOB-000059,parts,Filter pack,35.88,2024-10-16 05:08:00
BILL-000109,JOB-000060,parts,Sensor kit,133.66,2024-11-26 16:33:00
BILL-000110,JOB-000061,parts,Compressor unit,721.69,2024-11-26 20:48:00
BILL-000111,JOB-000062,parts,Control board,86.06,2024-12-30 19:35:00
BILL-000112,JOB-000062,parts,Refrigerant refill,67.96,2024-12-30 19:35:00
BILL-000113,JOB-000063,parts,Refrigerant refill,63.03,2025-01-01 01:17:00
BILL-000114,JOB-000063,parts,Valve assembly,79.73,2024-12-31 21:17:00
BILL-000115,JOB-000064,parts,Refrigerant refill,121.5,2025-01-01 12:08:00
BILL-000116,JOB-000064,parts,Valve assembly,69.96,2025-01-01 06:08:00
BILL-000117,JOB-000065,parts,Thermostat,116.27,2024-12-21 14:17:00
BILL-000118,JOB-000066,parts,Filter pack,49.76,2024-12-21 13:44:00
BILL-000119,JOB-000066,parts,Wiring harness,27.87,2024-12-21 12:44:00
BILL-000120,JOB-000067,parts,Thermostat,58.21,2024-12-22 00:58:00
BILL-000121,JOB-000068,parts,Valve assembly,121.45,2024-12-22 12:33:00
BILL-000122,JOB-000068,parts,Filter pack,32.62,2024-12-21 06:33:00
BILL-000123,JOB-000069,parts,Sensor kit,80.67,2023-03-23 01:12:00
BILL-000124,JOB-000069,parts,Filter pack,33.44,2023-03-23 08:12:00
BILL-000125,JOB-000070,parts,Compressor unit,695.36,2023-03-23 18:49:00
BILL-000126,JOB-000070,parts,Filter pack,18.22,2023-03-23 13:49:00
BILL-000127,JOB-000071,parts,Refrigerant refill,65.79,2023-03-24 12:20:00
BILL-000128,JOB-000072,parts,Control board,307.38,2023-03-23 19:47:00
BILL-000129,JOB-000072,parts,Wiring harness,58.45,2023-03-23 05:47:00
BILL-000130,JOB-000072,parts,Refrigerant refill,68.94,2023-03-24 00:47:00
BILL-000131,JOB-000072,credit_return,Customer return/adjustment,-35.58,2023-03-24 16:47:00
BILL-000132,JOB-000073,parts,Thermostat,55.1,2024-07-23 23:21:00
BILL-000133,JOB-000075,parts,Compressor unit,433.71,2024-07-24 01:49:00
BILL-000134,JOB-000075,parts,Compressor unit,459.3,2024-07-23 14:49:00
BILL-000135,JOB-000075,parts,Compressor unit,780.2,2024-07-22 15:49:00
BILL-000136,JOB-000076,parts,Control board,174.61,2024-07-23 18:01:00
BILL-000137,JOB-000077,parts,Filter pack,35.28,2023-06-15 21:40:00
BILL-000138,JOB-000077,parts,Filter pack,36.81,2023-06-15 11:40:00
BILL-000139,JOB-000078,parts,Thermostat,177.14,2023-06-14 20:18:00
BILL-000140,JOB-000078,parts,Filter pack,49.71,2023-06-15 03:18:00
BILL-000141,JOB-000078,credit_return,Customer return/adjustment,-15.78,2023-06-16 12:18:00
BILL-000142,JOB-000079,parts,Wiring harness,25.69,2023-06-15 03:54:00
BILL-000143,JOB-000079,parts,Filter pack,59.29,2023-06-16 11:54:00
BILL-000144,JOB-000080,parts,Compressor unit,218.3,2023-06-15 13:21:00
BILL-000145,JOB-000080,parts,Control board,183.51,2023-06-16 09:21:00
BILL-000146,JOB-000081,parts,Valve assembly,106.48,2023-06-15 03:31:00
BILL-000147,JOB-000081,parts,Thermostat,49.96,2023-06-15 04:31:00
BILL-000148,JOB-000082,parts,Thermostat,149.76,2024-08-17 21:06:00
BILL-000149,JOB-000082,parts,Refrigerant refill,194.14,2024-08-17 19:06:00
BILL-000150,JOB-000083,parts,Thermostat,49.59,2024-08-17 08:41:00
BILL-000151,JOB-000083,parts,Control board,192.22,2024-08-17 05:41:00
BILL-000152,JOB-000084,parts,Refrigerant refill,178.54,2025-05-07 17:07:00
BILL-000153,JOB-000084,parts,Compressor unit,216.63,2025-05-06 23:07:00
BILL-000154,JOB-000084,parts,Thermostat,101.26,2025-05-06 16:07:00
BILL-000155,JOB-000086,parts,Filter pack,37.5,2023-07-09 04:06:00
BILL-000156,JOB-000086,parts,Sensor kit,117.44,2023-07-07 19:06:00
BILL-000157,JOB-000086,parts,Refrigerant refill,127.02,2023-07-08 15:06:00
BILL-000158,JOB-000088,parts,Refrigerant refill,121.89,2023-03-30 05:51:00
BILL-000159,JOB-000088,parts,Wiring harness,28.52,2023-03-31 00:51:00
BILL-000160,JOB-000088,parts,Control board,94.26,2023-03-29 18:51:00
BILL-000161,JOB-000089,parts,Compressor unit,449.95,2023-03-29 16:00:00
BILL-000162,JOB-000090,parts,Thermostat,102.94,2023-03-31 03:55:00
BILL-000163,JOB-000090,parts,Control board,187.4,2023-03-30 01:55:00
BILL-000164,JOB-000090,parts,Wiring harness,81.36,2023-03-30 13:55:00
BILL-000165,JOB-000091,parts,Filter pack,16.38,2023-03-30 19:49:00
BILL-000166,JOB-000091,parts,Wiring harness,26.37,2023-03-30 20:49:00
BILL-000167,JOB-000092,parts,Thermostat,159.85,2023-03-31 17:18:00
BILL-000168,JOB-000092,parts,Compressor unit,683.85,2023-03-30 05:18:00
BILL-000169,JOB-000093,parts,Compressor unit,686.33,2024-05-20 13:54:00
BILL-000170,JOB-000094,parts,Refrigerant refill,202.78,2024-05-21 13:10:00
BILL-000171,JOB-000094,parts,Wiring harness,50.61,2024-05-22 10:10:00
BILL-000172,JOB-000095,parts,Valve assembly,71.53,2023-07-24 23:36:00
BILL-000173,JOB-000095,parts,Filter pack,51.71,2023-07-26 00:36:00
BILL-000174,JOB-000095,parts,Valve assembly,102.67,2023-07-24 21:36:00
BILL-000175,JOB-000096,parts,Thermostat,155.69,2023-07-26 07:27:00
BILL-000176,JOB-000096,parts,Refrigerant refill,62.6,2023-07-24 15:27:00
BILL-000177,JOB-000096,parts,Sensor kit,41.07,2023-07-25 16:27:00
BILL-000178,JOB-000098,parts,Thermostat,104.42,2024-09-09 23:51:00
BILL-000179,JOB-000099,parts,Sensor kit,134.14,2024-05-22 10:16:00
BILL-000180,JOB-000101,parts,Compressor unit,515.83,2024-09-18 16:30:00
BILL-000181,JOB-000101,parts,Control board,101.06,2024-09-18 22:30:00
BILL-000182,JOB-000102,parts,Refrigerant refill,195.12,2024-09-17 20:59:00
BILL-000183,JOB-000102,parts,Control board,91.29,2024-09-19 10:59:00
BILL-000184,JOB-000103,parts,Filter pack,51.38,2024-09-18 21:46:00
BILL-000185,JOB-000103,parts,Valve assembly,75.37,2024-09-18 12:46:00
BILL-000186,JOB-000104,parts,Thermostat,51.52,2024-09-19 02:48:00
BILL-000187,JOB-000104,parts,Compressor unit,262.97,2024-09-18 07:48:00
BILL-000188,JOB-000105,parts,Filter pack,32.62,2024-09-19 06:46:00
BILL-000189,JOB-000106,parts,Filter pack,18.88,2023-03-01 22:16:00
BILL-000190,JOB-000106,parts,Wiring harness,76.03,2023-03-02 03:16:00
BILL-000191,JOB-000107,parts,Thermostat,151.47,2023-03-03 06:28:00
BILL-000192,JOB-000107,parts,Filter pack,35.22,2023-03-02 13:28:00
BILL-000193,JOB-000107,parts,Valve assembly,71.3,2023-03-03 00:28:00
BILL-000194,JOB-000108,parts,Control board,201.22,2023-03-03 02:00:00
BILL-000195,JOB-000108,parts,Filter pack,33.19,2023-03-01 14:00:00
BILL-000196,JOB-000109,parts,Sensor kit,88.08,2023-03-03 01:12:00
BILL-000197,JOB-000109,parts,Valve assembly,115.33,2023-03-02 02:12:00
BILL-000198,JOB-000109,parts,Valve assembly,72.78,2023-03-02 10:12:00
BILL-000199,JOB-000109,credit_return,Customer return/adjustment,-18.07,2023-03-06 15:12:00
BILL-000200,JOB-000110,parts,Control board,94.78,2023-03-01 17:39:00
BILL-000201,JOB-000110,parts,Wiring harness,56.76,2023-03-01 17:39:00
BILL-000202,JOB-000110,parts,Compressor unit,445.22,2023-03-02 11:39:00
BILL-000203,JOB-000112,parts,Sensor kit,44.31,2024-04-16 22:12:00
BILL-000204,JOB-000112,parts,Refrigerant refill,132.22,2024-04-16 18:12:00
BILL-000205,JOB-000112,parts,Valve assembly,34.44,2024-04-17 11:12:00
BILL-000206,JOB-000113,parts,Wiring harness,53.89,2024-04-16 20:57:00
BILL-000207,JOB-000113,parts,Valve assembly,77.47,2024-04-17 01:57:00
BILL-000208,JOB-000113,parts,Wiring harness,88.7,2024-04-18 03:57:00
BILL-000209,JOB-000114,parts,Valve assembly,37.36,2024-06-06 23:29:00
BILL-000210,JOB-000115,parts,Valve assembly,123.74,2024-06-07 19:05:00
BILL-000211,JOB-000116,parts,Wiring harness,25.51,2024-06-07 20:13:00
BILL-000212,JOB-000116,parts,Filter pack,58.7,2024-06-08 13:13:00
BILL-000213,JOB-000117,parts,Wiring harness,54.13,2023-08-01 11:19:00
BILL-000214,JOB-000117,parts,Thermostat,58.46,2023-07-31 10:19:00
BILL-000215,JOB-000118,parts,Control board,97.19,2023-08-01 06:34:00
BILL-000216,JOB-000118,parts,Refrigerant refill,195.48,2023-07-31 19:34:00
BILL-000217,JOB-000119,parts,Valve assembly,39.94,2023-08-01 13:52:00
BILL-000218,JOB-000119,parts,Sensor kit,87.89,2023-08-01 17:52:00
BILL-000219,JOB-000119,parts,Thermostat,49.51,2023-08-01 05:52:00
BILL-000220,JOB-000120,parts,Control board,193.58,2023-08-01 08:11:00
BILL-000221,JOB-000120,parts,Thermostat,156.53,2023-07-31 17:11:00
BILL-000222,JOB-000120,parts,Control board,289.82,2023-08-01 22:11:00
BILL-000223,JOB-000121,parts,Refrigerant refill,181.12,2023-08-02 15:20:00
BILL-000224,JOB-000122,parts,Refrigerant refill,200.45,2025-01-23 20:52:00
BILL-000225,JOB-000123,parts,Compressor unit,491.87,2025-01-24 02:24:00
BILL-000226,JOB-000123,parts,Control board,85.5,2025-01-25 04:24:00
BILL-000227,JOB-000124,parts,Control board,89.38,2023-07-14 16:39:00
BILL-000228,JOB-000124,parts,Compressor unit,711.91,2023-07-13 13:39:00
BILL-000229,JOB-000124,parts,Control board,186.37,2023-07-13 21:39:00
BILL-000230,JOB-000125,parts,Valve assembly,118.13,2023-07-15 06:13:00
BILL-000231,JOB-000125,parts,Control board,176.56,2023-07-13 13:13:00
BILL-000232,JOB-000125,parts,Sensor kit,45.21,2023-07-15 06:13:00
BILL-000233,JOB-000126,parts,Refrigerant refill,129.49,2024-09-24 05:50:00
BILL-000234,JOB-000126,parts,Control board,284.6,2024-09-25 05:50:00
BILL-000235,JOB-000126,parts,Valve assembly,74.26,2024-09-23 17:50:00
BILL-000236,JOB-000127,parts,Sensor kit,40.66,2024-09-23 20:44:00
BILL-000237,JOB-000127,parts,Wiring harness,27.94,2024-09-23 15:44:00
BILL-000238,JOB-000128,parts,Thermostat,58.41,2024-09-24 13:34:00
BILL-000239,JOB-000128,parts,Sensor kit,91.5,2024-09-24 20:34:00
BILL-000240,JOB-000128,parts,Valve assembly,41.66,2024-09-24 13:34:00
BILL-000241,JOB-000129,parts,Refrigerant refill,140.47,2024-09-25 01:35:00
BILL-000242,JOB-000129,parts,Wiring harness,75.29,2024-09-25 09:35:00
BILL-000243,JOB-000129,parts,Sensor kit,87.65,2024-09-25 04:35:00
BILL-000244,JOB-000130,parts,Sensor kit,89.84,2024-09-25 12:58:00
BILL-000245,JOB-000130,parts,Valve assembly,69.44,2024-09-25 11:58:00
BILL-000246,JOB-000130,parts,Thermostat,117.99,2024-09-25 08:58:00
BILL-000247,JOB-000131,parts,Valve assembly,39.5,2024-06-16 00:39:00
BILL-000248,JOB-000131,parts,Filter pack,55.27,2024-06-15 12:39:00
BILL-000249,JOB-000131,parts,Control board,86.06,2024-06-16 09:39:00
BILL-000250,JOB-000132,parts,Control board,206.5,2024-06-15 19:50:00
BILL-000251,JOB-000133,parts,Refrigerant refill,70.2,2024-06-15 03:23:00
BILL-000252,JOB-000134,parts,Wiring harness,25.09,2024-06-15 10:52:00
BILL-000253,JOB-000134,parts,Control board,101.59,2024-06-14 22:52:00
BILL-000254,JOB-000136,parts,Compressor unit,231.42,2023-07-21 10:24:00
BILL-000255,JOB-000136,parts,Thermostat,100.08,2023-07-21 06:24:00
BILL-000256,JOB-000137,parts,Refrigerant refill,129.77,2023-07-21 12:34:00
BILL-000257,JOB-000138,parts,Sensor kit,90.34,2024-12-20 22:26:00
BILL-000258,JOB-000139,parts,Control board,86.13,2024-12-20 20:18:00
BILL-000259,JOB-000140,parts,Wiring harness,83.27,2025-05-16 13:42:00
BILL-000260,JOB-000140,parts,Filter pack,18.66,2025-05-18 07:42:00
BILL-000261,JOB-000141,parts,Refrigerant refill,65.91,2025-05-17 18:56:00
BILL-000262,JOB-000141,parts,Filter pack,36.85,2025-05-17 23:56:00
BILL-000263,JOB-000142,parts,Thermostat,110.71,2025-05-16 18:44:00
BILL-000264,JOB-000143,parts,Valve assembly,35.1,2025-05-17 05:49:00
BILL-000265,JOB-000144,parts,Filter pack,17.01,2023-08-18 05:54:00
BILL-000266,JOB-000144,parts,Valve assembly,79.09,2023-08-17 15:54:00
BILL-000267,JOB-000144,parts,Sensor kit,77.77,2023-08-18 23:54:00
BILL-000268,JOB-000145,parts,Valve assembly,77.8,2023-08-18 22:49:00
BILL-000269,JOB-000145,parts,Control board,283.35,2023-08-18 04:49:00
BILL-000270,JOB-000145,parts,Compressor unit,232.23,2023-08-18 04:49:00
BILL-000271,JOB-000146,parts,Sensor kit,42.9,2023-08-19 12:32:00
BILL-000272,JOB-000147,parts,Compressor unit,239.69,2023-08-19 05:15:00
BILL-000273,JOB-000147,parts,Compressor unit,526.18,2023-08-18 19:15:00
BILL-000274,JOB-000147,parts,Control board,283.79,2023-08-18 01:15:00
BILL-000275,JOB-000148,parts,Control board,94.94,2024-05-02 01:31:00
BILL-000276,JOB-000149,parts,Thermostat,114.08,2024-05-02 02:45:00
BILL-000277,JOB-000149,parts,Compressor unit,217.26,2024-05-02 00:45:00
BILL-000278,JOB-000150,parts,Compressor unit,717.43,2024-05-02 16:02:00
BILL-000279,JOB-000150,parts,Wiring harness,76.32,2024-05-03 12:02:00
BILL-000280,JOB-000151,parts,Control board,175.48,2024-05-03 10:01:00
BILL-000281,JOB-000152,parts,Filter pack,17.44,2025-04-09 14:02:00
BILL-000282,JOB-000152,parts,Refrigerant refill,59.7,2025-04-09 11:02:00
BILL-000283,JOB-000153,parts,Compressor unit,257.92,2025-04-10 04:20:00
BILL-000284,JOB-000153,parts,Compressor unit,218.72,2025-04-10 17:20:00
BILL-000285,JOB-000153,parts,Sensor kit,77.24,2025-04-10 11:20:00
BILL-000286,JOB-000155,parts,Valve assembly,38.81,2025-02-22 17:38:00
BILL-000287,JOB-000156,parts,Control board,90.25,2025-02-22 23:38:00
BILL-000288,JOB-000156,parts,Refrigerant refill,135.34,2025-02-22 11:38:00
BILL-000289,JOB-000156,parts,Refrigerant refill,135.54,2025-02-22 12:38:00
BILL-000290,JOB-000157,parts,Refrigerant refill,210.33,2025-02-22 10:46:00
BILL-000291,JOB-000157,parts,Control board,92.09,2025-02-22 16:46:00
BILL-000292,JOB-000158,parts,Thermostat,98.89,2025-02-22 00:26:00
BILL-000293,JOB-000158,parts,Refrigerant refill,136.29,2025-02-22 05:26:00
BILL-000294,JOB-000158,parts,Control board,198.55,2025-02-22 01:26:00
BILL-000295,JOB-000158,credit_return,Customer return/adjustment,-32.63,2025-03-01 15:26:00
BILL-000296,JOB-000160,parts,Thermostat,48.83,2024-11-07 12:50:00
BILL-000297,JOB-000160,parts,Valve assembly,77.34,2024-11-08 05:50:00
BILL-000298,JOB-000160,parts,Control board,90.8,2024-11-09 01:50:00
BILL-000299,JOB-000161,parts,Wiring harness,54.38,2023-09-12 01:40:00
BILL-000300,JOB-000162,parts,Wiring harness,75.11,2023-09-12 09:57:00
BILL-000301,JOB-000162,credit_return,Customer return/adjustment,-72.22,2023-09-12 13:57:00
BILL-000302,JOB-000163,parts,Filter pack,38.23,2023-09-27 00:25:00
BILL-000303,JOB-000163,parts,Refrigerant refill,62.93,2023-09-27 02:25:00
BILL-000304,JOB-000163,parts,Wiring harness,58.11,2023-09-27 10:25:00
BILL-000305,JOB-000165,parts,Wiring harness,89.64,2023-01-18 05:47:00
BILL-000306,JOB-000166,parts,Thermostat,109.57,2023-01-19 02:16:00
BILL-000307,JOB-000166,parts,Valve assembly,41.5,2023-01-18 19:16:00
BILL-000308,JOB-000166,parts,Refrigerant refill,70.3,2023-01-18 07:16:00
BILL-000309,JOB-000167,parts,Control board,100.16,2023-01-18 11:12:00
BILL-000310,JOB-000167,parts,Filter pack,52.86,2023-01-19 08:12:00
BILL-000311,JOB-000168,parts,Valve assembly,121.07,2023-01-19 09:47:00
BILL-000312,JOB-000168,parts,Compressor unit,230.73,2023-01-19 13:47:00
BILL-000313,JOB-000169,parts,Sensor kit,84.37,2024-04-16 13:53:00
BILL-000314,JOB-000169,parts,Compressor unit,435.55,2024-04-16 07:53:00
BILL-000315,JOB-000170,parts,Refrigerant refill,118.52,2024-04-15 17:57:00
BILL-000316,JOB-000170,parts,Valve assembly,115.17,2024-04-15 16:57:00
BILL-000317,JOB-000170,parts,Thermostat,51.39,2024-04-16 05:57:00
BILL-000318,JOB-000171,parts,Sensor kit,43.61,2024-04-16 00:52:00
BILL-000319,JOB-000171,parts,Compressor unit,221.49,2024-04-15 17:52:00
BILL-000320,JOB-000172,parts,Thermostat,156.08,2024-04-17 04:10:00
BILL-000321,JOB-000172,parts,Refrigerant refill,70.87,2024-04-16 09:10:00
BILL-000322,JOB-000172,parts,Valve assembly,39.36,2024-04-16 15:10:00
BILL-000323,JOB-000173,parts,Refrigerant refill,119.84,2024-04-17 03:40:00
BILL-000324,JOB-000174,parts,Control board,89.38,2024-07-18 22:29:00
BILL-000325,JOB-000174,parts,Filter pack,53.09,2024-07-19 03:29:00
BILL-000326,JOB-000174,parts,Wiring harness,51.07,2024-07-18 06:29:00
BILL-000327,JOB-000175,parts,Filter pack,38.86,2024-07-18 11:09:00
BILL-000328,JOB-000175,parts,Thermostat,110.63,2024-07-17 22:09:00
BILL-000329,JOB-000176,parts,Sensor kit,115.4,2024-07-19 03:19:00
BILL-000330,JOB-000176,parts,Refrigerant refill,130.28,2024-07-19 12:19:00
BILL-000331,JOB-000177,parts,Filter pack,17.56,2023-11-09 23:35:00
BILL-000332,JOB-000177,parts,Compressor unit,752.58,2023-11-09 10:35:00
BILL-000333,JOB-000177,parts,Control board,103.71,2023-11-09 00:35:00
BILL-000334,JOB-000178,parts,Wiring harness,86.35,2023-11-09 22:32:00
BILL-000335,JOB-000178,parts,Compressor unit,716.02,2023-11-09 22:32:00
BILL-000336,JOB-000178,parts,Thermostat,103.01,2023-11-10 01:32:00
BILL-000337,JOB-000179,parts,Filter pack,19.08,2024-12-12 11:34:00
BILL-000338,JOB-000181,parts,Control board,270.24,2024-04-20 08:53:00
BILL-000339,JOB-000181,parts,Wiring harness,50.38,2024-04-19 21:53:00
BILL-000340,JOB-000182,parts,Thermostat,153.26,2024-04-19 14:55:00
BILL-000341,JOB-000182,parts,Refrigerant refill,207.79,2024-04-18 20:55:00
BILL-000342,JOB-000183,parts,Wiring harness,83.9,2023-06-19 18:32:00
BILL-000343,JOB-000184,parts,Filter pack,33.25,2023-06-20 15:31:00
BILL-000344,JOB-000184,parts,Wiring harness,90.47,2023-06-21 01:31:00
BILL-000345,JOB-000185,parts,Sensor kit,76.76,2023-06-19 22:56:00
BILL-000346,JOB-000186,parts,Thermostat,149.07,2023-06-19 20:47:00
BILL-000347,JOB-000186,parts,Wiring harness,28.55,2023-06-19 22:47:00
BILL-000348,JOB-000186,parts,Sensor kit,136.86,2023-06-20 18:47:00
BILL-000349,JOB-000187,parts,Sensor kit,88.35,2023-06-20 11:06:00
BILL-000350,JOB-000187,parts,Valve assembly,36.76,2023-06-20 17:06:00
BILL-000351,JOB-000188,parts,Control board,259.08,2023-04-09 08:32:00
BILL-000352,JOB-000188,parts,Filter pack,38.96,2023-04-09 01:32:00
BILL-000353,JOB-000188,parts,Thermostat,172.85,2023-04-08 03:32:00
BILL-000354,JOB-000189,parts,Sensor kit,119.43,2023-04-09 00:12:00
BILL-000355,JOB-000189,parts,Control board,102.52,2023-04-09 00:12:00
BILL-000356,JOB-000189,parts,Filter pack,55.61,2023-04-08 11:12:00
BILL-000357,JOB-000190,parts,Valve assembly,35.97,2023-04-08 19:26:00
BILL-000358,JOB-000191,parts,Wiring harness,53.05,2023-12-16 06:19:00
BILL-000359,JOB-000191,parts,Sensor kit,38.61,2023-12-17 09:19:00
BILL-000360,JOB-000191,parts,Refrigerant refill,130.5,2023-12-16 22:19:00
BILL-000361,JOB-000192,parts,Control board,181.82,2023-12-15 19:45:00
BILL-000362,JOB-000192,parts,Valve assembly,75.8,2023-12-16 02:45:00
BILL-000363,JOB-000194,parts,Valve assembly,119.78,2023-01-25 00:20:00
BILL-000364,JOB-000194,parts,Valve assembly,34.93,2023-01-25 21:20:00
BILL-000365,JOB-000195,parts,Compressor unit,777.97,2023-01-25 23:42:00
BILL-000366,JOB-000196,parts,Compressor unit,511.92,2023-01-24 16:41:00
BILL-000367,JOB-000197,parts,Wiring harness,81.59,2023-12-20 17:48:00
BILL-000368,JOB-000197,parts,Thermostat,117.03,2023-12-22 06:48:00
BILL-000369,JOB-000198,parts,Thermostat,107.85,2023-12-20 16:11:00
BILL-000370,JOB-000199,parts,Control board,201.54,2024-07-07 10:41:00
BILL-000371,JOB-000199,parts,Refrigerant refill,178.4,2024-07-05 21:41:00
BILL-000372,JOB-000200,parts,Thermostat,169.63,2024-07-07 08:25:00
BILL-000373,JOB-000200,parts,Control board,295.71,2024-07-05 15:25:00
BILL-000374,JOB-000201,parts,Filter pack,19.23,2023-06-04 05:32:00
BILL-000375,JOB-000201,parts,Compressor unit,738.33,2023-06-03 02:32:00
BILL-000376,JOB-000201,parts,Sensor kit,124.34,2023-06-03 01:32:00
BILL-000377,JOB-000202,parts,Thermostat,53.83,2023-06-03 00:12:00
BILL-000378,JOB-000202,parts,Thermostat,100.05,2023-06-04 05:12:00
BILL-000379,JOB-000203,parts,Refrigerant refill,64.15,2023-06-03 22:41:00
BILL-000380,JOB-000203,parts,Refrigerant refill,182.45,2023-06-03 17:41:00
BILL-000381,JOB-000203,parts,Valve assembly,111.27,2023-06-04 04:41:00
BILL-000382,JOB-000204,parts,Thermostat,167.08,2024-10-23 23:28:00
BILL-000383,JOB-000204,parts,Valve assembly,40.85,2024-10-25 06:28:00
BILL-000384,JOB-000205,parts,Wiring harness,80.14,2024-10-24 21:04:00
BILL-000385,JOB-000205,parts,Valve assembly,35.86,2024-10-24 09:04:00
BILL-000386,JOB-000205,parts,Wiring harness,53.08,2024-10-25 09:04:00
BILL-000387,JOB-000206,parts,Thermostat,111.47,2024-10-24 14:39:00
BILL-000388,JOB-000207,parts,Sensor kit,90.78,2024-09-10 16:42:00
BILL-000389,JOB-000207,parts,Wiring harness,78.13,2024-09-10 03:42:00
BILL-000390,JOB-000207,parts,Valve assembly,107.5,2024-09-10 11:42:00
BILL-000391,JOB-000208,parts,Valve assembly,109.84,2024-09-10 13:37:00
BILL-000392,JOB-000208,parts,Thermostat,105.81,2024-09-09 15:37:00
BILL-000393,JOB-000209,parts,Refrigerant refill,133.54,2023-10-24 14:16:00
BILL-000394,JOB-000209,parts,Valve assembly,74.63,2023-10-26 00:16:00
BILL-000395,JOB-000209,parts,Sensor kit,120.01,2023-10-26 04:16:00
BILL-000396,JOB-000210,parts,Filter pack,18.38,2023-10-24 15:31:00
BILL-000397,JOB-000210,parts,Compressor unit,440.66,2023-10-26 11:31:00
BILL-000398,JOB-000210,parts,Filter pack,37.92,2023-10-26 01:31:00
BILL-000399,JOB-000211,parts,Refrigerant refill,130.92,2023-10-25 03:31:00
BILL-000400,JOB-000212,parts,Refrigerant refill,137.83,2023-10-25 17:30:00
BILL-000401,JOB-000212,parts,Filter pack,33.95,2023-10-26 16:30:00
BILL-000402,JOB-000213,parts,Compressor unit,252.25,2023-10-26 06:02:00
BILL-000403,JOB-000214,parts,Thermostat,50.3,2024-03-02 04:36:00
BILL-000404,JOB-000214,parts,Compressor unit,246.31,2024-03-03 05:36:00
BILL-000405,JOB-000215,parts,Control board,195.9,2024-03-01 19:17:00
BILL-000406,JOB-000215,parts,Valve assembly,34.78,2024-03-02 19:17:00
BILL-000407,JOB-000216,parts,Wiring harness,24.83,2024-11-27 21:56:00
BILL-000408,JOB-000216,parts,Sensor kit,44.5,2024-11-27 12:56:00
BILL-000409,JOB-000216,parts,Refrigerant refill,209.01,2024-11-27 07:56:00
BILL-000410,JOB-000217,parts,Compressor unit,458.31,2024-11-27 01:50:00
BILL-000411,JOB-000217,parts,Control board,207.83,2024-11-28 01:50:00
BILL-000412,JOB-000217,parts,Thermostat,103.49,2024-11-26 18:50:00
BILL-000413,JOB-000218,parts,Valve assembly,72.72,2024-11-28 12:29:00
BILL-000414,JOB-000218,parts,Refrigerant refill,117.45,2024-11-27 23:29:00
BILL-000415,JOB-000220,parts,Control board,179.51,2023-12-21 13:57:00
BILL-000416,JOB-000220,parts,Wiring harness,27.21,2023-12-22 18:57:00
BILL-000417,JOB-000221,parts,Valve assembly,70.59,2023-12-23 06:44:00
BILL-000418,JOB-000221,parts,Control board,96.16,2023-12-22 03:44:00
BILL-000419,JOB-000221,parts,Thermostat,153.9,2023-12-21 23:44:00
BILL-000420,JOB-000223,parts,Refrigerant refill,68.48,2023-12-22 04:07:00
BILL-000421,JOB-000223,parts,Wiring harness,57.65,2023-12-21 21:07:00
BILL-000422,JOB-000223,credit_return,Customer return/adjustment,-66.67,2023-12-31 11:07:00
BILL-000423,JOB-000224,parts,Compressor unit,498.28,2023-12-23 01:55:00
BILL-000424,JOB-000224,parts,Thermostat,161.99,2023-12-23 07:55:00
BILL-000425,JOB-000225,parts,Thermostat,163.78,2023-12-23 16:36:00
BILL-000426,JOB-000225,parts,Control board,93.59,2023-12-21 21:36:00
BILL-000427,JOB-000226,parts,Sensor kit,133.83,2023-12-22 05:52:00
BILL-000428,JOB-000229,parts,Compressor unit,479.54,2024-03-10 03:53:00
BILL-000429,JOB-000231,parts,Sensor kit,137.04,2023-05-27 12:53:00
BILL-000430,JOB-000231,parts,Wiring harness,26.38,2023-05-27 13:53:00
BILL-000431,JOB-000232,parts,Valve assembly,109.95,2023-05-27 11:45:00
BILL-000432,JOB-000232,parts,Sensor kit,40.72,2023-05-28 07:45:00
BILL-000433,JOB-000232,parts,Refrigerant refill,212.63,2023-05-27 11:45:00
BILL-000434,JOB-000233,parts,Thermostat,101.75,2023-06-28 08:38:00
BILL-000435,JOB-000233,parts,Sensor kit,42.71,2023-06-28 17:38:00
BILL-000436,JOB-000233,credit_return,Customer return/adjustment,-46.22,2023-06-30 10:38:00
BILL-000437,JOB-000234,parts,Control board,91.42,2023-06-28 02:09:00
BILL-000438,JOB-000234,parts,Refrigerant refill,179.16,2023-06-28 19:09:00
BILL-000439,JOB-000235,parts,Thermostat,150.87,2023-06-28 13:22:00
BILL-000440,JOB-000236,parts,Filter pack,48.75,2023-06-28 05:59:00
BILL-000441,JOB-000237,parts,Valve assembly,77.89,2023-06-28 19:33:00
BILL-000442,JOB-000237,parts,Valve assembly,114.94,2023-06-29 12:33:00
BILL-000443,JOB-000238,parts,Sensor kit,44.46,2024-08-20 03:49:00
BILL-000444,JOB-000238,parts,Sensor kit,86.08,2024-08-19 18:49:00
BILL-000445,JOB-000238,parts,Wiring harness,55.83,2024-08-20 23:49:00
BILL-000446,JOB-000239,parts,Thermostat,50.42,2024-08-20 02:09:00
BILL-000447,JOB-000239,parts,Refrigerant refill,70.58,2024-08-21 03:09:00
BILL-000448,JOB-000239,parts,Sensor kit,39.65,2024-08-19 12:09:00
BILL-000449,JOB-000240,parts,Sensor kit,135.33,2024-08-20 16:20:00
BILL-000450,JOB-000241,parts,Valve assembly,119.93,2024-08-20 07:41:00
BILL-000451,JOB-000241,parts,Wiring harness,58.01,2024-08-21 13:41:00
BILL-000452,JOB-000242,parts,Filter pack,49.44,2024-08-21 08:27:00
BILL-000453,JOB-000242,parts,Refrigerant refill,70.79,2024-08-20 11:27:00
BILL-000454,JOB-000243,parts,Thermostat,112.21,2025-04-08 04:54:00
BILL-000455,JOB-000243,parts,Control board,307.79,2025-04-09 05:54:00
BILL-000456,JOB-000244,parts,Filter pack,37.95,2025-04-08 11:38:00
BILL-000457,JOB-000245,parts,Refrigerant refill,126.73,2025-03-06 09:36:00
BILL-000458,JOB-000246,parts,Thermostat,108.56,2025-03-04 11:28:00
BILL-000459,JOB-000247,parts,Control board,205.8,2025-03-05 22:14:00
BILL-000460,JOB-000247,parts,Compressor unit,687.32,2025-03-06 07:14:00
BILL-000461,JOB-000248,parts,Wiring harness,30.23,2025-03-06 14:19:00
BILL-000462,JOB-000248,parts,Valve assembly,77.9,2025-03-06 05:19:00
BILL-000463,JOB-000249,parts,Thermostat,166.28,2025-03-06 02:42:00
BILL-000464,JOB-000249,parts,Sensor kit,89.25,2025-03-06 12:42:00
BILL-000465,JOB-000249,parts,Control board,92.52,2025-03-06 10:42:00
BILL-000466,JOB-000250,parts,Sensor kit,38.95,2024-03-15 16:26:00
BILL-000467,JOB-000251,parts,Compressor unit,441.36,2024-03-16 22:37:00
BILL-000468,JOB-000251,parts,Valve assembly,39.18,2024-03-17 11:37:00
BILL-000469,JOB-000251,parts,Compressor unit,512.38,2024-03-16 08:37:00
BILL-000470,JOB-000252,parts,Filter pack,48.75,2024-09-18 04:56:00
BILL-000471,JOB-000253,parts,Compressor unit,225.26,2024-09-17 20:01:00
BILL-000472,JOB-000253,parts,Sensor kit,121.55,2024-09-16 23:01:00
BILL-000473,JOB-000253,parts,Thermostat,51.58,2024-09-17 00:01:00
BILL-000474,JOB-000254,parts,Sensor kit,133.79,2024-09-16 14:42:00
BILL-000475,JOB-000254,parts,Valve assembly,76.92,2024-09-16 21:42:00
BILL-000476,JOB-000256,parts,Control board,309.53,2023-08-01 16:52:00
BILL-000477,JOB-000256,parts,Control board,88.97,2023-08-01 16:52:00
BILL-000478,JOB-000256,parts,Sensor kit,86.55,2023-08-01 12:52:00
BILL-000479,JOB-000257,parts,Refrigerant refill,190.11,2023-05-02 15:27:00
BILL-000480,JOB-000258,parts,Valve assembly,117.24,2023-05-03 01:16:00
BILL-000481,JOB-000259,parts,Sensor kit,77.41,2023-05-04 12:09:00
BILL-000482,JOB-000259,parts,Valve assembly,36.32,2023-05-04 03:09:00
BILL-000483,JOB-000259,parts,Filter pack,34.03,2023-05-03 03:09:00
BILL-000484,JOB-000260,parts,Sensor kit,80.91,2023-05-03 22:12:00
BILL-000485,JOB-000261,parts,Filter pack,52.53,2023-01-29 05:17:00
BILL-000486,JOB-000261,parts,Thermostat,168.06,2023-01-27 22:17:00
BILL-000487,JOB-000261,credit_return,Customer return/adjustment,-77.6,2023-02-03 11:17:00
BILL-000488,JOB-000263,parts,Refrigerant refill,192.42,2023-01-29 08:36:00
BILL-000489,JOB-000264,parts,Refrigerant refill,135.19,2023-01-29 02:21:00
BILL-000490,JOB-000264,parts,Valve assembly,38.1,2023-01-28 07:21:00
BILL-000491,JOB-000265,parts,Valve assembly,41.21,2023-01-29 04:42:00
BILL-000492,JOB-000265,parts,Sensor kit,78.88,2023-01-29 08:42:00
BILL-000493,JOB-000266,parts,Wiring harness,83.96,2025-02-17 12:16:00
BILL-000494,JOB-000266,parts,Filter pack,49.73,2025-02-18 08:16:00
BILL-000495,JOB-000266,parts,Compressor unit,236.23,2025-02-18 07:16:00
BILL-000496,JOB-000267,parts,Sensor kit,81.71,2025-02-18 16:39:00
BILL-000497,JOB-000268,parts,Thermostat,160.59,2025-02-19 01:49:00
BILL-000498,JOB-000269,parts,Wiring harness,58.68,2025-02-18 07:18:00
BILL-000499,JOB-000269,parts,Filter pack,52.25,2025-02-19 10:18:00
BILL-000500,JOB-000269,parts,Wiring harness,49.94,2025-02-18 05:18:00
BILL-000501,JOB-000270,parts,Control board,187.18,2025-05-30 03:24:00
BILL-000502,JOB-000270,parts,Wiring harness,74.72,2025-05-30 18:24:00
BILL-000503,JOB-000270,parts,Sensor kit,91.57,2025-05-31 06:24:00
BILL-000504,JOB-000271,parts,Sensor kit,43.89,2025-05-29 15:01:00
BILL-000505,JOB-000272,parts,Sensor kit,84.3,2025-05-29 23:03:00
BILL-000506,JOB-000272,parts,Thermostat,55.71,2025-05-30 01:03:00
BILL-000507,JOB-000273,parts,Valve assembly,35.6,2025-05-30 04:22:00
BILL-000508,JOB-000273,parts,Wiring harness,28.73,2025-05-30 00:22:00
BILL-000509,JOB-000274,parts,Compressor unit,447.3,2025-02-21 16:48:00
BILL-000510,JOB-000274,parts,Thermostat,168.05,2025-02-23 06:48:00
BILL-000511,JOB-000275,parts,Wiring harness,57.27,2025-02-21 18:07:00
BILL-000512,JOB-000275,parts,Wiring harness,26.5,2025-02-21 20:07:00
BILL-000513,JOB-000276,parts,Valve assembly,119.25,2025-02-22 18:18:00
BILL-000514,JOB-000276,parts,Wiring harness,75.43,2025-02-22 22:18:00
BILL-000515,JOB-000277,parts,Compressor unit,258.51,2025-02-22 03:43:00
BILL-000516,JOB-000277,parts,Refrigerant refill,126.42,2025-02-23 00:43:00
BILL-000517,JOB-000277,parts,Compressor unit,734.28,2025-02-22 17:43:00
BILL-000518,JOB-000278,parts,Refrigerant refill,65.0,2025-02-21 20:55:00
BILL-000519,JOB-000278,parts,Refrigerant refill,128.32,2025-02-22 15:55:00
BILL-000520,JOB-000278,parts,Wiring harness,77.22,2025-02-22 03:55:00
BILL-000521,JOB-000279,parts,Thermostat,51.42,2025-06-17 11:45:00
BILL-000522,JOB-000279,parts,Sensor kit,41.63,2025-06-17 18:45:00
BILL-000523,JOB-000280,parts,Control board,197.07,2025-06-16 17:59:00
BILL-000524,JOB-000280,parts,Wiring harness,25.63,2025-06-16 19:59:00
BILL-000525,JOB-000281,parts,Thermostat,53.85,2025-06-18 06:58:00
BILL-000526,JOB-000281,parts,Wiring harness,57.98,2025-06-17 07:58:00
BILL-000527,JOB-000282,parts,Control board,302.51,2025-06-17 19:42:00
BILL-000528,JOB-000282,parts,Filter pack,37.53,2025-06-18 01:42:00
BILL-000529,JOB-000282,parts,Filter pack,19.03,2025-06-17 18:42:00
BILL-000530,JOB-000283,parts,Control board,85.63,2025-06-18 15:23:00
BILL-000531,JOB-000283,parts,Valve assembly,38.11,2025-06-18 09:23:00
BILL-000532,JOB-000284,parts,Wiring harness,27.31,2023-09-06 11:13:00
BILL-000533,JOB-000284,parts,Control board,188.49,2023-09-06 12:13:00
BILL-000534,JOB-000285,parts,Filter pack,35.47,2023-09-08 06:28:00
BILL-000535,JOB-000285,parts,Valve assembly,38.32,2023-09-06 22:28:00
BILL-000536,JOB-000285,parts,Valve assembly,74.74,2023-09-07 15:28:00
BILL-000537,JOB-000286,parts,Compressor unit,664.08,2023-09-08 10:42:00
BILL-000538,JOB-000286,parts,Compressor unit,754.37,2023-09-07 03:42:00
BILL-000539,JOB-000286,parts,Sensor kit,42.8,2023-09-06 20:42:00
BILL-000540,JOB-000287,parts,Thermostat,116.48,2024-05-09 10:57:00
BILL-000541,JOB-000287,parts,Thermostat,165.8,2024-05-10 10:57:00
BILL-000542,JOB-000287,parts,Thermostat,49.43,2024-05-09 11:57:00
BILL-000543,JOB-000287,credit_return,Customer return/adjustment,-60.7,2024-05-10 11:57:00
BILL-000544,JOB-000288,parts,Control board,206.24,2024-05-10 13:53:00
BILL-000545,JOB-000288,parts,Valve assembly,74.49,2024-05-09 01:53:00
BILL-000546,JOB-000289,parts,Control board,207.68,2024-05-09 05:01:00
BILL-000547,JOB-000289,parts,Valve assembly,77.76,2024-05-10 03:01:00
BILL-000548,JOB-000290,parts,Compressor unit,487.04,2024-05-09 08:32:00
BILL-000549,JOB-000291,parts,Valve assembly,118.31,2024-05-09 09:14:00
BILL-000550,JOB-000291,parts,Valve assembly,117.91,2024-05-10 12:14:00
BILL-000551,JOB-000292,parts,Valve assembly,68.48,2024-08-01 22:48:00
BILL-000552,JOB-000292,credit_return,Customer return/adjustment,-46.07,2024-08-04 08:48:00
BILL-000553,JOB-000293,parts,Valve assembly,77.51,2024-08-03 03:18:00
BILL-000554,JOB-000293,parts,Filter pack,17.0,2024-08-01 12:18:00
BILL-000555,JOB-000294,parts,Control board,272.91,2024-08-03 10:16:00
BILL-000556,JOB-000295,parts,Wiring harness,84.07,2023-10-25 20:46:00
BILL-000557,JOB-000295,parts,Wiring harness,59.73,2023-10-24 10:46:00
BILL-000558,JOB-000296,parts,Filter pack,33.49,2023-10-26 12:12:00
BILL-000559,JOB-000296,parts,Thermostat,54.35,2023-10-24 23:12:00
BILL-000560,JOB-000297,parts,Wiring harness,28.38,2023-10-26 03:17:00
BILL-000561,JOB-000297,parts,Control board,284.23,2023-10-25 13:17:00
BILL-000562,JOB-000298,parts,Filter pack,34.5,2023-10-25 13:37:00
BILL-000563,JOB-000298,parts,Thermostat,160.94,2023-10-25 02:37:00
BILL-000564,JOB-000298,parts,Sensor kit,123.72,2023-10-25 20:37:00
BILL-000565,JOB-000299,parts,Valve assembly,119.56,2025-05-10 02:01:00
BILL-000566,JOB-000300,parts,Sensor kit,86.82,2025-05-09 19:48:00
BILL-000567,JOB-000300,parts,Control board,179.3,2025-05-09 19:48:00
BILL-000568,JOB-000300,parts,Valve assembly,40.77,2025-05-11 11:48:00
BILL-000569,JOB-000301,parts,Wiring harness,57.76,2025-05-10 16:14:00
BILL-000570,JOB-000301,parts,Valve assembly,80.11,2025-05-11 06:14:00
BILL-000571,JOB-000301,parts,Control board,306.93,2025-05-11 06:14:00
BILL-000572,JOB-000302,parts,Wiring harness,29.47,2025-05-10 22:49:00
BILL-000573,JOB-000302,parts,Thermostat,115.04,2025-05-10 19:49:00
BILL-000574,JOB-000303,parts,Wiring harness,49.54,2025-05-10 14:57:00
BILL-000575,JOB-000304,parts,Sensor kit,137.89,2023-06-22 10:56:00
BILL-000576,JOB-000304,parts,Wiring harness,54.01,2023-06-23 02:56:00
BILL-000577,JOB-000304,parts,Compressor unit,680.28,2023-06-23 01:56:00
BILL-000578,JOB-000305,parts,Wiring harness,26.54,2023-06-22 03:32:00
BILL-000579,JOB-000306,parts,Thermostat,148.75,2023-06-22 13:02:00
BILL-000580,JOB-000306,parts,Compressor unit,734.59,2023-06-23 07:02:00
BILL-000581,JOB-000306,parts,Wiring harness,82.69,2023-06-22 02:02:00
BILL-000582,JOB-000307,parts,Thermostat,112.82,2023-06-22 07:59:00
BILL-000583,JOB-000308,parts,Refrigerant refill,120.45,2023-06-21 22:33:00
BILL-000584,JOB-000308,parts,Compressor unit,243.72,2023-06-22 23:33:00
BILL-000585,JOB-000308,parts,Refrigerant refill,199.03,2023-06-22 09:33:00
BILL-000586,JOB-000309,parts,Control board,304.26,2024-02-21 22:25:00
BILL-000587,JOB-000309,parts,Refrigerant refill,135.77,2024-02-21 16:25:00
BILL-000588,JOB-000309,credit_return,Customer return/adjustment,-17.42,2024-02-28 11:25:00
BILL-000589,JOB-000310,parts,Thermostat,98.72,2024-02-22 15:29:00
BILL-000590,JOB-000310,parts,Valve assembly,114.85,2024-02-23 10:29:00
BILL-000591,JOB-000310,parts,Compressor unit,478.16,2024-02-23 11:29:00
BILL-000592,JOB-000311,parts,Compressor unit,470.35,2024-02-22 23:28:00
BILL-000593,JOB-000311,parts,Thermostat,114.21,2024-02-21 21:28:00
BILL-000594,JOB-000312,parts,Control board,266.13,2024-02-22 19:47:00
BILL-000595,JOB-000312,parts,Filter pack,19.49,2024-02-22 23:47:00
BILL-000596,JOB-000313,parts,Filter pack,56.09,2024-02-23 00:01:00
BILL-000597,JOB-000314,parts,Refrigerant refill,125.9,2024-12-15 07:04:00
BILL-000598,JOB-000314,parts,Thermostat,114.21,2024-12-15 07:04:00
BILL-000599,JOB-000316,parts,Compressor unit,223.11,2024-12-14 07:25:00
BILL-000600,JOB-000316,parts,Compressor unit,258.25,2024-12-15 01:25:00
BILL-000601,JOB-000317,parts,Valve assembly,106.21,2023-03-01 02:51:00
BILL-000602,JOB-000317,parts,Valve assembly,79.24,2023-03-01 05:51:00
BILL-000603,JOB-000318,parts,Sensor kit,43.41,2023-02-28 13:34:00
BILL-000604,JOB-000318,parts,Valve assembly,107.8,2023-02-28 02:34:00
BILL-000605,JOB-000318,parts,Valve assembly,38.64,2023-02-28 05:34:00
BILL-000606,JOB-000319,parts,Wiring harness,56.3,2023-02-28 02:07:00
BILL-000607,JOB-000319,parts,Filter pack,50.28,2023-03-01 00:07:00
BILL-000608,JOB-000319,parts,Filter pack,52.64,2023-02-28 23:07:00
BILL-000609,JOB-000320,parts,Thermostat,53.83,2023-02-28 16:59:00
BILL-000610,JOB-000320,parts,Compressor unit,784.36,2023-02-28 13:59:00
BILL-000611,JOB-000320,parts,Refrigerant refill,122.37,2023-02-28 01:59:00
BILL-000612,JOB-000321,parts,Control board,267.73,2024-05-30 18:31:00
BILL-000613,JOB-000321,parts,Thermostat,175.37,2024-05-29 11:31:00
BILL-000614,JOB-000321,parts,Refrigerant refill,183.4,2024-05-31 05:31:00
BILL-000615,JOB-000321,credit_return,Customer return/adjustment,-61.98,2024-06-04 10:31:00
BILL-000616,JOB-000322,parts,Control board,192.02,2024-05-30 23:07:00
BILL-000617,JOB-000322,parts,Control board,93.99,2024-05-30 22:07:00
BILL-000618,JOB-000322,parts,Refrigerant refill,61.83,2024-05-31 12:07:00
BILL-000619,JOB-000323,parts,Refrigerant refill,67.47,2025-05-29 16:23:00
BILL-000620,JOB-000323,parts,Sensor kit,46.57,2025-05-29 04:23:00
BILL-000621,JOB-000323,parts,Valve assembly,39.85,2025-05-30 09:23:00
BILL-000622,JOB-000324,parts,Sensor kit,122.47,2025-05-29 02:32:00
BILL-000623,JOB-000325,parts,Thermostat,99.32,2023-06-20 11:55:00
BILL-000624,JOB-000325,parts,Filter pack,49.39,2023-06-21 14:55:00
BILL-000625,JOB-000325,parts,Control board,174.17,2023-06-20 20:55:00
BILL-000626,JOB-000326,parts,Refrigerant refill,194.5,2023-06-21 23:33:00
BILL-000627,JOB-000326,parts,Compressor unit,709.88,2023-06-20 18:33:00
BILL-000628,JOB-000326,parts,Thermostat,152.11,2023-06-22 03:33:00
BILL-000629,JOB-000327,parts,Compressor unit,504.44,2023-06-22 04:43:00
BILL-000630,JOB-000327,parts,Valve assembly,77.99,2023-06-21 11:43:00
BILL-000631,JOB-000328,parts,Valve assembly,109.43,2023-06-22 02:15:00
BILL-000632,JOB-000328,parts,Refrigerant refill,124.16,2023-06-22 03:15:00
BILL-000633,JOB-000328,parts,Valve assembly,112.63,2023-06-21 03:15:00
BILL-000634,JOB-000329,parts,Thermostat,100.72,2023-06-20 21:54:00
BILL-000635,JOB-000329,parts,Wiring harness,79.28,2023-06-21 21:54:00
BILL-000636,JOB-000330,parts,Sensor kit,44.87,2025-04-24 03:06:00
BILL-000637,JOB-000330,parts,Refrigerant refill,130.05,2025-04-24 09:06:00
BILL-000638,JOB-000330,parts,Thermostat,56.0,2025-04-25 04:06:00
BILL-000639,JOB-000331,parts,Sensor kit,79.16,2025-04-24 15:53:00
BILL-000640,JOB-000331,parts,Sensor kit,43.44,2025-04-24 00:53:00
BILL-000641,JOB-000331,parts,Filter pack,59.2,2025-04-25 07:53:00
BILL-000642,JOB-000332,parts,Valve assembly,41.29,2025-05-23 18:31:00
BILL-000643,JOB-000332,parts,Valve assembly,70.6,2025-05-23 09:31:00
BILL-000644,JOB-000333,parts,Filter pack,34.62,2025-05-24 02:41:00
BILL-000645,JOB-000333,parts,Wiring harness,49.56,2025-05-23 15:41:00
BILL-000646,JOB-000333,parts,Compressor unit,465.95,2025-05-22 22:41:00
BILL-000647,JOB-000334,parts,Compressor unit,677.12,2025-05-24 11:05:00
BILL-000648,JOB-000334,parts,Valve assembly,81.05,2025-05-22 18:05:00
BILL-000649,JOB-000335,parts,Filter pack,54.65,2025-02-04 23:40:00
BILL-000650,JOB-000335,parts,Refrigerant refill,195.11,2025-02-05 04:40:00
BILL-000651,JOB-000336,parts,Sensor kit,88.79,2025-02-06 11:34:00
BILL-000652,JOB-000337,parts,Wiring harness,90.09,2025-02-06 12:45:00
BILL-000653,JOB-000338,parts,Wiring harness,25.31,2025-02-06 10:01:00
BILL-000654,JOB-000338,parts,Filter pack,36.27,2025-02-05 22:01:00
BILL-000655,JOB-000339,parts,Thermostat,58.11,2024-06-11 13:47:00
BILL-000656,JOB-000340,parts,Wiring harness,29.56,2024-06-13 00:33:00
BILL-000657,JOB-000340,parts,Valve assembly,107.16,2024-06-11 16:33:00
BILL-000658,JOB-000340,parts,Thermostat,52.14,2024-06-12 21:33:00
BILL-000659,JOB-000341,parts,Valve assembly,103.1,2024-06-11 16:25:00
BILL-000660,JOB-000341,parts,Filter pack,38.92,2024-06-12 16:25:00
BILL-000661,JOB-000342,parts,Sensor kit,84.46,2025-01-24 15:45:00
BILL-000662,JOB-000343,parts,Valve assembly,77.57,2025-01-23 12:52:00
BILL-000663,JOB-000346,parts,Wiring harness,53.86,2024-11-29 19:08:00
BILL-000664,JOB-000346,parts,Compressor unit,656.68,2024-11-29 20:08:00
BILL-000665,JOB-000346,parts,Filter pack,18.24,2024-11-28 14:08:00
BILL-000666,JOB-000347,parts,Thermostat,109.62,2024-10-23 01:38:00
BILL-000667,JOB-000347,parts,Control board,260.81,2024-10-21 14:38:00
BILL-000668,JOB-000348,parts,Sensor kit,136.33,2024-10-21 17:14:00
BILL-000669,JOB-000349,parts,Refrigerant refill,68.47,2024-10-22 17:59:00
BILL-000670,JOB-000349,parts,Valve assembly,75.26,2024-10-23 13:59:00
BILL-000671,JOB-000350,parts,Control board,97.81,2024-10-22 13:00:00
BILL-000672,JOB-000350,parts,Thermostat,171.11,2024-10-23 15:00:00
BILL-000673,JOB-000352,parts,Compressor unit,487.17,2024-06-19 11:44:00
BILL-000674,JOB-000352,parts,Wiring harness,24.8,2024-06-20 07:44:00
BILL-000675,JOB-000353,parts,Refrigerant refill,201.81,2024-10-24 07:50:00
BILL-000676,JOB-000353,parts,Thermostat,167.36,2024-10-24 23:50:00
BILL-000677,JOB-000354,parts,Sensor kit,44.82,2024-10-24 03:27:00
BILL-000678,JOB-000354,parts,Valve assembly,34.97,2024-10-25 00:27:00
BILL-000679,JOB-000354,parts,Compressor unit,241.92,2024-10-23 18:27:00
BILL-000680,JOB-000355,parts,Refrigerant refill,183.64,2023-08-31 06:50:00
BILL-000681,JOB-000355,parts,Sensor kit,93.35,2023-08-31 01:50:00
BILL-000682,JOB-000356,parts,Filter pack,16.69,2023-08-31 17:06:00
BILL-000683,JOB-000357,parts,Compressor unit,515.28,2023-04-22 09:01:00
BILL-000684,JOB-000357,parts,Refrigerant refill,118.28,2023-04-21 14:01:00
BILL-000685,JOB-000358,parts,Wiring harness,87.69,2023-04-20 17:08:00
BILL-000686,JOB-000359,parts,Control board,99.88,2023-08-25 17:33:00
BILL-000687,JOB-000359,parts,Thermostat,165.4,2023-08-27 09:33:00
BILL-000688,JOB-000359,parts,Filter pack,33.78,2023-08-25 15:33:00
BILL-000689,JOB-000360,parts,Thermostat,108.19,2023-08-26 17:18:00
BILL-000690,JOB-000360,parts,Compressor unit,234.24,2023-08-26 14:18:00
BILL-000691,JOB-000361,parts,Filter pack,39.21,2023-08-25 18:04:00
BILL-000692,JOB-000362,parts,Valve assembly,41.8,2025-01-09 15:32:00
BILL-000693,JOB-000362,parts,Wiring harness,49.67,2025-01-10 03:32:00
BILL-000694,JOB-000362,parts,Filter pack,16.71,2025-01-10 01:32:00
BILL-000695,JOB-000363,parts,Sensor kit,118.72,2025-01-11 07:43:00
BILL-000696,JOB-000364,parts,Compressor unit,763.54,2025-01-11 13:35:00
BILL-000697,JOB-000365,parts,Wiring harness,27.06,2025-01-10 02:54:00
BILL-000698,JOB-000365,parts,Sensor kit,135.39,2025-01-11 09:54:00
BILL-000699,JOB-000366,parts,Sensor kit,42.48,2025-01-10 13:29:00
BILL-000700,JOB-000367,parts,Valve assembly,109.92,2023-08-29 11:17:00
BILL-000701,JOB-000367,parts,Filter pack,19.4,2023-08-29 12:17:00
BILL-000702,JOB-000368,parts,Wiring harness,27.72,2023-08-31 01:07:00
BILL-000703,JOB-000369,parts,Sensor kit,38.38,2023-08-30 04:07:00
BILL-000704,JOB-000370,parts,Control board,188.65,2023-08-30 17:24:00
BILL-000705,JOB-000371,parts,Thermostat,57.85,2023-01-13 03:16:00
BILL-000706,JOB-000371,parts,Compressor unit,477.72,2023-01-12 03:16:00
BILL-000707,JOB-000371,parts,Sensor kit,87.66,2023-01-12 10:16:00
BILL-000708,JOB-000372,parts,Control board,189.73,2023-01-13 01:32:00
BILL-000709,JOB-000372,parts,Refrigerant refill,61.35,2023-01-11 21:32:00
BILL-000710,JOB-000372,parts,Sensor kit,43.85,2023-01-13 12:32:00
BILL-000711,JOB-000373,parts,Valve assembly,105.0,2024-03-16 01:25:00
BILL-000712,JOB-000373,parts,Valve assembly,39.75,2024-03-16 06:25:00
BILL-000713,JOB-000374,parts,Valve assembly,36.69,2024-03-16 11:06:00
BILL-000714,JOB-000374,parts,Sensor kit,133.53,2024-03-15 14:06:00
BILL-000715,JOB-000376,parts,Compressor unit,263.02,2024-03-15 15:41:00
BILL-000716,JOB-000376,parts,Sensor kit,115.62,2024-03-16 06:41:00
BILL-000717,JOB-000377,parts,Compressor unit,717.23,2024-05-31 08:32:00
BILL-000718,JOB-000377,parts,Refrigerant refill,209.41,2024-05-31 22:32:00
BILL-000719,JOB-000378,parts,Thermostat,154.31,2024-05-31 16:36:00
BILL-000720,JOB-000379,parts,Filter pack,39.58,2024-05-31 01:26:00
BILL-000721,JOB-000379,parts,Valve assembly,80.67,2024-05-31 21:26:00
BILL-000722,JOB-000382,parts,Control board,305.3,2025-02-12 01:17:00
BILL-000723,JOB-000382,parts,Valve assembly,40.14,2025-02-11 19:17:00
BILL-000724,JOB-000383,parts,Sensor kit,40.18,2025-02-11 23:12:00
BILL-000725,JOB-000383,parts,Control board,95.96,2025-02-11 12:12:00
BILL-000726,JOB-000383,parts,Sensor kit,81.72,2025-02-11 21:12:00
BILL-000727,JOB-000384,parts,Sensor kit,90.44,2023-10-25 17:51:00
BILL-000728,JOB-000386,parts,Refrigerant refill,61.08,2023-10-26 12:38:00
BILL-000729,JOB-000386,parts,Filter pack,55.09,2023-10-24 22:38:00
BILL-000730,JOB-000386,parts,Compressor unit,700.22,2023-10-25 03:38:00
BILL-000731,JOB-000387,parts,Sensor kit,79.2,2025-01-15 06:07:00
BILL-000732,JOB-000387,parts,Sensor kit,130.92,2025-01-15 02:07:00
BILL-000733,JOB-000387,parts,Refrigerant refill,181.43,2025-01-15 02:07:00
BILL-000734,JOB-000388,parts,Valve assembly,41.49,2025-01-14 14:34:00
BILL-000735,JOB-000389,parts,Wiring harness,54.65,2025-01-13 22:54:00
BILL-000736,JOB-000389,parts,Valve assembly,34.77,2025-01-15 11:54:00
BILL-000737,JOB-000389,parts,Valve assembly,41.22,2025-01-15 05:54:00
BILL-000738,JOB-000390,parts,Compressor unit,445.47,2025-01-14 22:26:00
BILL-000739,JOB-000391,parts,Wiring harness,28.3,2025-01-14 18:39:00
BILL-000740,JOB-000393,parts,Filter pack,17.01,2024-06-01 07:32:00
BILL-000741,JOB-000394,parts,Control board,298.66,2024-06-02 11:38:00
BILL-000742,JOB-000394,parts,Sensor kit,42.02,2024-06-02 11:38:00
BILL-000743,JOB-000395,parts,Compressor unit,664.89,2024-06-01 13:42:00
BILL-000744,JOB-000395,parts,Control board,290.61,2024-06-01 08:42:00
BILL-000745,JOB-000396,parts,Control board,298.85,2024-08-16 14:42:00
BILL-000746,JOB-000396,parts,Sensor kit,45.73,2024-08-17 07:42:00
BILL-000747,JOB-000398,parts,Compressor unit,512.45,2024-08-16 06:29:00
BILL-000748,JOB-000398,parts,Control board,283.09,2024-08-17 03:29:00
BILL-000749,JOB-000399,parts,Thermostat,102.05,2024-01-25 17:13:00
BILL-000750,JOB-000399,parts,Control board,290.89,2024-01-27 01:13:00
BILL-000751,JOB-000399,parts,Filter pack,19.33,2024-01-27 05:13:00
BILL-000752,JOB-000400,parts,Wiring harness,50.12,2024-01-25 19:21:00
BILL-000753,JOB-000400,parts,Valve assembly,119.3,2024-01-26 05:21:00
BILL-000754,JOB-000400,parts,Filter pack,37.2,2024-01-26 05:21:00
BILL-000755,JOB-000401,parts,Compressor unit,250.23,2024-01-26 21:15:00
BILL-000756,JOB-000402,parts,Refrigerant refill,192.42,2024-01-26 08:04:00
BILL-000757,JOB-000402,parts,Control board,284.31,2024-01-27 05:04:00
BILL-000758,JOB-000403,parts,Wiring harness,28.06,2024-01-27 06:58:00
BILL-000759,JOB-000403,parts,Control board,261.91,2024-01-26 08:58:00
BILL-000760,JOB-000404,parts,Wiring harness,57.4,2024-01-22 11:09:00
BILL-000761,JOB-000404,parts,Filter pack,57.11,2024-01-23 14:09:00
BILL-000762,JOB-000404,parts,Compressor unit,510.06,2024-01-24 01:09:00
BILL-000763,JOB-000405,parts,Compressor unit,243.21,2024-01-22 10:45:00
BILL-000764,JOB-000405,parts,Filter pack,17.25,2024-01-23 11:45:00
BILL-000765,JOB-000406,parts,Thermostat,104.95,2024-01-24 05:32:00
BILL-000766,JOB-000406,parts,Filter pack,39.41,2024-01-23 01:32:00
BILL-000767,JOB-000406,parts,Valve assembly,80.31,2024-01-23 06:32:00
BILL-000768,JOB-000407,parts,Valve assembly,35.79,2024-01-24 00:10:00
BILL-000769,JOB-000407,parts,Filter pack,52.93,2024-01-23 11:10:00
BILL-000770,JOB-000407,parts,Sensor kit,91.06,2024-01-23 10:10:00
BILL-000771,JOB-000408,parts,Refrigerant refill,138.55,2024-01-22 21:03:00
BILL-000772,JOB-000408,parts,Control board,279.65,2024-01-24 06:03:00
BILL-000773,JOB-000408,parts,Thermostat,151.83,2024-01-23 15:03:00
BILL-000774,JOB-000409,parts,Thermostat,104.48,2023-12-22 14:14:00
BILL-000775,JOB-000409,parts,Filter pack,19.65,2023-12-22 06:14:00
BILL-000776,JOB-000409,parts,Compressor unit,225.11,2023-12-22 05:14:00
BILL-000777,JOB-000410,parts,Valve assembly,114.87,2023-12-22 13:16:00
BILL-000778,JOB-000410,parts,Control board,87.27,2023-12-23 09:16:00
BILL-000779,JOB-000410,parts,Wiring harness,51.1,2023-12-22 09:16:00
BILL-000780,JOB-000411,parts,Sensor kit,78.26,2024-02-02 10:46:00
BILL-000781,JOB-000411,parts,Valve assembly,115.6,2024-01-31 16:46:00
BILL-000782,JOB-000412,parts,Thermostat,51.26,2024-01-31 22:14:00
BILL-000783,JOB-000413,parts,Compressor unit,453.55,2024-05-15 05:48:00
BILL-000784,JOB-000413,parts,Refrigerant refill,69.88,2024-05-14 13:48:00
BILL-000785,JOB-000414,parts,Sensor kit,40.77,2024-05-13 12:59:00
BILL-000786,JOB-000415,parts,Thermostat,109.22,2024-05-15 02:28:00
BILL-000787,JOB-000415,parts,Refrigerant refill,121.84,2024-05-14 23:28:00
BILL-000788,JOB-000416,parts,Wiring harness,78.56,2024-05-14 15:42:00
BILL-000789,JOB-000416,parts,Valve assembly,74.03,2024-05-14 07:42:00
BILL-000790,JOB-000416,parts,Filter pack,52.46,2024-05-15 12:42:00
BILL-000791,JOB-000417,parts,Refrigerant refill,198.08,2024-05-14 01:31:00
BILL-000792,JOB-000417,parts,Thermostat,155.96,2024-05-15 09:31:00
BILL-000793,JOB-000417,parts,Refrigerant refill,189.09,2024-05-15 15:31:00
BILL-000794,JOB-000418,parts,Refrigerant refill,124.0,2023-03-03 12:31:00
BILL-000795,JOB-000418,parts,Thermostat,159.99,2023-03-04 22:31:00
BILL-000796,JOB-000418,parts,Wiring harness,29.99,2023-03-03 19:31:00
BILL-000797,JOB-000418,credit_return,Customer return/adjustment,-48.64,2023-03-04 08:31:00
BILL-000798,JOB-000420,parts,Thermostat,150.59,2023-03-05 08:01:00
BILL-000799,JOB-000420,parts,Filter pack,19.64,2023-03-04 06:01:00
BILL-000800,JOB-000421,parts,Compressor unit,734.07,2025-01-15 13:08:00
BILL-000801,JOB-000421,parts,Sensor kit,80.16,2025-01-15 14:08:00
BILL-000802,JOB-000421,parts,Valve assembly,118.5,2025-01-15 05:08:00
BILL-000803,JOB-000422,parts,Wiring harness,28.96,2025-01-16 07:15:00
BILL-000804,JOB-000422,parts,Filter pack,19.7,2025-01-14 15:15:00
BILL-000805,JOB-000422,parts,Filter pack,49.89,2025-01-14 16:15:00
BILL-000806,JOB-000423,parts,Wiring harness,76.91,2023-08-15 23:58:00
BILL-000807,JOB-000423,parts,Refrigerant refill,205.68,2023-08-15 22:58:00
BILL-000808,JOB-000423,parts,Sensor kit,43.77,2023-08-16 18:58:00
BILL-000809,JOB-000424,parts,Control board,103.48,2023-08-17 01:57:00
BILL-000810,JOB-000424,parts,Wiring harness,53.69,2023-08-16 19:57:00
BILL-000811,JOB-000426,parts,Sensor kit,40.9,2023-08-16 05:01:00
BILL-000812,JOB-000426,parts,Wiring harness,55.0,2023-08-16 05:01:00
BILL-000813,JOB-000427,parts,Refrigerant refill,142.63,2023-08-17 11:10:00
BILL-000814,JOB-000428,parts,Control board,271.19,2025-04-09 00:20:00
BILL-000815,JOB-000428,parts,Compressor unit,656.52,2025-04-08 09:20:00
BILL-000816,JOB-000429,parts,Compressor unit,231.69,2025-04-08 06:33:00
BILL-000817,JOB-000429,credit_return,Customer return/adjustment,-82.89,2025-04-17 10:33:00
BILL-000818,JOB-000430,parts,Control board,89.08,2023-08-10 02:16:00
BILL-000819,JOB-000430,parts,Thermostat,54.38,2023-08-09 09:16:00
BILL-000820,JOB-000431,parts,Sensor kit,124.29,2023-08-08 23:42:00
BILL-000821,JOB-000431,parts,Thermostat,173.21,2023-08-08 23:42:00
BILL-000822,JOB-000431,parts,Sensor kit,77.02,2023-08-08 14:42:00
BILL-000823,JOB-000432,parts,Valve assembly,70.04,2025-03-16 05:09:00
BILL-000824,JOB-000433,parts,Sensor kit,42.48,2025-03-16 00:57:00
BILL-000825,JOB-000433,parts,Sensor kit,138.21,2025-03-15 15:57:00
BILL-000826,JOB-000433,parts,Wiring harness,59.88,2025-03-16 04:57:00
BILL-000827,JOB-000434,parts,Refrigerant refill,120.68,2025-03-15 19:17:00
BILL-000828,JOB-000434,parts,Refrigerant refill,118.08,2025-03-14 15:17:00
BILL-000829,JOB-000435,parts,Control board,261.68,2025-06-11 03:19:00
BILL-000830,JOB-000435,parts,Filter pack,54.68,2025-06-11 06:19:00
BILL-000831,JOB-000436,parts,Refrigerant refill,125.33,2025-06-10 16:00:00
BILL-000832,JOB-000436,parts,Refrigerant refill,141.55,2025-06-10 15:00:00
BILL-000833,JOB-000437,parts,Control board,171.91,2025-06-09 19:42:00
BILL-000834,JOB-000437,parts,Filter pack,53.83,2025-06-10 13:42:00
BILL-000835,JOB-000438,parts,Compressor unit,767.7,2024-07-08 22:12:00
BILL-000836,JOB-000438,parts,Control board,204.9,2024-07-10 09:12:00
BILL-000837,JOB-000439,parts,Sensor kit,122.75,2024-07-08 14:43:00
BILL-000838,JOB-000439,parts,Compressor unit,262.4,2024-07-09 11:43:00
BILL-000839,JOB-000439,parts,Refrigerant refill,142.07,2024-07-08 14:43:00
BILL-000840,JOB-000440,parts,Wiring harness,82.64,2024-07-09 00:55:00
BILL-000841,JOB-000440,parts,Filter pack,56.15,2024-07-09 02:55:00
BILL-000842,JOB-000440,parts,Control board,207.1,2024-07-09 03:55:00
BILL-000843,JOB-000442,parts,Refrigerant refill,122.38,2023-05-07 05:17:00
BILL-000844,JOB-000443,parts,Wiring harness,29.7,2023-05-05 21:36:00
BILL-000845,JOB-000444,parts,Refrigerant refill,207.23,2023-05-06 13:52:00
BILL-000846,JOB-000445,parts,Refrigerant refill,140.86,2023-05-06 18:58:00
BILL-000847,JOB-000445,parts,Compressor unit,222.8,2023-05-06 08:58:00
BILL-000848,JOB-000446,parts,Wiring harness,83.66,2023-02-09 03:23:00
BILL-000849,JOB-000446,parts,Valve assembly,41.35,2023-02-09 04:23:00
BILL-000850,JOB-000447,parts,Wiring harness,74.42,2023-02-08 15:49:00
BILL-000851,JOB-000447,parts,Wiring harness,58.77,2023-02-08 01:49:00
BILL-000852,JOB-000448,parts,Valve assembly,102.84,2023-02-09 12:24:00
BILL-000853,JOB-000448,parts,Wiring harness,28.58,2023-02-08 20:24:00
BILL-000854,JOB-000449,parts,Refrigerant refill,66.79,2023-02-08 01:56:00
BILL-000855,JOB-000449,parts,Sensor kit,77.63,2023-02-09 04:56:00
BILL-000856,JOB-000449,parts,Filter pack,19.6,2023-02-08 10:56:00
BILL-000857,JOB-000450,parts,Wiring harness,55.4,2023-03-03 04:17:00
BILL-000858,JOB-000450,parts,Valve assembly,39.98,2023-03-03 11:17:00
BILL-000859,JOB-000450,parts,Refrigerant refill,65.71,2023-03-03 17:17:00
BILL-000860,JOB-000452,parts,Compressor unit,477.97,2023-03-02 19:33:00
BILL-000861,JOB-000452,parts,Refrigerant refill,69.33,2023-03-02 23:33:00
BILL-000862,JOB-000452,parts,Control board,302.47,2023-03-03 03:33:00
BILL-000863,JOB-000453,parts,Thermostat,150.43,2024-04-11 00:09:00
BILL-000864,JOB-000453,parts,Compressor unit,782.44,2024-04-09 22:09:00
BILL-000865,JOB-000454,parts,Filter pack,18.25,2024-04-09 20:57:00
BILL-000866,JOB-000454,parts,Filter pack,39.04,2024-04-10 09:57:00
BILL-000867,JOB-000454,parts,Thermostat,58.34,2024-04-09 14:57:00
BILL-000868,JOB-000455,parts,Valve assembly,104.05,2024-04-10 01:47:00
BILL-000869,JOB-000456,parts,Thermostat,58.01,2025-02-18 15:59:00
BILL-000870,JOB-000456,parts,Refrigerant refill,196.11,2025-02-19 22:59:00
BILL-000871,JOB-000457,parts,Filter pack,16.6,2025-02-18 18:01:00
BILL-000872,JOB-000457,parts,Wiring harness,83.07,2025-02-20 05:01:00
BILL-000873,JOB-000457,parts,Sensor kit,138.54,2025-02-19 13:01:00
BILL-000874,JOB-000457,credit_return,Customer return/adjustment,-82.61,2025-02-22 13:01:00
BILL-000875,JOB-000458,parts,Wiring harness,27.84,2024-03-05 09:21:00
BILL-000876,JOB-000459,parts,Refrigerant refill,176.87,2024-03-05 21:52:00
BILL-000877,JOB-000460,parts,Thermostat,166.69,2024-03-05 08:57:00
BILL-000878,JOB-000460,parts,Wiring harness,59.51,2024-03-05 05:57:00
BILL-000879,JOB-000460,parts,Thermostat,153.9,2024-03-06 06:57:00
BILL-000880,JOB-000461,parts,Thermostat,174.29,2024-03-05 06:28:00
BILL-000881,JOB-000463,parts,Sensor kit,93.49,2024-05-23 00:39:00
BILL-000882,JOB-000463,parts,Filter pack,48.83,2024-05-23 09:39:00
BILL-000883,JOB-000463,parts,Sensor kit,42.16,2024-05-24 11:39:00
BILL-000884,JOB-000464,parts,Wiring harness,29.37,2024-05-23 14:43:00
BILL-000885,JOB-000465,parts,Wiring harness,54.57,2024-05-01 14:50:00
BILL-000886,JOB-000465,parts,Thermostat,107.21,2024-05-01 07:50:00
BILL-000887,JOB-000466,parts,Sensor kit,128.26,2024-05-01 04:13:00
BILL-000888,JOB-000466,parts,Refrigerant refill,182.95,2024-05-01 01:13:00
BILL-000889,JOB-000467,parts,Filter pack,36.35,2024-05-01 16:58:00
BILL-000890,JOB-000467,parts,Filter pack,51.91,2024-05-01 15:58:00
BILL-000891,JOB-000467,parts,Sensor kit,78.35,2024-05-02 07:58:00
BILL-000892,JOB-000468,parts,Wiring harness,25.85,2024-05-01 13:57:00
BILL-000893,JOB-000468,parts,Sensor kit,124.55,2024-05-02 01:57:00
BILL-000894,JOB-000468,parts,Wiring harness,29.94,2024-04-30 17:57:00
BILL-000895,JOB-000469,parts,Sensor kit,93.22,2024-05-02 14:12:00
BILL-000896,JOB-000469,parts,Sensor kit,125.0,2024-05-01 07:12:00
BILL-000897,JOB-000470,parts,Thermostat,57.97,2024-11-22 18:49:00
BILL-000898,JOB-000470,parts,Thermostat,110.38,2024-11-24 01:49:00
BILL-000899,JOB-000471,parts,Compressor unit,661.98,2024-11-22 17:29:00
BILL-000900,JOB-000471,parts,Control board,85.66,2024-11-22 16:29:00
BILL-000901,JOB-000471,parts,Filter pack,17.33,2024-11-23 11:29:00
BILL-000902,JOB-000472,parts,Refrigerant refill,138.86,2024-11-23 13:31:00
BILL-000903,JOB-000473,parts,Thermostat,104.51,2023-10-16 23:26:00
BILL-000904,JOB-000473,parts,Valve assembly,69.94,2023-10-17 23:26:00
BILL-000905,JOB-000476,parts,Sensor kit,78.51,2025-06-22 01:41:00
BILL-000906,JOB-000478,parts,Thermostat,177.66,2025-06-22 11:35:00
BILL-000907,JOB-000478,parts,Refrigerant refill,67.13,2025-06-21 00:35:00
BILL-000908,JOB-000478,parts,Thermostat,56.76,2025-06-20 23:35:00
BILL-000909,JOB-000479,parts,Wiring harness,51.38,2025-06-20 18:10:00
BILL-000910,JOB-000479,parts,Filter pack,36.61,2025-06-21 04:10:00
BILL-000911,JOB-000480,parts,Thermostat,164.16,2025-06-21 15:18:00
BILL-000912,JOB-000481,parts,Control board,88.06,2024-07-05 07:20:00
BILL-000913,JOB-000481,parts,Wiring harness,25.36,2024-07-06 06:20:00
BILL-000914,JOB-000482,parts,Filter pack,37.52,2024-07-04 20:39:00
BILL-000915,JOB-000482,parts,Filter pack,59.22,2024-07-05 22:39:00
BILL-000916,JOB-000482,parts,Compressor unit,776.31,2024-07-05 17:39:00
BILL-000917,JOB-000483,parts,Valve assembly,38.1,2025-05-08 19:46:00
BILL-000918,JOB-000483,parts,Compressor unit,462.58,2025-05-07 20:46:00
BILL-000919,JOB-000484,parts,Valve assembly,75.22,2025-05-08 16:12:00
BILL-000920,JOB-000485,parts,Thermostat,148.4,2024-05-09 20:38:00
BILL-000921,JOB-000485,parts,Compressor unit,257.86,2024-05-10 00:38:00
BILL-000922,JOB-000485,credit_return,Customer return/adjustment,-58.02,2024-05-13 08:38:00
BILL-000923,JOB-000486,parts,Refrigerant refill,126.88,2024-05-08 13:26:00
BILL-000924,JOB-000486,parts,Valve assembly,111.15,2024-05-09 10:26:00
BILL-000925,JOB-000487,parts,Wiring harness,79.9,2023-09-28 08:56:00
BILL-000926,JOB-000487,parts,Valve assembly,107.0,2023-09-28 04:56:00
BILL-000927,JOB-000488,parts,Control board,308.56,2023-09-28 21:20:00
BILL-000928,JOB-000488,parts,Control board,100.9,2023-09-27 19:20:00
BILL-000929,JOB-000489,parts,Filter pack,16.75,2023-09-28 07:14:00
BILL-000930,JOB-000490,parts,Compressor unit,649.94,2023-09-28 16:14:00
BILL-000931,JOB-000491,parts,Control board,96.57,2023-09-29 01:11:00
BILL-000932,JOB-000491,parts,Filter pack,49.74,2023-09-28 03:11:00
BILL-000933,JOB-000491,parts,Compressor unit,667.97,2023-09-29 19:11:00
BILL-000934,JOB-000492,parts,Control board,310.73,2025-05-23 10:14:00
BILL-000935,JOB-000493,parts,Refrigerant refill,59.15,2025-05-23 18:14:00
BILL-000936,JOB-000493,parts,Wiring harness,56.38,2025-05-24 01:14:00
BILL-000937,JOB-000493,parts,Thermostat,56.25,2025-05-24 20:14:00
BILL-000938,JOB-000494,parts,Thermostat,113.0,2024-03-14 03:56:00
BILL-000939,JOB-000495,parts,Thermostat,54.08,2024-11-26 15:56:00
BILL-000940,JOB-000496,parts,Valve assembly,40.87,2023-06-10 23:29:00
BILL-000941,JOB-000498,parts,Control board,299.91,2024-07-04 02:42:00
BILL-000942,JOB-000498,parts,Sensor kit,89.36,2024-07-04 04:42:00
BILL-000943,JOB-000498,parts,Sensor kit,87.3,2024-07-05 03:42:00
BILL-000944,JOB-000499,parts,Valve assembly,37.44,2024-01-16 08:47:00
BILL-000945,JOB-000499,parts,Refrigerant refill,175.77,2024-01-17 05:47:00
BILL-000946,JOB-000500,parts,Control board,86.69,2024-07-13 14:03:00
BILL-000947,JOB-000501,parts,Wiring harness,28.46,2024-03-30 07:20:00
BILL-000948,JOB-000502,parts,Control board,193.35,2024-01-24 13:28:00
BILL-000949,JOB-000502,parts,Control board,271.46,2024-01-24 10:28:00
BILL-000950,JOB-000502,parts,Thermostat,113.23,2024-01-24 20:28:00
BILL-000951,JOB-000503,parts,Thermostat,108.99,2024-05-01 10:17:00
BILL-000952,JOB-000503,parts,Refrigerant refill,66.13,2024-04-29 13:17:00
BILL-000953,JOB-000504,parts,Thermostat,104.21,2023-11-11 14:23:00
BILL-000954,JOB-000504,parts,Thermostat,106.97,2023-11-10 22:23:00
BILL-000955,JOB-000505,parts,Wiring harness,29.55,2023-06-24 07:54:00
BILL-000956,JOB-000505,parts,Wiring harness,76.71,2023-06-24 10:54:00
BILL-000957,JOB-000505,credit_return,Customer return/adjustment,-74.35,2023-06-26 10:54:00
BILL-000958,JOB-000507,parts,Sensor kit,39.06,2023-08-22 12:25:00
BILL-000959,JOB-000508,parts,Filter pack,16.28,2024-09-25 12:55:00
BILL-000960,JOB-000508,parts,Sensor kit,90.61,2024-09-25 22:55:00
BILL-000961,JOB-000509,parts,Thermostat,169.25,2025-02-14 19:38:00
BILL-000962,JOB-000510,parts,Thermostat,147.74,2023-04-12 19:15:00
BILL-000963,JOB-000512,parts,Thermostat,155.17,2023-11-22 02:18:00
BILL-000964,JOB-000512,parts,Thermostat,53.1,2023-11-21 11:18:00
BILL-000965,JOB-000514,parts,Sensor kit,87.22,2024-10-23 09:23:00
BILL-000966,JOB-000514,parts,Wiring harness,76.26,2024-10-21 22:23:00
BILL-000967,JOB-000514,parts,Valve assembly,79.42,2024-10-23 10:23:00
BILL-000968,JOB-000515,parts,Thermostat,48.79,2024-05-30 15:18:00
BILL-000969,JOB-000515,parts,Wiring harness,25.9,2024-05-30 12:18:00
BILL-000970,JOB-000516,parts,Thermostat,109.19,2025-05-02 01:33:00
BILL-000971,JOB-000516,parts,Filter pack,50.7,2025-04-30 21:33:00
BILL-000972,JOB-000517,parts,Refrigerant refill,198.62,2023-02-23 06:13:00
BILL-000973,JOB-000517,parts,Refrigerant refill,131.65,2023-02-22 16:13:00
BILL-000974,JOB-000517,parts,Filter pack,58.11,2023-02-23 15:13:00
BILL-000975,JOB-000518,parts,Filter pack,18.11,2025-02-08 16:21:00
BILL-000976,JOB-000518,parts,Valve assembly,37.62,2025-02-07 23:21:00
BILL-000977,JOB-000518,parts,Valve assembly,105.86,2025-02-07 14:21:00
BILL-000978,JOB-000519,parts,Compressor unit,466.19,2023-03-09 04:03:00
BILL-000979,JOB-000520,parts,Valve assembly,75.77,2025-04-29 06:26:00
BILL-000980,JOB-000521,parts,Refrigerant refill,182.84,2023-06-24 01:11:00
BILL-000981,JOB-000521,parts,Control board,198.87,2023-06-24 10:11:00
BILL-000982,JOB-000521,parts,Refrigerant refill,206.66,2023-06-23 05:11:00
BILL-000983,JOB-000522,parts,Wiring harness,87.76,2024-08-19 13:28:00
BILL-000984,JOB-000522,parts,Valve assembly,71.5,2024-08-20 07:28:00
BILL-000985,JOB-000522,credit_return,Customer return/adjustment,-63.87,2024-08-26 12:28:00
BILL-000986,JOB-000523,parts,Filter pack,37.99,2023-08-15 18:37:00
BILL-000987,JOB-000524,parts,Sensor kit,126.08,2024-11-14 08:40:00
BILL-000988,JOB-000524,parts,Control board,188.33,2024-11-14 00:40:00
BILL-000989,JOB-000525,parts,Valve assembly,38.66,2023-09-16 12:59:00
BILL-000990,JOB-000525,parts,Compressor unit,218.52,2023-09-16 12:59:00
BILL-000991,JOB-000526,parts,Sensor kit,90.64,2023-05-18 14:38:00
BILL-000992,JOB-000526,parts,Compressor unit,710.53,2023-05-18 10:38:00
BILL-000993,JOB-000528,parts,Compressor unit,688.74,2023-12-29 04:32:00
BILL-000994,JOB-000528,parts,Compressor unit,656.04,2023-12-29 13:32:00
BILL-000995,JOB-000529,parts,Control board,88.16,2023-12-04 23:23:00
BILL-000996,JOB-000529,parts,Sensor kit,120.74,2023-12-05 16:23:00
BILL-000997,JOB-000530,parts,Control board,184.06,2024-08-14 18:44:00
BILL-000998,JOB-000530,parts,Thermostat,108.97,2024-08-15 23:44:00
BILL-000999,JOB-000531,parts,Sensor kit,135.73,2024-10-15 01:04:00
BILL-001000,JOB-000531,parts,Thermostat,49.84,2024-10-15 04:04:00
BILL-001001,JOB-000532,parts,Compressor unit,246.86,2023-02-17 06:57:00
BILL-001002,JOB-000533,parts,Compressor unit,252.41,2024-02-28 20:43:00
BILL-001003,JOB-000534,parts,Filter pack,35.19,2024-11-10 09:03:00
BILL-001004,JOB-000535,parts,Valve assembly,68.76,2023-08-04 08:15:00
BILL-001005,JOB-000536,parts,Control board,89.3,2025-01-30 17:40:00
BILL-001006,JOB-000536,parts,Refrigerant refill,66.08,2025-01-30 15:40:00
BILL-001007,JOB-000536,parts,Filter pack,49.47,2025-01-31 14:40:00
BILL-001008,JOB-000537,parts,Wiring harness,25.59,2024-08-06 12:08:00
BILL-001009,JOB-000538,parts,Valve assembly,76.86,2025-04-17 18:58:00
BILL-001010,JOB-000538,parts,Wiring harness,29.34,2025-04-18 00:58:00
BILL-001011,JOB-000538,parts,Valve assembly,71.38,2025-04-17 02:58:00
