stop_id,route_id,job_id,technician_id,prev_stop_id,stop_type,arrival_ts,departure_ts,distance_from_prev_km
STOP-000001,RT-00001,,TECH-0016,,depot_start,2023-06-22 07:00:00,2023-06-22 07:00:00,
STOP-000002,RT-00001,JOB-000001,TECH-0016,STOP-000001,job_stop,2023-06-22 07:31:00,2023-06-22 08:49:00,15.76
STOP-000003,RT-00001,JOB-000002,TECH-0016,STOP-000002,job_stop,2023-06-22 09:03:00,2023-06-22 10:34:00,9.88
STOP-000004,RT-00001,JOB-000003,TECH-0016,STOP-000003,job_stop,2023-06-22 11:14:00,2023-06-22 12:22:00,32.92
STOP-000005,RT-00001,,TECH-0016,STOP-000004,depot_end,2023-06-22 12:33:00,2023-06-22 12:33:00,7.27
STOP-000006,RT-00002,,TECH-0012,,depot_start,2023-06-06 07:15:00,2023-06-06 07:15:00,
STOP-000007,RT-00002,JOB-000004,TECH-0012,STOP-000006,job_stop,2023-06-06 07:59:00,2023-06-06 10:07:00,29.9
STOP-000008,RT-00002,JOB-000005,TECH-0012,STOP-000007,job_stop,2023-06-06 10:20:00,2023-06-06 10:43:00,9.89
STOP-000009,RT-00002,JOB-000006,TECH-0012,STOP-000008,job_stop,2023-06-06 10:56:00,2023-06-06 11:16:00,7.36
STOP-000010,RT-00002,,TECH-0012,STOP-000009,depot_end,2023-06-06 11:30:00,2023-06-06 11:30:00,8.06
STOP-000011,RT-00003,,TECH-0008,,depot_start,2023-03-24 08:00:00,2023-03-24 08:00:00,
STOP-000012,RT-00003,JOB-000007,TECH-0008,STOP-000011,job_stop,2023-03-24 08:13:00,2023-03-24 10:41:00,9.54
STOP-000013,RT-00003,JOB-000008,TECH-0008,STOP-000012,job_stop,2023-03-24 10:55:00,2023-03-24 12:15:00,10.33
STOP-000014,RT-00003,,TECH-0008,STOP-000013,depot_end,2023-03-24 12:38:00,2023-03-24 12:38:00,17.55
STOP-000015,RT-00004,,TECH-0021,,depot_start,2025-01-20 08:15:00,2025-01-20 08:15:00,
STOP-000016,RT-00004,JOB-000009,TECH-0021,STOP-000015,job_stop,2025-01-20 09:07:00,2025-01-20 10:28:00,40.9
STOP-000017,RT-00004,JOB-000010,TECH-0021,STOP-000016,job_stop,2025-01-20 10:38:00,2025-01-20 11:23:00,6.83
STOP-000018,RT-00004,JOB-000011,TECH-0021,STOP-000017,job_stop,2025-01-20 11:48:00,2025-01-20 12:48:00,16.2
STOP-000019,RT-00004,JOB-000012,TECH-0021,STOP-000018,job_stop,2025-01-20 13:40:00,2025-01-20 15:16:00,43.0
STOP-000020,RT-00004,,TECH-0021,STOP-000019,depot_end,2025-01-20 15:49:00,2025-01-20 15:49:00,23.8
STOP-000021,RT-00005,,TECH-0010,,depot_start,2024-02-08 08:15:00,2024-02-08 08:15:00,
STOP-000022,RT-00005,JOB-000013,TECH-0010,STOP-000021,job_stop,2024-02-08 09:08:00,2024-02-08 10:35:00,39.95
STOP-000023,RT-00005,JOB-000014,TECH-0010,STOP-000022,job_stop,2024-02-08 10:47:00,2024-02-08 11:40:00,6.02
STOP-000024,RT-00005,JOB-000015,TECH-0010,STOP-000023,job_stop,2024-02-08 11:54:00,2024-02-08 12:52:00,12.29
STOP-000025,RT-00005,,TECH-0010,STOP-000024,depot_end,2024-02-08 13:30:00,2024-02-08 13:30:00,33.18
STOP-000026,RT-00006,,TECH-0002,,depot_start,2024-05-28 07:00:00,2024-05-28 07:00:00,
STOP-000027,RT-00006,JOB-000016,TECH-0002,STOP-000026,job_stop,2024-05-28 07:32:00,2024-05-28 09:36:00,25.99
STOP-000028,RT-00006,JOB-000017,TECH-0002,STOP-000027,job_stop,2024-05-28 10:12:00,2024-05-28 11:57:00,18.36
STOP-000029,RT-00006,JOB-000018,TECH-0002,STOP-000028,job_stop,2024-05-28 12:17:00,2024-05-28 13:04:00,16.3
STOP-000030,RT-00006,,TECH-0002,STOP-000029,depot_end,2024-05-28 13:25:00,2024-05-28 13:25:00,13.06
STOP-000031,RT-00007,,TECH-0029,,depot_start,2023-11-23 07:15:00,2023-11-23 07:15:00,
STOP-000032,RT-00007,JOB-000019,TECH-0029,STOP-000031,job_stop,2023-11-23 07:50:00,2023-11-23 08:27:00,22.1
STOP-000033,RT-00007,JOB-000020,TECH-0029,STOP-000032,job_stop,2023-11-23 08:38:00,2023-11-23 10:04:00,6.01
STOP-000034,RT-00007,JOB-000021,TECH-0029,STOP-000033,job_stop,2023-11-23 10:34:00,2023-11-23 13:04:00,20.24
STOP-000035,RT-00007,,TECH-0029,STOP-000034,depot_end,2023-11-23 13:30:00,2023-11-23 13:30:00,22.63
STOP-000036,RT-00008,,TECH-0020,,depot_start,2023-10-10 08:00:00,2023-10-10 08:00:00,
STOP-000037,RT-00008,JOB-000022,TECH-0020,STOP-000036,job_stop,2023-10-10 08:52:00,2023-10-10 10:32:00,45.15
STOP-000038,RT-00008,JOB-000023,TECH-0020,STOP-000037,job_stop,2023-10-10 11:02:00,2023-10-10 12:37:00,19.83
STOP-000039,RT-00008,JOB-000024,TECH-0020,STOP-000038,job_stop,2023-10-10 13:26:00,2023-10-10 15:29:00,35.65
STOP-000040,RT-00008,JOB-000025,TECH-0020,STOP-000039,job_stop,2023-10-10 16:08:00,2023-10-10 17:22:00,26.39
STOP-000041,RT-00008,,TECH-0020,STOP-000040,depot_end,2023-10-10 17:41:00,2023-10-10 17:41:00,13.42
STOP-000042,RT-00009,,TECH-0024,,depot_start,2025-06-06 07:15:00,2025-06-06 07:15:00,
STOP-000043,RT-00009,JOB-000026,TECH-0024,STOP-000042,job_stop,2025-06-06 08:08:00,2025-06-06 09:18:00,33.08
STOP-000044,RT-00009,JOB-000027,TECH-0024,STOP-000043,job_stop,2025-06-06 09:57:00,2025-06-06 11:06:00,25.97
STOP-000045,RT-00009,JOB-000028,TECH-0024,STOP-000044,job_stop,2025-06-06 11:22:00,2025-06-06 12:38:00,12.98
STOP-000046,RT-00009,JOB-000029,TECH-0024,STOP-000045,job_stop,2025-06-06 13:17:00,2025-06-06 15:35:00,21.58
STOP-000047,RT-00009,,TECH-0024,STOP-000046,depot_end,2025-06-06 16:04:00,2025-06-06 16:04:00,23.95
STOP-000048,RT-00010,,TECH-0019,,depot_start,2024-09-03 07:45:00,2024-09-03 07:45:00,
STOP-000049,RT-00010,JOB-000030,TECH-0019,STOP-000048,job_stop,2024-09-03 08:23:00,2024-09-03 09:46:00,22.94
STOP-000050,RT-00010,JOB-000031,TECH-0019,STOP-000049,job_stop,2024-09-03 10:41:00,2024-09-03 12:10:00,33.79
STOP-000051,RT-00010,JOB-000032,TECH-0019,STOP-000050,job_stop,2024-09-03 12:24:00,2024-09-03 14:08:00,9.32
STOP-000052,RT-00010,JOB-000033,TECH-0019,STOP-000051,job_stop,2024-09-03 14:54:00,2024-09-03 15:15:00,30.0
STOP-000053,RT-00010,JOB-000034,TECH-0019,STOP-000052,job_stop,2024-09-03 15:56:00,2024-09-03 18:07:00,24.1
STOP-000054,RT-00010,,TECH-0019,STOP-000053,depot_end,2024-09-03 18:46:00,2024-09-03 18:46:00,21.49
STOP-000055,RT-00011,,TECH-0023,,depot_start,2025-02-04 08:00:00,2025-02-04 08:00:00,
STOP-000056,RT-00011,JOB-000035,TECH-0023,STOP-000055,job_stop,2025-02-04 08:15:00,2025-02-04 09:09:00,11.36
STOP-000057,RT-00011,JOB-000036,TECH-0023,STOP-000056,job_stop,2025-02-04 09:36:00,2025-02-04 11:43:00,21.62
STOP-000058,RT-00011,,TECH-0023,STOP-000057,depot_end,2025-02-04 12:13:00,2025-02-04 12:13:00,15.82
STOP-000059,RT-00012,,TECH-0024,,depot_start,2023-02-28 07:15:00,2023-02-28 07:15:00,
STOP-000060,RT-00012,JOB-000037,TECH-0024,STOP-000059,job_stop,2023-02-28 07:26:00,2023-02-28 08:47:00,8.23
STOP-000061,RT-00012,JOB-000038,TECH-0024,STOP-000060,job_stop,2023-02-28 09:20:00,2023-02-28 10:09:00,18.71
STOP-000062,RT-00012,,TECH-0024,STOP-000061,depot_end,2023-02-28 10:37:00,2023-02-28 10:37:00,21.59
STOP-000063,RT-00013,,TECH-0014,,depot_start,2024-07-23 07:15:00,2024-07-23 07:15:00,
STOP-000064,RT-00013,JOB-000039,TECH-0014,STOP-000063,job_stop,2024-07-23 07:31:00,2024-07-23 09:08:00,12.46
STOP-000065,RT-00013,JOB-000040,TECH-0014,STOP-000064,job_stop,2024-07-23 09:40:00,2024-07-23 11:34:00,22.82
STOP-000066,RT-00013,JOB-000041,TECH-0014,STOP-000065,job_stop,2024-07-23 12:11:00,2024-07-23 14:28:00,32.72
STOP-000067,RT-00013,,TECH-0014,STOP-000066,depot_end,2024-07-23 14:52:00,2024-07-23 14:52:00,16.18
STOP-000068,RT-00014,,TECH-0027,,depot_start,2025-04-29 08:15:00,2025-04-29 08:15:00,
STOP-000069,RT-00014,JOB-000042,TECH-0027,STOP-000068,job_stop,2025-04-29 08:30:00,2025-04-29 10:45:00,9.17
STOP-000070,RT-00014,JOB-000043,TECH-0027,STOP-000069,job_stop,2025-04-29 11:06:00,2025-04-29 12:56:00,14.6
STOP-000071,RT-00014,JOB-000044,TECH-0027,STOP-000070,job_stop,2025-04-29 13:11:00,2025-04-29 15:15:00,8.95
STOP-000072,RT-00014,JOB-000045,TECH-0027,STOP-000071,job_stop,2025-04-29 15:30:00,2025-04-29 17:33:00,9.27
STOP-000073,RT-00014,,TECH-0027,STOP-000072,depot_end,2025-04-29 17:54:00,2025-04-29 17:54:00,16.4
STOP-000074,RT-00015,,TECH-0010,,depot_start,2024-03-14 07:00:00,2024-03-14 07:00:00,
STOP-000075,RT-00015,JOB-000046,TECH-0010,STOP-000074,job_stop,2024-03-14 07:22:00,2024-03-14 08:29:00,13.78
STOP-000076,RT-00015,JOB-000047,TECH-0010,STOP-000075,job_stop,2024-03-14 08:45:00,2024-03-14 10:20:00,13.33
STOP-000077,RT-00015,JOB-000048,TECH-0010,STOP-000076,job_stop,2024-03-14 11:05:00,2024-03-14 11:57:00,27.76
STOP-000078,RT-00015,JOB-000049,TECH-0010,STOP-000077,job_stop,2024-03-14 12:28:00,2024-03-14 13:01:00,17.79
STOP-000079,RT-00015,,TECH-0010,STOP-000078,depot_end,2024-03-14 13:15:00,2024-03-14 13:15:00,7.84
STOP-000080,RT-00016,,TECH-0021,,depot_start,2024-03-12 07:00:00,2024-03-12 07:00:00,
STOP-000081,RT-00016,JOB-000050,TECH-0021,STOP-000080,job_stop,2024-03-12 07:45:00,2024-03-12 09:02:00,36.26
STOP-000082,RT-00016,JOB-000051,TECH-0021,STOP-000081,job_stop,2024-03-12 09:31:00,2024-03-12 10:06:00,21.1
STOP-000083,RT-00016,,TECH-0021,STOP-000082,depot_end,2024-03-12 10:37:00,2024-03-12 10:37:00,16.51
STOP-000084,RT-00017,,TECH-0009,,depot_start,2023-09-06 07:00:00,2023-09-06 07:00:00,
STOP-000085,RT-00017,JOB-000052,TECH-0009,STOP-000084,job_stop,2023-09-06 07:36:00,2023-09-06 09:56:00,24.49
STOP-000086,RT-00017,JOB-000053,TECH-0009,STOP-000085,job_stop,2023-09-06 10:22:00,2023-09-06 11:32:00,21.19
STOP-000087,RT-00017,,TECH-0009,STOP-000086,depot_end,2023-09-06 11:47:00,2023-09-06 11:47:00,12.26
STOP-000088,RT-00018,,TECH-0023,,depot_start,2025-03-26 08:00:00,2025-03-26 08:00:00,
STOP-000089,RT-00018,JOB-000054,TECH-0023,STOP-000088,job_stop,2025-03-26 08:39:00,2025-03-26 10:42:00,30.24
STOP-000090,RT-00018,JOB-000055,TECH-0023,STOP-000089,job_stop,2025-03-26 11:30:00,2025-03-26 12:13:00,28.81
STOP-000091,RT-00018,JOB-000056,TECH-0023,STOP-000090,job_stop,2025-03-26 12:59:00,2025-03-26 14:03:00,23.74
STOP-000092,RT-00018,JOB-000057,TECH-0023,STOP-000091,job_stop,2025-03-26 14:18:00,2025-03-26 16:22:00,10.32
STOP-000093,RT-00018,,TECH-0023,STOP-000092,depot_end,2025-03-26 16:58:00,2025-03-26 16:58:00,28.95
STOP-000094,RT-00019,,TECH-0002,,depot_start,2024-10-14 08:30:00,2024-10-14 08:30:00,
STOP-000095,RT-00019,JOB-000058,TECH-0002,STOP-000094,job_stop,2024-10-14 09:00:00,2024-10-14 11:03:00,16.39
STOP-000096,RT-00019,JOB-000059,TECH-0002,STOP-000095,job_stop,2024-10-14 11:16:00,2024-10-14 13:08:00,7.48
STOP-000097,RT-00019,,TECH-0002,STOP-000096,depot_end,2024-10-14 13:47:00,2024-10-14 13:47:00,23.99
STOP-000098,RT-00020,,TECH-0026,,depot_start,2024-11-26 07:15:00,2024-11-26 07:15:00,
STOP-000099,RT-00020,JOB-000060,TECH-0026,STOP-000098,job_stop,2024-11-26 08:10:00,2024-11-26 08:33:00,30.98
STOP-000100,RT-00020,JOB-000061,TECH-0026,STOP-000099,job_stop,2024-11-26 09:14:00,2024-11-26 10:48:00,35.8
STOP-000101,RT-00020,,TECH-0026,STOP-000100,depot_end,2024-11-26 11:10:00,2024-11-26 11:10:00,12.68
STOP-000102,RT-00021,,TECH-0023,,depot_start,2024-12-30 07:30:00,2024-12-30 07:30:00,
STOP-000103,RT-00021,JOB-000062,TECH-0023,STOP-000102,job_stop,2024-12-30 08:06:00,2024-12-30 10:35:00,22.89
STOP-000104,RT-00021,JOB-000063,TECH-0023,STOP-000103,job_stop,2024-12-30 10:54:00,2024-12-30 13:17:00,12.89
STOP-000105,RT-00021,JOB-000064,TECH-0023,STOP-000104,job_stop,2024-12-30 14:03:00,2024-12-30 16:08:00,30.05
STOP-000106,RT-00021,,TECH-0023,STOP-000105,depot_end,2024-12-30 16:33:00,2024-12-30 16:33:00,22.15
STOP-000107,RT-00022,,TECH-0005,,depot_start,2024-12-20 07:45:00,2024-12-20 07:45:00,
STOP-000108,RT-00022,JOB-000065,TECH-0005,STOP-000107,job_stop,2024-12-20 08:01:00,2024-12-20 10:17:00,11.37
STOP-000109,RT-00022,JOB-000066,TECH-0005,STOP-000108,job_stop,2024-12-20 10:43:00,2024-12-20 12:44:00,16.52
STOP-000110,RT-00022,JOB-000067,TECH-0005,STOP-000109,job_stop,2024-12-20 13:34:00,2024-12-20 15:58:00,39.37
STOP-000111,RT-00022,JOB-000068,TECH-0005,STOP-000110,job_stop,2024-12-20 16:22:00,2024-12-20 18:33:00,19.17
STOP-000112,RT-00022,,TECH-0005,STOP-000111,depot_end,2024-12-20 19:11:00,2024-12-20 19:11:00,19.44
STOP-000113,RT-00023,,TECH-0012,,depot_start,2023-03-22 08:30:00,2023-03-22 08:30:00,
STOP-000114,RT-00023,JOB-000069,TECH-0012,STOP-000113,job_stop,2023-03-22 09:07:00,2023-03-22 11:12:00,20.65
STOP-000115,RT-00023,JOB-000070,TECH-0012,STOP-000114,job_stop,2023-03-22 11:53:00,2023-03-22 12:49:00,35.47
STOP-000116,RT-00023,JOB-000071,TECH-0012,STOP-000115,job_stop,2023-03-22 13:42:00,2023-03-22 14:20:00,38.09
STOP-000117,RT-00023,JOB-000072,TECH-0012,STOP-000116,job_stop,2023-03-22 14:49:00,2023-03-22 16:47:00,16.81
STOP-000118,RT-00023,,TECH-0012,STOP-000117,depot_end,2023-03-22 16:57:00,2023-03-22 16:57:00,8.91
STOP-000119,RT-00024,,TECH-0025,,depot_start,2024-07-22 07:00:00,2024-07-22 07:00:00,
STOP-000120,RT-00024,JOB-000073,TECH-0025,STOP-000119,job_stop,2024-07-22 07:48:00,2024-07-22 09:21:00,38.31
STOP-000121,RT-00024,JOB-000074,TECH-0025,STOP-000120,job_stop,2024-07-22 10:14:00,2024-07-22 11:09:00,42.52
STOP-000122,RT-00024,JOB-000075,TECH-0025,STOP-000121,job_stop,2024-07-22 11:56:00,2024-07-22 12:49:00,30.36
STOP-000123,RT-00024,JOB-000076,TECH-0025,STOP-000122,job_stop,2024-07-22 13:32:00,2024-07-22 15:01:00,30.13
STOP-000124,RT-00024,,TECH-0025,STOP-000123,depot_end,2024-07-22 15:34:00,2024-07-22 15:34:00,27.99
STOP-000125,RT-00025,,TECH-0029,,depot_start,2023-06-14 07:15:00,2023-06-14 07:15:00,
STOP-000126,RT-00025,JOB-000077,TECH-0029,STOP-000125,job_stop,2023-06-14 07:39:00,2023-06-14 09:40:00,20.26
STOP-000127,RT-00025,JOB-000078,TECH-0029,STOP-000126,job_stop,2023-06-14 10:24:00,2023-06-14 12:18:00,24.18
STOP-000128,RT-00025,JOB-000079,TECH-0029,STOP-000127,job_stop,2023-06-14 12:34:00,2023-06-14 14:54:00,12.32
STOP-000129,RT-00025,JOB-000080,TECH-0029,STOP-000128,job_stop,2023-06-14 15:44:00,2023-06-14 17:21:00,41.48
STOP-000130,RT-00025,JOB-000081,TECH-0029,STOP-000129,job_stop,2023-06-14 17:37:00,2023-06-14 18:31:00,9.5
STOP-000131,RT-00025,,TECH-0029,STOP-000130,depot_end,2023-06-14 18:59:00,2023-06-14 18:59:00,22.31
STOP-000132,RT-00026,,TECH-0005,,depot_start,2024-08-16 08:45:00,2024-08-16 08:45:00,
STOP-000133,RT-00026,JOB-000082,TECH-0005,STOP-000132,job_stop,2024-08-16 09:12:00,2024-08-16 11:06:00,13.85
STOP-000134,RT-00026,JOB-000083,TECH-0005,STOP-000133,job_stop,2024-08-16 11:50:00,2024-08-16 13:41:00,37.87
STOP-000135,RT-00026,,TECH-0005,STOP-000134,depot_end,2024-08-16 13:53:00,2024-08-16 13:53:00,9.18
STOP-000136,RT-00027,,TECH-0024,,depot_start,2025-05-06 07:30:00,2025-05-06 07:30:00,
STOP-000137,RT-00027,JOB-000084,TECH-0024,STOP-000136,job_stop,2025-05-06 07:55:00,2025-05-06 09:07:00,22.39
STOP-000138,RT-00027,JOB-000085,TECH-0024,STOP-000137,job_stop,2025-05-06 09:38:00,2025-05-06 09:58:00,25.1
STOP-000139,RT-00027,,TECH-0024,STOP-000138,depot_end,2025-05-06 10:11:00,2025-05-06 10:11:00,9.94
STOP-000140,RT-00028,,TECH-0001,,depot_start,2023-07-07 08:15:00,2023-07-07 08:15:00,
STOP-000141,RT-00028,JOB-000086,TECH-0001,STOP-000140,job_stop,2023-07-07 09:02:00,2023-07-07 10:06:00,29.59
STOP-000142,RT-00028,JOB-000087,TECH-0001,STOP-000141,job_stop,2023-07-07 10:48:00,2023-07-07 13:03:00,30.97
STOP-000143,RT-00028,,TECH-0001,STOP-000142,depot_end,2023-07-07 13:27:00,2023-07-07 13:27:00,18.18
STOP-000144,RT-00029,,TECH-0001,,depot_start,2023-03-29 08:45:00,2023-03-29 08:45:00,
STOP-000145,RT-00029,JOB-000088,TECH-0001,STOP-000144,job_stop,2023-03-29 09:38:00,2023-03-29 11:51:00,28.79
STOP-000146,RT-00029,JOB-000089,TECH-0001,STOP-000145,job_stop,2023-03-29 12:25:00,2023-03-29 14:00:00,30.53
STOP-000147,RT-00029,JOB-000090,TECH-0001,STOP-000146,job_stop,2023-03-29 14:37:00,2023-03-29 15:55:00,25.18
STOP-000148,RT-00029,JOB-000091,TECH-0001,STOP-000147,job_stop,2023-03-29 16:28:00,2023-03-29 18:49:00,29.09
STOP-000149,RT-00029,JOB-000092,TECH-0001,STOP-000148,job_stop,2023-03-29 19:34:00,2023-03-29 21:18:00,23.58
STOP-000150,RT-00029,,TECH-0001,STOP-000149,depot_end,2023-03-29 21:58:00,2023-03-29 21:58:00,24.6
STOP-000151,RT-00030,,TECH-0011,,depot_start,2024-05-20 07:15:00,2024-05-20 07:15:00,
STOP-000152,RT-00030,JOB-000093,TECH-0011,STOP-000151,job_stop,2024-05-20 08:07:00,2024-05-20 08:54:00,36.03
STOP-000153,RT-00030,JOB-000094,TECH-0011,STOP-000152,job_stop,2024-05-20 09:42:00,2024-05-20 11:10:00,41.84
STOP-000154,RT-00030,,TECH-0011,STOP-000153,depot_end,2024-05-20 11:38:00,2024-05-20 11:38:00,21.36
STOP-000155,RT-00031,,TECH-0003,,depot_start,2023-07-24 07:15:00,2023-07-24 07:15:00,
STOP-000156,RT-00031,JOB-000095,TECH-0003,STOP-000155,job_stop,2023-07-24 07:49:00,2023-07-24 09:36:00,22.71
STOP-000157,RT-00031,JOB-000096,TECH-0003,STOP-000156,job_stop,2023-07-24 09:55:00,2023-07-24 10:27:00,10.7
STOP-000158,RT-00031,,TECH-0003,STOP-000157,depot_end,2023-07-24 11:01:00,2023-07-24 11:01:00,23.97
STOP-000159,RT-00032,,TECH-0013,,depot_start,2024-09-09 08:45:00,2024-09-09 08:45:00,
STOP-000160,RT-00032,JOB-000097,TECH-0013,STOP-000159,job_stop,2024-09-09 09:28:00,2024-09-09 09:59:00,32.97
STOP-000161,RT-00032,JOB-000098,TECH-0013,STOP-000160,job_stop,2024-09-09 10:17:00,2024-09-09 11:51:00,14.5
STOP-000162,RT-00032,,TECH-0013,STOP-000161,depot_end,2024-09-09 12:17:00,2024-09-09 12:17:00,18.81
STOP-000163,RT-00033,,TECH-0025,,depot_start,2024-05-22 08:00:00,2024-05-22 08:00:00,
STOP-000164,RT-00033,JOB-000099,TECH-0025,STOP-000163,job_stop,2024-05-22 08:37:00,2024-05-22 09:16:00,18.78
STOP-000165,RT-00033,JOB-000100,TECH-0025,STOP-000164,job_stop,2024-05-22 09:33:00,2024-05-22 11:16:00,11.25
STOP-000166,RT-00033,,TECH-0025,STOP-000165,depot_end,2024-05-22 11:39:00,2024-05-22 11:39:00,19.27
STOP-000167,RT-00034,,TECH-0009,,depot_start,2024-09-17 07:45:00,2024-09-17 07:45:00,
STOP-000168,RT-00034,JOB-000101,TECH-0009,STOP-000167,job_stop,2024-09-17 08:14:00,2024-09-17 09:30:00,23.15
STOP-000169,RT-00034,JOB-000102,TECH-0009,STOP-000168,job_stop,2024-09-17 10:02:00,2024-09-17 10:59:00,25.31
STOP-000170,RT-00034,JOB-000103,TECH-0009,STOP-000169,job_stop,2024-09-17 11:20:00,2024-09-17 13:46:00,18.49
STOP-000171,RT-00034,JOB-000104,TECH-0009,STOP-000170,job_stop,2024-09-17 14:36:00,2024-09-17 16:48:00,31.32
STOP-000172,RT-00034,JOB-000105,TECH-0009,STOP-000171,job_stop,2024-09-17 17:17:00,2024-09-17 17:46:00,19.86
STOP-000173,RT-00034,,TECH-0009,STOP-000172,depot_end,2024-09-17 18:10:00,2024-09-17 18:10:00,17.57
STOP-000174,RT-00035,,TECH-0029,,depot_start,2023-03-01 07:30:00,2023-03-01 07:30:00,
STOP-000175,RT-00035,JOB-000106,TECH-0029,STOP-000174,job_stop,2023-03-01 08:18:00,2023-03-01 09:16:00,33.13
STOP-000176,RT-00035,JOB-000107,TECH-0029,STOP-000175,job_stop,2023-03-01 09:58:00,2023-03-01 10:28:00,31.85
STOP-000177,RT-00035,JOB-000108,TECH-0029,STOP-000176,job_stop,2023-03-01 11:01:00,2023-03-01 13:00:00,28.62
STOP-000178,RT-00035,JOB-000109,TECH-0029,STOP-000177,job_stop,2023-03-01 13:14:00,2023-03-01 15:12:00,8.85
STOP-000179,RT-00035,JOB-000110,TECH-0029,STOP-000178,job_stop,2023-03-01 15:43:00,2023-03-01 16:39:00,16.51
STOP-000180,RT-00035,,TECH-0029,STOP-000179,depot_end,2023-03-01 16:58:00,2023-03-01 16:58:00,13.75
STOP-000181,RT-00036,,TECH-0024,,depot_start,2024-04-16 07:45:00,2024-04-16 07:45:00,
STOP-000182,RT-00036,JOB-000111,TECH-0024,STOP-000181,job_stop,2024-04-16 08:27:00,2024-04-16 10:19:00,27.08
STOP-000183,RT-00036,JOB-000112,TECH-0024,STOP-000182,job_stop,2024-04-16 10:37:00,2024-04-16 12:12:00,10.12
STOP-000184,RT-00036,JOB-000113,TECH-0024,STOP-000183,job_stop,2024-04-16 13:04:00,2024-04-16 13:57:00,33.0
STOP-000185,RT-00036,,TECH-0024,STOP-000184,depot_end,2024-04-16 14:30:00,2024-04-16 14:30:00,22.28
STOP-000186,RT-00037,,TECH-0015,,depot_start,2024-06-06 08:30:00,2024-06-06 08:30:00,
STOP-000187,RT-00037,JOB-000114,TECH-0015,STOP-000186,job_stop,2024-06-06 09:08:00,2024-06-06 10:29:00,22.56
STOP-000188,RT-00037,JOB-000115,TECH-0015,STOP-000187,job_stop,2024-06-06 11:08:00,2024-06-06 13:05:00,31.5
STOP-000189,RT-00037,JOB-000116,TECH-0015,STOP-000188,job_stop,2024-06-06 13:18:00,2024-06-06 15:13:00,9.83
STOP-000190,RT-00037,,TECH-0015,STOP-000189,depot_end,2024-06-06 15:31:00,2024-06-06 15:31:00,12.24
STOP-000191,RT-00038,,TECH-0019,,depot_start,2023-07-31 07:15:00,2023-07-31 07:15:00,
STOP-000192,RT-00038,JOB-000117,TECH-0019,STOP-000191,job_stop,2023-07-31 07:53:00,2023-07-31 08:19:00,32.45
STOP-000193,RT-00038,JOB-000118,TECH-0019,STOP-000192,job_stop,2023-07-31 08:49:00,2023-07-31 10:34:00,26.17
STOP-000194,RT-00038,JOB-000119,TECH-0019,STOP-000193,job_stop,2023-07-31 11:12:00,2023-07-31 11:52:00,28.35
STOP-000195,RT-00038,JOB-000120,TECH-0019,STOP-000194,job_stop,2023-07-31 12:20:00,2023-07-31 13:11:00,16.66
STOP-000196,RT-00038,JOB-000121,TECH-0019,STOP-000195,job_stop,2023-07-31 13:59:00,2023-07-31 15:20:00,34.29
STOP-000197,RT-00038,,TECH-0019,STOP-000196,depot_end,2023-07-31 15:46:00,2023-07-31 15:46:00,23.14
STOP-000198,RT-00039,,TECH-0003,,depot_start,2025-01-23 08:45:00,2025-01-23 08:45:00,
STOP-000199,RT-00039,JOB-000122,TECH-0003,STOP-000198,job_stop,2025-01-23 08:57:00,2025-01-23 10:52:00,9.05
STOP-000200,RT-00039,JOB-000123,TECH-0003,STOP-000199,job_stop,2025-01-23 11:39:00,2025-01-23 13:24:00,37.32
STOP-000201,RT-00039,,TECH-0003,STOP-000200,depot_end,2025-01-23 13:56:00,2025-01-23 13:56:00,22.13
STOP-000202,RT-00040,,TECH-0006,,depot_start,2023-07-13 08:00:00,2023-07-13 08:00:00,
STOP-000203,RT-00040,JOB-000124,TECH-0006,STOP-000202,job_stop,2023-07-13 08:28:00,2023-07-13 09:39:00,16.26
STOP-000204,RT-00040,JOB-000125,TECH-0006,STOP-000203,job_stop,2023-07-13 10:05:00,2023-07-13 11:13:00,13.38
STOP-000205,RT-00040,,TECH-0006,STOP-000204,depot_end,2023-07-13 11:48:00,2023-07-13 11:48:00,22.65
STOP-000206,RT-00041,,TECH-0014,,depot_start,2024-09-23 08:15:00,2024-09-23 08:15:00,
STOP-000207,RT-00041,JOB-000126,TECH-0014,STOP-000206,job_stop,2024-09-23 08:56:00,2024-09-23 10:50:00,31.85
STOP-000208,RT-00041,JOB-000127,TECH-0014,STOP-000207,job_stop,2024-09-23 11:38:00,2024-09-23 12:44:00,43.11
STOP-000209,RT-00041,JOB-000128,TECH-0014,STOP-000208,job_stop,2024-09-23 13:32:00,2024-09-23 14:34:00,37.78
STOP-000210,RT-00041,JOB-000129,TECH-0014,STOP-000209,job_stop,2024-09-23 15:01:00,2024-09-23 15:35:00,20.41
STOP-000211,RT-00041,JOB-000130,TECH-0014,STOP-000210,job_stop,2024-09-23 15:46:00,2024-09-23 17:58:00,6.13
STOP-000212,RT-00041,,TECH-0014,STOP-000211,depot_end,2024-09-23 18:27:00,2024-09-23 18:27:00,16.28
STOP-000213,RT-00042,,TECH-0016,,depot_start,2024-06-14 08:00:00,2024-06-14 08:00:00,
STOP-000214,RT-00042,JOB-000131,TECH-0016,STOP-000213,job_stop,2024-06-14 08:46:00,2024-06-14 10:39:00,25.53
STOP-000215,RT-00042,JOB-000132,TECH-0016,STOP-000214,job_stop,2024-06-14 11:24:00,2024-06-14 12:50:00,24.62
STOP-000216,RT-00042,JOB-000133,TECH-0016,STOP-000215,job_stop,2024-06-14 13:08:00,2024-06-14 15:23:00,15.14
STOP-000217,RT-00042,JOB-000134,TECH-0016,STOP-000216,job_stop,2024-06-14 16:18:00,2024-06-14 17:52:00,28.93
STOP-000218,RT-00042,,TECH-0016,STOP-000217,depot_end,2024-06-14 18:18:00,2024-06-14 18:18:00,15.33
STOP-000219,RT-00043,,TECH-0008,,depot_start,2023-07-19 08:00:00,2023-07-19 08:00:00,
STOP-000220,RT-00043,JOB-000135,TECH-0008,STOP-000219,job_stop,2023-07-19 08:33:00,2023-07-19 10:27:00,23.81
STOP-000221,RT-00043,JOB-000136,TECH-0008,STOP-000220,job_stop,2023-07-19 11:02:00,2023-07-19 13:24:00,31.49
STOP-000222,RT-00043,JOB-000137,TECH-0008,STOP-000221,job_stop,2023-07-19 14:15:00,2023-07-19 16:34:00,27.01
STOP-000223,RT-00043,,TECH-0008,STOP-000222,depot_end,2023-07-19 17:08:00,2023-07-19 17:08:00,30.14
STOP-000224,RT-00044,,TECH-0015,,depot_start,2024-12-20 07:15:00,2024-12-20 07:15:00,
STOP-000225,RT-00044,JOB-000138,TECH-0015,STOP-000224,job_stop,2024-12-20 07:44:00,2024-12-20 09:26:00,16.41
STOP-000226,RT-00044,JOB-000139,TECH-0015,STOP-000225,job_stop,2024-12-20 09:48:00,2024-12-20 11:18:00,16.59
STOP-000227,RT-00044,,TECH-0015,STOP-000226,depot_end,2024-12-20 11:33:00,2024-12-20 11:33:00,11.45
STOP-000228,RT-00045,,TECH-0027,,depot_start,2025-05-16 07:00:00,2025-05-16 07:00:00,
STOP-000229,RT-00045,JOB-000140,TECH-0027,STOP-000228,job_stop,2025-05-16 07:15:00,2025-05-16 08:42:00,7.77
STOP-000230,RT-00045,JOB-000141,TECH-0027,STOP-000229,job_stop,2025-05-16 09:33:00,2025-05-16 11:56:00,45.02
STOP-000231,RT-00045,JOB-000142,TECH-0027,STOP-000230,job_stop,2025-05-16 12:32:00,2025-05-16 13:44:00,24.97
STOP-000232,RT-00045,JOB-000143,TECH-0027,STOP-000231,job_stop,2025-05-16 14:02:00,2025-05-16 14:49:00,14.48
STOP-000233,RT-00045,,TECH-0027,STOP-000232,depot_end,2025-05-16 15:26:00,2025-05-16 15:26:00,27.61
STOP-000234,RT-00046,,TECH-0009,,depot_start,2023-08-17 08:15:00,2023-08-17 08:15:00,
STOP-000235,RT-00046,JOB-000144,TECH-0009,STOP-000234,job_stop,2023-08-17 08:35:00,2023-08-17 10:54:00,13.99
STOP-000236,RT-00046,JOB-000145,TECH-0009,STOP-000235,job_stop,2023-08-17 11:17:00,2023-08-17 11:49:00,16.87
STOP-000237,RT-00046,JOB-000146,TECH-0009,STOP-000236,job_stop,2023-08-17 12:05:00,2023-08-17 13:32:00,10.76
STOP-000238,RT-00046,JOB-000147,TECH-0009,STOP-000237,job_stop,2023-08-17 14:17:00,2023-08-17 16:15:00,27.69
STOP-000239,RT-00046,,TECH-0009,STOP-000238,depot_end,2023-08-17 16:28:00,2023-08-17 16:28:00,8.55
STOP-000240,RT-00047,,TECH-0029,,depot_start,2024-05-01 07:15:00,2024-05-01 07:15:00,
STOP-000241,RT-00047,JOB-000148,TECH-0029,STOP-000240,job_stop,2024-05-01 08:03:00,2024-05-01 10:31:00,33.78
STOP-000242,RT-00047,JOB-000149,TECH-0029,STOP-000241,job_stop,2024-05-01 10:50:00,2024-05-01 11:45:00,14.11
STOP-000243,RT-00047,JOB-000150,TECH-0029,STOP-000242,job_stop,2024-05-01 12:32:00,2024-05-01 15:02:00,29.82
STOP-000244,RT-00047,JOB-000151,TECH-0029,STOP-000243,job_stop,2024-05-01 15:55:00,2024-05-01 18:01:00,28.82
STOP-000245,RT-00047,,TECH-0029,STOP-000244,depot_end,2024-05-01 18:19:00,2024-05-01 18:19:00,15.96
STOP-000246,RT-00048,,TECH-0029,,depot_start,2025-04-09 07:45:00,2025-04-09 07:45:00,
STOP-000247,RT-00048,JOB-000152,TECH-0029,STOP-000246,job_stop,2025-04-09 08:05:00,2025-04-09 10:02:00,14.19
STOP-000248,RT-00048,JOB-000153,TECH-0029,STOP-000247,job_stop,2025-04-09 10:13:00,2025-04-09 12:20:00,7.44
STOP-000249,RT-00048,JOB-000154,TECH-0029,STOP-000248,job_stop,2025-04-09 12:33:00,2025-04-09 13:46:00,10.17
STOP-000250,RT-00048,,TECH-0029,STOP-000249,depot_end,2025-04-09 14:10:00,2025-04-09 14:10:00,20.76
STOP-000251,RT-00049,,TECH-0012,,depot_start,2025-02-21 08:45:00,2025-02-21 08:45:00,
STOP-000252,RT-00049,JOB-000155,TECH-0012,STOP-000251,job_stop,2025-02-21 09:07:00,2025-02-21 10:38:00,19.42
STOP-000253,RT-00049,JOB-000156,TECH-0012,STOP-000252,job_stop,2025-02-21 11:08:00,2025-02-21 12:38:00,20.76
STOP-000254,RT-00049,JOB-000157,TECH-0012,STOP-000253,job_stop,2025-02-21 13:06:00,2025-02-21 13:46:00,14.47
STOP-000255,RT-00049,JOB-000158,TECH-0012,STOP-000254,job_stop,2025-02-21 14:31:00,2025-02-21 15:26:00,35.03
STOP-000256,RT-00049,,TECH-0012,STOP-000255,depot_end,2025-02-21 15:37:00,2025-02-21 15:37:00,5.94
STOP-000257,RT-00050,,TECH-0012,,depot_start,2024-11-07 07:00:00,2024-11-07 07:00:00,
STOP-000258,RT-00050,JOB-000159,TECH-0012,STOP-000257,job_stop,2024-11-07 07:45:00,2024-11-07 08:45:00,40.1
STOP-000259,RT-00050,JOB-000160,TECH-0012,STOP-000258,job_stop,2024-11-07 09:15:00,2024-11-07 09:50:00,18.42
STOP-000260,RT-00050,,TECH-0012,STOP-000259,depot_end,2024-11-07 10:29:00,2024-11-07 10:29:00,33.87
STOP-000261,RT-00051,,TECH-0015,,depot_start,2023-09-11 08:45:00,2023-09-11 08:45:00,
STOP-000262,RT-00051,JOB-000161,TECH-0015,STOP-000261,job_stop,2023-09-11 09:06:00,2023-09-11 10:40:00,18.37
STOP-000263,RT-00051,JOB-000162,TECH-0015,STOP-000262,job_stop,2023-09-11 11:31:00,2023-09-11 13:57:00,36.58
STOP-000264,RT-00051,,TECH-0015,STOP-000263,depot_end,2023-09-11 14:30:00,2023-09-11 14:30:00,22.56
STOP-000265,RT-00052,,TECH-0010,,depot_start,2023-09-25 08:30:00,2023-09-25 08:30:00,
STOP-000266,RT-00052,JOB-000163,TECH-0010,STOP-000265,job_stop,2023-09-25 09:16:00,2023-09-25 10:25:00,35.41
STOP-000267,RT-00052,JOB-000164,TECH-0010,STOP-000266,job_stop,2023-09-25 11:17:00,2023-09-25 12:12:00,27.98
STOP-000268,RT-00052,,TECH-0010,STOP-000267,depot_end,2023-09-25 12:31:00,2023-09-25 12:31:00,13.93
STOP-000269,RT-00053,,TECH-0021,,depot_start,2023-01-17 08:15:00,2023-01-17 08:15:00,
STOP-000270,RT-00053,JOB-000165,TECH-0021,STOP-000269,job_stop,2023-01-17 08:28:00,2023-01-17 10:47:00,9.97
STOP-000271,RT-00053,JOB-000166,TECH-0021,STOP-000270,job_stop,2023-01-17 11:41:00,2023-01-17 13:16:00,29.54
STOP-000272,RT-00053,JOB-000167,TECH-0021,STOP-000271,job_stop,2023-01-17 13:52:00,2023-01-17 16:12:00,28.11
STOP-000273,RT-00053,JOB-000168,TECH-0021,STOP-000272,job_stop,2023-01-17 16:55:00,2023-01-17 18:47:00,29.18
STOP-000274,RT-00053,,TECH-0021,STOP-000273,depot_end,2023-01-17 19:15:00,2023-01-17 19:15:00,20.01
STOP-000275,RT-00054,,TECH-0006,,depot_start,2024-04-15 07:15:00,2024-04-15 07:15:00,
STOP-000276,RT-00054,JOB-000169,TECH-0006,STOP-000275,job_stop,2024-04-15 08:10:00,2024-04-15 08:53:00,40.33
STOP-000277,RT-00054,JOB-000170,TECH-0006,STOP-000276,job_stop,2024-04-15 09:39:00,2024-04-15 11:57:00,24.06
STOP-000278,RT-00054,JOB-000171,TECH-0006,STOP-000277,job_stop,2024-04-15 12:44:00,2024-04-15 14:52:00,24.87
STOP-000279,RT-00054,JOB-000172,TECH-0006,STOP-000278,job_stop,2024-04-15 15:04:00,2024-04-15 16:10:00,7.38
STOP-000280,RT-00054,JOB-000173,TECH-0006,STOP-000279,job_stop,2024-04-15 16:44:00,2024-04-15 18:40:00,23.1
STOP-000281,RT-00054,,TECH-0006,STOP-000280,depot_end,2024-04-15 18:53:00,2024-04-15 18:53:00,7.43
STOP-000282,RT-00055,,TECH-0020,,depot_start,2024-07-17 07:00:00,2024-07-17 07:00:00,
STOP-000283,RT-00055,JOB-000174,TECH-0020,STOP-000282,job_stop,2024-07-17 07:11:00,2024-07-17 09:29:00,9.81
STOP-000284,RT-00055,JOB-000175,TECH-0020,STOP-000283,job_stop,2024-07-17 10:01:00,2024-07-17 11:09:00,17.99
STOP-000285,RT-00055,JOB-000176,TECH-0020,STOP-000284,job_stop,2024-07-17 11:34:00,2024-07-17 12:19:00,14.56
STOP-000286,RT-00055,,TECH-0020,STOP-000285,depot_end,2024-07-17 12:41:00,2024-07-17 12:41:00,14.86
STOP-000287,RT-00056,,TECH-0020,,depot_start,2023-11-08 07:30:00,2023-11-08 07:30:00,
STOP-000288,RT-00056,JOB-000177,TECH-0020,STOP-000287,job_stop,2023-11-08 07:54:00,2023-11-08 09:35:00,19.83
STOP-000289,RT-00056,JOB-000178,TECH-0020,STOP-000288,job_stop,2023-11-08 10:27:00,2023-11-08 12:32:00,36.84
STOP-000290,RT-00056,,TECH-0020,STOP-000289,depot_end,2023-11-08 13:02:00,2023-11-08 13:02:00,23.15
STOP-000291,RT-00057,,TECH-0020,,depot_start,2024-12-11 08:45:00,2024-12-11 08:45:00,
STOP-000292,RT-00057,JOB-000179,TECH-0020,STOP-000291,job_stop,2024-12-11 09:28:00,2024-12-11 11:34:00,26.98
STOP-000293,RT-00057,JOB-000180,TECH-0020,STOP-000292,job_stop,2024-12-11 12:03:00,2024-12-11 12:59:00,24.45
STOP-000294,RT-00057,,TECH-0020,STOP-000293,depot_end,2024-12-11 13:21:00,2024-12-11 13:21:00,13.14
STOP-000295,RT-00058,,TECH-0008,,depot_start,2024-04-18 08:30:00,2024-04-18 08:30:00,
STOP-000296,RT-00058,JOB-000181,TECH-0008,STOP-000295,job_stop,2024-04-18 08:45:00,2024-04-18 09:53:00,10.71
STOP-000297,RT-00058,JOB-000182,TECH-0008,STOP-000296,job_stop,2024-04-18 10:40:00,2024-04-18 11:55:00,37.12
STOP-000298,RT-00058,,TECH-0008,STOP-000297,depot_end,2024-04-18 12:34:00,2024-04-18 12:34:00,22.46
STOP-000299,RT-00059,,TECH-0027,,depot_start,2023-06-19 07:15:00,2023-06-19 07:15:00,
STOP-000300,RT-00059,JOB-000183,TECH-0027,STOP-000299,job_stop,2023-06-19 07:50:00,2023-06-19 09:32:00,30.31
STOP-000301,RT-00059,JOB-000184,TECH-0027,STOP-000300,job_stop,2023-06-19 10:11:00,2023-06-19 12:31:00,21.04
STOP-000302,RT-00059,JOB-000185,TECH-0027,STOP-000301,job_stop,2023-06-19 12:50:00,2023-06-19 14:56:00,9.62
STOP-000303,RT-00059,JOB-000186,TECH-0027,STOP-000302,job_stop,2023-06-19 15:22:00,2023-06-19 17:47:00,20.94
STOP-000304,RT-00059,JOB-000187,TECH-0027,STOP-000303,job_stop,2023-06-19 18:31:00,2023-06-19 19:06:00,30.59
STOP-000305,RT-00059,,TECH-0027,STOP-000304,depot_end,2023-06-19 19:20:00,2023-06-19 19:20:00,11.72
STOP-000306,RT-00060,,TECH-0009,,depot_start,2023-04-07 07:15:00,2023-04-07 07:15:00,
STOP-000307,RT-00060,JOB-000188,TECH-0009,STOP-000306,job_stop,2023-04-07 07:57:00,2023-04-07 08:32:00,28.66
STOP-000308,RT-00060,JOB-000189,TECH-0009,STOP-000307,job_stop,2023-04-07 08:42:00,2023-04-07 10:12:00,5.07
STOP-000309,RT-00060,JOB-000190,TECH-0009,STOP-000308,job_stop,2023-04-07 10:28:00,2023-04-07 11:26:00,13.88
STOP-000310,RT-00060,,TECH-0009,STOP-000309,depot_end,2023-04-07 12:06:00,2023-04-07 12:06:00,26.5
STOP-000311,RT-00061,,TECH-0021,,depot_start,2023-12-15 08:00:00,2023-12-15 08:00:00,
STOP-000312,RT-00061,JOB-000191,TECH-0021,STOP-000311,job_stop,2023-12-15 08:51:00,2023-12-15 09:19:00,45.73
STOP-000313,RT-00061,JOB-000192,TECH-0021,STOP-000312,job_stop,2023-12-15 09:34:00,2023-12-15 11:45:00,10.5
STOP-000314,RT-00061,JOB-000193,TECH-0021,STOP-000313,job_stop,2023-12-15 12:09:00,2023-12-15 14:30:00,14.03
STOP-000315,RT-00061,,TECH-0021,STOP-000314,depot_end,2023-12-15 14:45:00,2023-12-15 14:45:00,13.07
STOP-000316,RT-00062,,TECH-0012,,depot_start,2023-01-24 07:45:00,2023-01-24 07:45:00,
STOP-000317,RT-00062,JOB-000194,TECH-0012,STOP-000316,job_stop,2023-01-24 07:59:00,2023-01-24 09:20:00,8.68
STOP-000318,RT-00062,JOB-000195,TECH-0012,STOP-000317,job_stop,2023-01-24 10:14:00,2023-01-24 12:42:00,42.64
STOP-000319,RT-00062,JOB-000196,TECH-0012,STOP-000318,job_stop,2023-01-24 13:12:00,2023-01-24 14:41:00,15.36
STOP-000320,RT-00062,,TECH-0012,STOP-000319,depot_end,2023-01-24 14:53:00,2023-01-24 14:53:00,9.71
STOP-000321,RT-00063,,TECH-0011,,depot_start,2023-12-20 07:30:00,2023-12-20 07:30:00,
STOP-000322,RT-00063,JOB-000197,TECH-0011,STOP-000321,job_stop,2023-12-20 07:49:00,2023-12-20 08:48:00,12.39
STOP-000323,RT-00063,JOB-000198,TECH-0011,STOP-000322,job_stop,2023-12-20 09:04:00,2023-12-20 10:11:00,8.85
STOP-000324,RT-00063,,TECH-0011,STOP-000323,depot_end,2023-12-20 10:40:00,2023-12-20 10:40:00,21.44
STOP-000325,RT-00064,,TECH-0012,,depot_start,2024-07-05 08:45:00,2024-07-05 08:45:00,
STOP-000326,RT-00064,JOB-000199,TECH-0012,STOP-000325,job_stop,2024-07-05 09:19:00,2024-07-05 10:41:00,27.6
STOP-000327,RT-00064,JOB-000200,TECH-0012,STOP-000326,job_stop,2024-07-05 10:55:00,2024-07-05 12:25:00,7.94
STOP-000328,RT-00064,,TECH-0012,STOP-000327,depot_end,2024-07-05 12:54:00,2024-07-05 12:54:00,21.65
STOP-000329,RT-00065,,TECH-0016,,depot_start,2023-06-02 08:00:00,2023-06-02 08:00:00,
STOP-000330,RT-00065,JOB-000201,TECH-0016,STOP-000329,job_stop,2023-06-02 08:35:00,2023-06-02 10:32:00,22.15
STOP-000331,RT-00065,JOB-000202,TECH-0016,STOP-000330,job_stop,2023-06-02 11:01:00,2023-06-02 12:12:00,18.22
STOP-000332,RT-00065,JOB-000203,TECH-0016,STOP-000331,job_stop,2023-06-02 12:58:00,2023-06-02 14:41:00,37.39
STOP-000333,RT-00065,,TECH-0016,STOP-000332,depot_end,2023-06-02 15:12:00,2023-06-02 15:12:00,25.02
STOP-000334,RT-00066,,TECH-0001,,depot_start,2024-10-23 08:30:00,2024-10-23 08:30:00,
STOP-000335,RT-00066,JOB-000204,TECH-0001,STOP-000334,job_stop,2024-10-23 09:24:00,2024-10-23 11:28:00,28.49
STOP-000336,RT-00066,JOB-000205,TECH-0001,STOP-000335,job_stop,2024-10-23 11:42:00,2024-10-23 14:04:00,9.51
STOP-000337,RT-00066,JOB-000206,TECH-0001,STOP-000336,job_stop,2024-10-23 14:58:00,2024-10-23 15:39:00,46.34
STOP-000338,RT-00066,,TECH-0001,STOP-000337,depot_end,2024-10-23 16:19:00,2024-10-23 16:19:00,32.04
STOP-000339,RT-00067,,TECH-0029,,depot_start,2024-09-09 07:00:00,2024-09-09 07:00:00,
STOP-000340,RT-00067,JOB-000207,TECH-0029,STOP-000339,job_stop,2024-09-09 07:26:00,2024-09-09 08:42:00,15.31
STOP-000341,RT-00067,JOB-000208,TECH-0029,STOP-000340,job_stop,2024-09-09 09:14:00,2024-09-09 11:37:00,28.77
STOP-000342,RT-00067,,TECH-0029,STOP-000341,depot_end,2024-09-09 11:58:00,2024-09-09 11:58:00,13.12
STOP-000343,RT-00068,,TECH-0016,,depot_start,2023-10-24 08:45:00,2023-10-24 08:45:00,
STOP-000344,RT-00068,JOB-000209,TECH-0016,STOP-000343,job_stop,2023-10-24 09:01:00,2023-10-24 11:16:00,10.8
STOP-000345,RT-00068,JOB-000210,TECH-0016,STOP-000344,job_stop,2023-10-24 12:09:00,2023-10-24 13:31:00,43.46
STOP-000346,RT-00068,JOB-000211,TECH-0016,STOP-000345,job_stop,2023-10-24 14:21:00,2023-10-24 16:31:00,28.69
STOP-000347,RT-00068,JOB-000212,TECH-0016,STOP-000346,job_stop,2023-10-24 16:54:00,2023-10-24 17:30:00,14.06
STOP-000348,RT-00068,JOB-000213,TECH-0016,STOP-000347,job_stop,2023-10-24 18:22:00,2023-10-24 20:02:00,43.94
STOP-000349,RT-00068,,TECH-0016,STOP-000348,depot_end,2023-10-24 20:38:00,2023-10-24 20:38:00,27.7
STOP-000350,RT-00069,,TECH-0029,,depot_start,2024-03-01 07:30:00,2024-03-01 07:30:00,
STOP-000351,RT-00069,JOB-000214,TECH-0029,STOP-000350,job_stop,2024-03-01 07:47:00,2024-03-01 08:36:00,10.12
STOP-000352,RT-00069,JOB-000215,TECH-0029,STOP-000351,job_stop,2024-03-01 09:13:00,2024-03-01 10:17:00,21.25
STOP-000353,RT-00069,,TECH-0029,STOP-000352,depot_end,2024-03-01 10:54:00,2024-03-01 10:54:00,23.81
STOP-000354,RT-00070,,TECH-0001,,depot_start,2024-11-26 07:45:00,2024-11-26 07:45:00,
STOP-000355,RT-00070,JOB-000216,TECH-0001,STOP-000354,job_stop,2024-11-26 08:30:00,2024-11-26 10:56:00,31.6
STOP-000356,RT-00070,JOB-000217,TECH-0001,STOP-000355,job_stop,2024-11-26 11:20:00,2024-11-26 12:50:00,14.8
STOP-000357,RT-00070,JOB-000218,TECH-0001,STOP-000356,job_stop,2024-11-26 13:36:00,2024-11-26 15:29:00,25.1
STOP-000358,RT-00070,,TECH-0001,STOP-000357,depot_end,2024-11-26 16:02:00,2024-11-26 16:02:00,27.46
STOP-000359,RT-00071,,TECH-0028,,depot_start,2023-12-21 07:45:00,2023-12-21 07:45:00,
STOP-000360,RT-00071,JOB-000219,TECH-0028,STOP-000359,job_stop,2023-12-21 08:11:00,2023-12-21 08:53:00,16.63
STOP-000361,RT-00071,JOB-000220,TECH-0028,STOP-000360,job_stop,2023-12-21 09:48:00,2023-12-21 11:57:00,40.93
STOP-000362,RT-00071,JOB-000221,TECH-0028,STOP-000361,job_stop,2023-12-21 12:41:00,2023-12-21 13:44:00,26.95
STOP-000363,RT-00071,JOB-000222,TECH-0028,STOP-000362,job_stop,2023-12-21 14:02:00,2023-12-21 16:07:00,15.93
STOP-000364,RT-00071,,TECH-0028,STOP-000363,depot_end,2023-12-21 16:24:00,2023-12-21 16:24:00,9.49
STOP-000365,RT-00072,,TECH-0012,,depot_start,2023-12-21 08:15:00,2023-12-21 08:15:00,
STOP-000366,RT-00072,JOB-000223,TECH-0012,STOP-000365,job_stop,2023-12-21 09:01:00,2023-12-21 11:07:00,34.64
STOP-000367,RT-00072,JOB-000224,TECH-0012,STOP-000366,job_stop,2023-12-21 12:01:00,2023-12-21 13:55:00,47.22
STOP-000368,RT-00072,JOB-000225,TECH-0012,STOP-000367,job_stop,2023-12-21 14:45:00,2023-12-21 16:36:00,38.28
STOP-000369,RT-00072,JOB-000226,TECH-0012,STOP-000368,job_stop,2023-12-21 17:06:00,2023-12-21 18:52:00,24.94
STOP-000370,RT-00072,JOB-000227,TECH-0012,STOP-000369,job_stop,2023-12-21 19:04:00,2023-12-21 21:21:00,6.48
STOP-000371,RT-00072,,TECH-0012,STOP-000370,depot_end,2023-12-21 21:53:00,2023-12-21 21:53:00,27.64
STOP-000372,RT-00073,,TECH-0024,,depot_start,2024-03-08 08:00:00,2024-03-08 08:00:00,
STOP-000373,RT-00073,JOB-000228,TECH-0024,STOP-000372,job_stop,2024-03-08 08:51:00,2024-03-08 09:32:00,32.85
STOP-000374,RT-00073,JOB-000229,TECH-0024,STOP-000373,job_stop,2024-03-08 10:09:00,2024-03-08 10:53:00,28.2
STOP-000375,RT-00073,JOB-000230,TECH-0024,STOP-000374,job_stop,2024-03-08 11:03:00,2024-03-08 12:50:00,5.03
STOP-000376,RT-00073,,TECH-0024,STOP-000375,depot_end,2024-03-08 13:12:00,2024-03-08 13:12:00,11.79
STOP-000377,RT-00074,,TECH-0029,,depot_start,2023-05-26 08:30:00,2023-05-26 08:30:00,
STOP-000378,RT-00074,JOB-000231,TECH-0029,STOP-000377,job_stop,2023-05-26 08:59:00,2023-05-26 09:53:00,16.09
STOP-000379,RT-00074,JOB-000232,TECH-0029,STOP-000378,job_stop,2023-05-26 10:31:00,2023-05-26 11:45:00,24.34
STOP-000380,RT-00074,,TECH-0029,STOP-000379,depot_end,2023-05-26 11:57:00,2023-05-26 11:57:00,10.3
STOP-000381,RT-00075,,TECH-0005,,depot_start,2023-06-27 08:45:00,2023-06-27 08:45:00,
STOP-000382,RT-00075,JOB-000233,TECH-0005,STOP-000381,job_stop,2023-06-27 09:15:00,2023-06-27 10:38:00,24.49
STOP-000383,RT-00075,JOB-000234,TECH-0005,STOP-000382,job_stop,2023-06-27 11:32:00,2023-06-27 13:09:00,27.58
STOP-000384,RT-00075,JOB-000235,TECH-0005,STOP-000383,job_stop,2023-06-27 13:34:00,2023-06-27 14:22:00,17.45
STOP-000385,RT-00075,JOB-000236,TECH-0005,STOP-000384,job_stop,2023-06-27 14:52:00,2023-06-27 16:59:00,16.58
STOP-000386,RT-00075,JOB-000237,TECH-0005,STOP-000385,job_stop,2023-06-27 17:10:00,2023-06-27 17:33:00,8.08
STOP-000387,RT-00075,,TECH-0005,STOP-000386,depot_end,2023-06-27 18:03:00,2023-06-27 18:03:00,23.55
STOP-000388,RT-00076,,TECH-0028,,depot_start,2024-08-19 08:00:00,2024-08-19 08:00:00,
STOP-000389,RT-00076,JOB-000238,TECH-0028,STOP-000388,job_stop,2024-08-19 08:50:00,2024-08-19 09:49:00,35.73
STOP-000390,RT-00076,JOB-000239,TECH-0028,STOP-000389,job_stop,2024-08-19 10:33:00,2024-08-19 11:09:00,27.75
STOP-000391,RT-00076,JOB-000240,TECH-0028,STOP-000390,job_stop,2024-08-19 11:46:00,2024-08-19 12:20:00,20.22
STOP-000392,RT-00076,JOB-000241,TECH-0028,STOP-000391,job_stop,2024-08-19 13:14:00,2024-08-19 15:41:00,27.25
STOP-000393,RT-00076,JOB-000242,TECH-0028,STOP-000392,job_stop,2024-08-19 15:59:00,2024-08-19 17:27:00,14.4
STOP-000394,RT-00076,,TECH-0028,STOP-000393,depot_end,2024-08-19 17:53:00,2024-08-19 17:53:00,13.66
STOP-000395,RT-00077,,TECH-0026,,depot_start,2025-04-07 08:45:00,2025-04-07 08:45:00,
STOP-000396,RT-00077,JOB-000243,TECH-0026,STOP-000395,job_stop,2025-04-07 09:27:00,2025-04-07 11:54:00,27.05
STOP-000397,RT-00077,JOB-000244,TECH-0026,STOP-000396,job_stop,2025-04-07 12:18:00,2025-04-07 12:38:00,19.11
STOP-000398,RT-00077,,TECH-0026,STOP-000397,depot_end,2025-04-07 13:17:00,2025-04-07 13:17:00,34.48
STOP-000399,RT-00078,,TECH-0002,,depot_start,2025-03-04 07:30:00,2025-03-04 07:30:00,
STOP-000400,RT-00078,JOB-000245,TECH-0002,STOP-000399,job_stop,2025-03-04 07:55:00,2025-03-04 09:36:00,16.66
STOP-000401,RT-00078,JOB-000246,TECH-0002,STOP-000400,job_stop,2025-03-04 09:57:00,2025-03-04 10:28:00,12.37
STOP-000402,RT-00078,JOB-000247,TECH-0002,STOP-000401,job_stop,2025-03-04 10:58:00,2025-03-04 13:14:00,16.04
STOP-000403,RT-00078,JOB-000248,TECH-0002,STOP-000402,job_stop,2025-03-04 13:53:00,2025-03-04 16:19:00,25.25
STOP-000404,RT-00078,JOB-000249,TECH-0002,STOP-000403,job_stop,2025-03-04 16:38:00,2025-03-04 18:42:00,9.55
STOP-000405,RT-00078,,TECH-0002,STOP-000404,depot_end,2025-03-04 18:52:00,2025-03-04 18:52:00,8.04
STOP-000406,RT-00079,,TECH-0014,,depot_start,2024-03-15 07:15:00,2024-03-15 07:15:00,
STOP-000407,RT-00079,JOB-000250,TECH-0014,STOP-000406,job_stop,2024-03-15 07:51:00,2024-03-15 08:26:00,25.09
STOP-000408,RT-00079,JOB-000251,TECH-0014,STOP-000407,job_stop,2024-03-15 09:20:00,2024-03-15 11:37:00,46.34
STOP-000409,RT-00079,,TECH-0014,STOP-000408,depot_end,2024-03-15 11:49:00,2024-03-15 11:49:00,8.84
STOP-000410,RT-00080,,TECH-0002,,depot_start,2024-09-16 07:30:00,2024-09-16 07:30:00,
STOP-000411,RT-00080,JOB-000252,TECH-0002,STOP-000410,job_stop,2024-09-16 07:56:00,2024-09-16 09:56:00,21.85
STOP-000412,RT-00080,JOB-000253,TECH-0002,STOP-000411,job_stop,2024-09-16 10:14:00,2024-09-16 11:01:00,14.62
STOP-000413,RT-00080,JOB-000254,TECH-0002,STOP-000412,job_stop,2024-09-16 11:24:00,2024-09-16 13:42:00,15.66
STOP-000414,RT-00080,,TECH-0002,STOP-000413,depot_end,2024-09-16 13:58:00,2024-09-16 13:58:00,13.35
STOP-000415,RT-00081,,TECH-0012,,depot_start,2023-08-01 07:30:00,2023-08-01 07:30:00,
STOP-000416,RT-00081,JOB-000255,TECH-0012,STOP-000415,job_stop,2023-08-01 08:05:00,2023-08-01 09:41:00,24.69
STOP-000417,RT-00081,JOB-000256,TECH-0012,STOP-000416,job_stop,2023-08-01 09:57:00,2023-08-01 10:52:00,10.96
STOP-000418,RT-00081,,TECH-0012,STOP-000417,depot_end,2023-08-01 11:23:00,2023-08-01 11:23:00,23.32
STOP-000419,RT-00082,,TECH-0024,,depot_start,2023-05-02 07:00:00,2023-05-02 07:00:00,
STOP-000420,RT-00082,JOB-000257,TECH-0024,STOP-000419,job_stop,2023-05-02 07:14:00,2023-05-02 09:27:00,8.11
STOP-000421,RT-00082,JOB-000258,TECH-0024,STOP-000420,job_stop,2023-05-02 10:06:00,2023-05-02 12:16:00,20.29
STOP-000422,RT-00082,JOB-000259,TECH-0024,STOP-000421,job_stop,2023-05-02 12:39:00,2023-05-02 14:09:00,19.86
STOP-000423,RT-00082,JOB-000260,TECH-0024,STOP-000422,job_stop,2023-05-02 14:50:00,2023-05-02 17:12:00,27.26
STOP-000424,RT-00082,,TECH-0024,STOP-000423,depot_end,2023-05-02 17:42:00,2023-05-02 17:42:00,26.93
STOP-000425,RT-00083,,TECH-0020,,depot_start,2023-01-27 08:45:00,2023-01-27 08:45:00,
STOP-000426,RT-00083,JOB-000261,TECH-0020,STOP-000425,job_stop,2023-01-27 09:29:00,2023-01-27 11:17:00,35.75
STOP-000427,RT-00083,JOB-000262,TECH-0020,STOP-000426,job_stop,2023-01-27 11:28:00,2023-01-27 12:59:00,9.44
STOP-000428,RT-00083,JOB-000263,TECH-0020,STOP-000427,job_stop,2023-01-27 13:15:00,2023-01-27 14:36:00,9.59
STOP-000429,RT-00083,JOB-000264,TECH-0020,STOP-000428,job_stop,2023-01-27 15:22:00,2023-01-27 17:21:00,38.58
STOP-000430,RT-00083,JOB-000265,TECH-0020,STOP-000429,job_stop,2023-01-27 18:15:00,2023-01-27 18:42:00,34.75
STOP-000431,RT-00083,,TECH-0020,STOP-000430,depot_end,2023-01-27 19:18:00,2023-01-27 19:18:00,32.23
STOP-000432,RT-00084,,TECH-0017,,depot_start,2025-02-17 07:45:00,2025-02-17 07:45:00,
STOP-000433,RT-00084,JOB-000266,TECH-0017,STOP-000432,job_stop,2025-02-17 07:57:00,2025-02-17 09:16:00,6.43
STOP-000434,RT-00084,JOB-000267,TECH-0017,STOP-000433,job_stop,2025-02-17 09:34:00,2025-02-17 10:39:00,11.45
STOP-000435,RT-00084,JOB-000268,TECH-0017,STOP-000434,job_stop,2025-02-17 10:56:00,2025-02-17 12:49:00,14.26
STOP-000436,RT-00084,JOB-000269,TECH-0017,STOP-000435,job_stop,2025-02-17 13:18:00,2025-02-17 14:18:00,18.24
STOP-000437,RT-00084,,TECH-0017,STOP-000436,depot_end,2025-02-17 14:50:00,2025-02-17 14:50:00,28.4
STOP-000438,RT-00085,,TECH-0026,,depot_start,2025-05-29 07:15:00,2025-05-29 07:15:00,
STOP-000439,RT-00085,JOB-000270,TECH-0026,STOP-000438,job_stop,2025-05-29 07:49:00,2025-05-29 09:24:00,21.17
STOP-000440,RT-00085,JOB-000271,TECH-0026,STOP-000439,job_stop,2025-05-29 09:45:00,2025-05-29 11:01:00,15.56
STOP-000441,RT-00085,JOB-000272,TECH-0026,STOP-000440,job_stop,2025-05-29 11:21:00,2025-05-29 12:03:00,15.09
STOP-000442,RT-00085,JOB-000273,TECH-0026,STOP-000441,job_stop,2025-05-29 12:57:00,2025-05-29 14:22:00,28.46
STOP-000443,RT-00085,,TECH-0026,STOP-000442,depot_end,2025-05-29 14:47:00,2025-05-29 14:47:00,21.32
STOP-000444,RT-00086,,TECH-0013,,depot_start,2025-02-21 07:45:00,2025-02-21 07:45:00,
STOP-000445,RT-00086,JOB-000274,TECH-0013,STOP-000444,job_stop,2025-02-21 08:31:00,2025-02-21 09:48:00,34.98
STOP-000446,RT-00086,JOB-000275,TECH-0013,STOP-000445,job_stop,2025-02-21 10:04:00,2025-02-21 11:07:00,8.47
STOP-000447,RT-00086,JOB-000276,TECH-0013,STOP-000446,job_stop,2025-02-21 11:55:00,2025-02-21 14:18:00,42.92
STOP-000448,RT-00086,JOB-000277,TECH-0013,STOP-000447,job_stop,2025-02-21 14:31:00,2025-02-21 15:43:00,7.03
STOP-000449,RT-00086,JOB-000278,TECH-0013,STOP-000448,job_stop,2025-02-21 16:35:00,2025-02-21 17:55:00,31.86
STOP-000450,RT-00086,,TECH-0013,STOP-000449,depot_end,2025-02-21 18:05:00,2025-02-21 18:05:00,6.71
STOP-000451,RT-00087,,TECH-0011,,depot_start,2025-06-16 07:00:00,2025-06-16 07:00:00,
STOP-000452,RT-00087,JOB-000279,TECH-0011,STOP-000451,job_stop,2025-06-16 07:11:00,2025-06-16 08:45:00,6.41
STOP-000453,RT-00087,JOB-000280,TECH-0011,STOP-000452,job_stop,2025-06-16 09:00:00,2025-06-16 10:59:00,11.35
STOP-000454,RT-00087,JOB-000281,TECH-0011,STOP-000453,job_stop,2025-06-16 11:23:00,2025-06-16 11:58:00,20.04
STOP-000455,RT-00087,JOB-000282,TECH-0011,STOP-000454,job_stop,2025-06-16 12:43:00,2025-06-16 14:42:00,23.6
STOP-000456,RT-00087,JOB-000283,TECH-0011,STOP-000455,job_stop,2025-06-16 15:22:00,2025-06-16 17:23:00,24.78
STOP-000457,RT-00087,,TECH-0011,STOP-000456,depot_end,2025-06-16 17:36:00,2025-06-16 17:36:00,11.44
STOP-000458,RT-00088,,TECH-0016,,depot_start,2023-09-06 07:15:00,2023-09-06 07:15:00,
STOP-000459,RT-00088,JOB-000284,TECH-0016,STOP-000458,job_stop,2023-09-06 07:33:00,2023-09-06 08:13:00,9.31
STOP-000460,RT-00088,JOB-000285,TECH-0016,STOP-000459,job_stop,2023-09-06 08:27:00,2023-09-06 10:28:00,7.49
STOP-000461,RT-00088,JOB-000286,TECH-0016,STOP-000460,job_stop,2023-09-06 10:45:00,2023-09-06 11:42:00,11.32
STOP-000462,RT-00088,,TECH-0016,STOP-000461,depot_end,2023-09-06 12:17:00,2023-09-06 12:17:00,21.51
STOP-000463,RT-00089,,TECH-0020,,depot_start,2024-05-08 08:45:00,2024-05-08 08:45:00,
STOP-000464,RT-00089,JOB-000287,TECH-0020,STOP-000463,job_stop,2024-05-08 09:36:00,2024-05-08 11:57:00,35.41
STOP-000465,RT-00089,JOB-000288,TECH-0020,STOP-000464,job_stop,2024-05-08 12:09:00,2024-05-08 13:53:00,7.9
STOP-000466,RT-00089,JOB-000289,TECH-0020,STOP-000465,job_stop,2024-05-08 14:24:00,2024-05-08 16:01:00,25.64
STOP-000467,RT-00089,JOB-000290,TECH-0020,STOP-000466,job_stop,2024-05-08 16:19:00,2024-05-08 18:32:00,11.16
STOP-000468,RT-00089,JOB-000291,TECH-0020,STOP-000467,job_stop,2024-05-08 19:10:00,2024-05-08 21:14:00,22.21
STOP-000469,RT-00089,,TECH-0020,STOP-000468,depot_end,2024-05-08 21:26:00,2024-05-08 21:26:00,7.49
STOP-000470,RT-00090,,TECH-0019,,depot_start,2024-08-01 07:15:00,2024-08-01 07:15:00,
STOP-000471,RT-00090,JOB-000292,TECH-0019,STOP-000470,job_stop,2024-08-01 07:37:00,2024-08-01 08:48:00,18.7
STOP-000472,RT-00090,JOB-000293,TECH-0019,STOP-000471,job_stop,2024-08-01 09:27:00,2024-08-01 10:18:00,27.38
STOP-000473,RT-00090,JOB-000294,TECH-0019,STOP-000472,job_stop,2024-08-01 10:50:00,2024-08-01 12:16:00,18.09
STOP-000474,RT-00090,,TECH-0019,STOP-000473,depot_end,2024-08-01 12:53:00,2024-08-01 12:53:00,21.78
STOP-000475,RT-00091,,TECH-0009,,depot_start,2023-10-24 08:00:00,2023-10-24 08:00:00,
STOP-000476,RT-00091,JOB-000295,TECH-0009,STOP-000475,job_stop,2023-10-24 08:53:00,2023-10-24 09:46:00,26.69
STOP-000477,RT-00091,JOB-000296,TECH-0009,STOP-000476,job_stop,2023-10-24 10:23:00,2023-10-24 12:12:00,31.75
STOP-000478,RT-00091,JOB-000297,TECH-0009,STOP-000477,job_stop,2023-10-24 12:22:00,2023-10-24 14:17:00,7.05
STOP-000479,RT-00091,JOB-000298,TECH-0009,STOP-000478,job_stop,2023-10-24 15:07:00,2023-10-24 16:37:00,31.5
STOP-000480,RT-00091,,TECH-0009,STOP-000479,depot_end,2023-10-24 17:15:00,2023-10-24 17:15:00,19.86
STOP-000481,RT-00092,,TECH-0029,,depot_start,2025-05-09 08:15:00,2025-05-09 08:15:00,
STOP-000482,RT-00092,JOB-000299,TECH-0029,STOP-000481,job_stop,2025-05-09 08:26:00,2025-05-09 10:01:00,8.38
STOP-000483,RT-00092,JOB-000300,TECH-0029,STOP-000482,job_stop,2025-05-09 10:32:00,2025-05-09 11:48:00,24.51
STOP-000484,RT-00092,JOB-000301,TECH-0029,STOP-000483,job_stop,2025-05-09 12:08:00,2025-05-09 13:14:00,16.73
STOP-000485,RT-00092,JOB-000302,TECH-0029,STOP-000484,job_stop,2025-05-09 14:07:00,2025-05-09 14:49:00,45.57
STOP-000486,RT-00092,JOB-000303,TECH-0029,STOP-000485,job_stop,2025-05-09 15:22:00,2025-05-09 16:57:00,19.94
STOP-000487,RT-00092,,TECH-0029,STOP-000486,depot_end,2025-05-09 17:22:00,2025-05-09 17:22:00,21.39
STOP-000488,RT-00093,,TECH-0019,,depot_start,2023-06-21 08:45:00,2023-06-21 08:45:00,
STOP-000489,RT-00093,JOB-000304,TECH-0019,STOP-000488,job_stop,2023-06-21 08:58:00,2023-06-21 09:56:00,11.03
STOP-000490,RT-00093,JOB-000305,TECH-0019,STOP-000489,job_stop,2023-06-21 10:26:00,2023-06-21 11:32:00,25.35
STOP-000491,RT-00093,JOB-000306,TECH-0019,STOP-000490,job_stop,2023-06-21 11:59:00,2023-06-21 13:02:00,15.76
STOP-000492,RT-00093,JOB-000307,TECH-0019,STOP-000491,job_stop,2023-06-21 13:37:00,2023-06-21 15:59:00,23.51
STOP-000493,RT-00093,JOB-000308,TECH-0019,STOP-000492,job_stop,2023-06-21 16:10:00,2023-06-21 17:33:00,8.48
STOP-000494,RT-00093,,TECH-0019,STOP-000493,depot_end,2023-06-21 17:45:00,2023-06-21 17:45:00,9.95
STOP-000495,RT-00094,,TECH-0011,,depot_start,2024-02-21 08:45:00,2024-02-21 08:45:00,
STOP-000496,RT-00094,JOB-000309,TECH-0011,STOP-000495,job_stop,2024-02-21 09:38:00,2024-02-21 11:25:00,47.6
STOP-000497,RT-00094,JOB-000310,TECH-0011,STOP-000496,job_stop,2024-02-21 11:36:00,2024-02-21 12:29:00,6.51
STOP-000498,RT-00094,JOB-000311,TECH-0011,STOP-000497,job_stop,2024-02-21 13:03:00,2024-02-21 14:28:00,28.92
STOP-000499,RT-00094,JOB-000312,TECH-0011,STOP-000498,job_stop,2024-02-21 14:41:00,2024-02-21 16:47:00,10.09
STOP-000500,RT-00094,JOB-000313,TECH-0011,STOP-000499,job_stop,2024-02-21 17:16:00,2024-02-21 18:01:00,19.38
STOP-000501,RT-00094,,TECH-0011,STOP-000500,depot_end,2024-02-21 18:20:00,2024-02-21 18:20:00,10.37
STOP-000502,RT-00095,,TECH-0004,,depot_start,2024-12-13 07:30:00,2024-12-13 07:30:00,
STOP-000503,RT-00095,JOB-000314,TECH-0004,STOP-000502,job_stop,2024-12-13 08:13:00,2024-12-13 10:04:00,38.24
STOP-000504,RT-00095,JOB-000315,TECH-0004,STOP-000503,job_stop,2024-12-13 10:35:00,2024-12-13 10:58:00,18.41
STOP-000505,RT-00095,JOB-000316,TECH-0004,STOP-000504,job_stop,2024-12-13 11:40:00,2024-12-13 12:25:00,22.26
STOP-000506,RT-00095,,TECH-0004,STOP-000505,depot_end,2024-12-13 12:36:00,2024-12-13 12:36:00,5.94
STOP-000507,RT-00096,,TECH-0006,,depot_start,2023-02-27 08:30:00,2023-02-27 08:30:00,
STOP-000508,RT-00096,JOB-000317,TECH-0006,STOP-000507,job_stop,2023-02-27 09:07:00,2023-02-27 09:51:00,29.43
STOP-000509,RT-00096,JOB-000318,TECH-0006,STOP-000508,job_stop,2023-02-27 10:22:00,2023-02-27 12:34:00,19.93
STOP-000510,RT-00096,JOB-000319,TECH-0006,STOP-000509,job_stop,2023-02-27 12:51:00,2023-02-27 15:07:00,11.23
STOP-000511,RT-00096,JOB-000320,TECH-0006,STOP-000510,job_stop,2023-02-27 15:24:00,2023-02-27 15:59:00,9.4
STOP-000512,RT-00096,,TECH-0006,STOP-000511,depot_end,2023-02-27 16:14:00,2023-02-27 16:14:00,11.17
STOP-000513,RT-00097,,TECH-0028,,depot_start,2024-05-29 07:45:00,2024-05-29 07:45:00,
STOP-000514,RT-00097,JOB-000321,TECH-0028,STOP-000513,job_stop,2024-05-29 08:26:00,2024-05-29 10:31:00,22.35
STOP-000515,RT-00097,JOB-000322,TECH-0028,STOP-000514,job_stop,2024-05-29 11:23:00,2024-05-29 12:07:00,44.16
STOP-000516,RT-00097,,TECH-0028,STOP-000515,depot_end,2024-05-29 12:21:00,2024-05-29 12:21:00,11.7
STOP-000517,RT-00098,,TECH-0020,,depot_start,2025-05-28 07:15:00,2025-05-28 07:15:00,
STOP-000518,RT-00098,JOB-000323,TECH-0020,STOP-000517,job_stop,2025-05-28 07:57:00,2025-05-28 10:23:00,35.26
STOP-000519,RT-00098,JOB-000324,TECH-0020,STOP-000518,job_stop,2025-05-28 10:36:00,2025-05-28 12:32:00,9.14
STOP-000520,RT-00098,,TECH-0020,STOP-000519,depot_end,2025-05-28 13:09:00,2025-05-28 13:09:00,25.88
STOP-000521,RT-00099,,TECH-0012,,depot_start,2023-06-20 07:00:00,2023-06-20 07:00:00,
STOP-000522,RT-00099,JOB-000325,TECH-0012,STOP-000521,job_stop,2023-06-20 07:35:00,2023-06-20 07:55:00,23.27
STOP-000523,RT-00099,JOB-000326,TECH-0012,STOP-000522,job_stop,2023-06-20 08:46:00,2023-06-20 10:33:00,39.2
STOP-000524,RT-00099,JOB-000327,TECH-0012,STOP-000523,job_stop,2023-06-20 11:28:00,2023-06-20 13:43:00,41.96
STOP-000525,RT-00099,JOB-000328,TECH-0012,STOP-000524,job_stop,2023-06-20 14:28:00,2023-06-20 15:15:00,31.9
STOP-000526,RT-00099,JOB-000329,TECH-0012,STOP-000525,job_stop,2023-06-20 16:04:00,2023-06-20 16:54:00,28.34
STOP-000527,RT-00099,,TECH-0012,STOP-000526,depot_end,2023-06-20 17:05:00,2023-06-20 17:05:00,9.58
STOP-000528,RT-00100,,TECH-0030,,depot_start,2025-04-23 08:45:00,2025-04-23 08:45:00,
STOP-000529,RT-00100,JOB-000330,TECH-0030,STOP-000528,job_stop,2025-04-23 09:37:00,2025-04-23 12:06:00,38.26
STOP-000530,RT-00100,JOB-000331,TECH-0030,STOP-000529,job_stop,2025-04-23 12:48:00,2025-04-23 13:53:00,34.12
STOP-000531,RT-00100,,TECH-0030,STOP-000530,depot_end,2025-04-23 14:19:00,2025-04-23 14:19:00,22.17
STOP-000532,RT-00101,,TECH-0015,,depot_start,2025-05-22 08:45:00,2025-05-22 08:45:00,
STOP-000533,RT-00101,JOB-000332,TECH-0015,STOP-000532,job_stop,2025-05-22 09:16:00,2025-05-22 11:31:00,27.53
STOP-000534,RT-00101,JOB-000333,TECH-0015,STOP-000533,job_stop,2025-05-22 12:26:00,2025-05-22 13:41:00,43.71
STOP-000535,RT-00101,JOB-000334,TECH-0015,STOP-000534,job_stop,2025-05-22 14:23:00,2025-05-22 16:05:00,30.11
STOP-000536,RT-00101,,TECH-0015,STOP-000535,depot_end,2025-05-22 16:36:00,2025-05-22 16:36:00,24.77
STOP-000537,RT-00102,,TECH-0030,,depot_start,2025-02-04 08:00:00,2025-02-04 08:00:00,
STOP-000538,RT-00102,JOB-000335,TECH-0030,STOP-000537,job_stop,2025-02-04 08:43:00,2025-02-04 10:40:00,23.33
STOP-000539,RT-00102,JOB-000336,TECH-0030,STOP-000538,job_stop,2025-02-04 10:59:00,2025-02-04 12:34:00,15.88
STOP-000540,RT-00102,JOB-000337,TECH-0030,STOP-000539,job_stop,2025-02-04 13:25:00,2025-02-04 14:45:00,36.95
STOP-000541,RT-00102,JOB-000338,TECH-0030,STOP-000540,job_stop,2025-02-04 15:21:00,2025-02-04 17:01:00,31.78
STOP-000542,RT-00102,,TECH-0030,STOP-000541,depot_end,2025-02-04 17:37:00,2025-02-04 17:37:00,21.25
STOP-000543,RT-00103,,TECH-0024,,depot_start,2024-06-11 07:30:00,2024-06-11 07:30:00,
STOP-000544,RT-00103,JOB-000339,TECH-0024,STOP-000543,job_stop,2024-06-11 08:08:00,2024-06-11 08:47:00,21.7
STOP-000545,RT-00103,JOB-000340,TECH-0024,STOP-000544,job_stop,2024-06-11 09:32:00,2024-06-11 10:33:00,27.26
STOP-000546,RT-00103,JOB-000341,TECH-0024,STOP-000545,job_stop,2024-06-11 10:52:00,2024-06-11 11:25:00,16.56
STOP-000547,RT-00103,,TECH-0024,STOP-000546,depot_end,2024-06-11 11:37:00,2024-06-11 11:37:00,9.76
STOP-000548,RT-00104,,TECH-0012,,depot_start,2025-01-23 07:00:00,2025-01-23 07:00:00,
STOP-000549,RT-00104,JOB-000342,TECH-0012,STOP-000548,job_stop,2025-01-23 07:42:00,2025-01-23 09:45:00,23.68
STOP-000550,RT-00104,JOB-000343,TECH-0012,STOP-000549,job_stop,2025-01-23 10:30:00,2025-01-23 10:52:00,37.33
STOP-000551,RT-00104,JOB-000344,TECH-0012,STOP-000550,job_stop,2025-01-23 11:45:00,2025-01-23 13:42:00,45.28
STOP-000552,RT-00104,,TECH-0012,STOP-000551,depot_end,2025-01-23 14:08:00,2025-01-23 14:08:00,21.35
STOP-000553,RT-00105,,TECH-0016,,depot_start,2024-11-28 08:15:00,2024-11-28 08:15:00,
STOP-000554,RT-00105,JOB-000345,TECH-0016,STOP-000553,job_stop,2024-11-28 08:45:00,2024-11-28 09:29:00,21.17
STOP-000555,RT-00105,JOB-000346,TECH-0016,STOP-000554,job_stop,2024-11-28 10:22:00,2024-11-28 11:08:00,35.49
STOP-000556,RT-00105,,TECH-0016,STOP-000555,depot_end,2024-11-28 11:41:00,2024-11-28 11:41:00,25.56
STOP-000557,RT-00106,,TECH-0001,,depot_start,2024-10-21 07:00:00,2024-10-21 07:00:00,
STOP-000558,RT-00106,JOB-000347,TECH-0001,STOP-000557,job_stop,2024-10-21 07:14:00,2024-10-21 08:38:00,7.3
STOP-000559,RT-00106,JOB-000348,TECH-0001,STOP-000558,job_stop,2024-10-21 09:15:00,2024-10-21 11:14:00,23.18
STOP-000560,RT-00106,JOB-000349,TECH-0001,STOP-000559,job_stop,2024-10-21 12:08:00,2024-10-21 13:59:00,45.32
STOP-000561,RT-00106,JOB-000350,TECH-0001,STOP-000560,job_stop,2024-10-21 14:33:00,2024-10-21 15:00:00,22.37
STOP-000562,RT-00106,,TECH-0001,STOP-000561,depot_end,2024-10-21 15:40:00,2024-10-21 15:40:00,30.14
STOP-000563,RT-00107,,TECH-0011,,depot_start,2024-06-19 07:00:00,2024-06-19 07:00:00,
STOP-000564,RT-00107,JOB-000351,TECH-0011,STOP-000563,job_stop,2024-06-19 07:12:00,2024-06-19 09:12:00,6.02
STOP-000565,RT-00107,JOB-000352,TECH-0011,STOP-000564,job_stop,2024-06-19 09:48:00,2024-06-19 10:44:00,31.04
STOP-000566,RT-00107,,TECH-0011,STOP-000565,depot_end,2024-06-19 11:21:00,2024-06-19 11:21:00,29.62
STOP-000567,RT-00108,,TECH-0020,,depot_start,2024-10-23 08:00:00,2024-10-23 08:00:00,
STOP-000568,RT-00108,JOB-000353,TECH-0020,STOP-000567,job_stop,2024-10-23 08:26:00,2024-10-23 10:50:00,14.02
STOP-000569,RT-00108,JOB-000354,TECH-0020,STOP-000568,job_stop,2024-10-23 11:12:00,2024-10-23 13:27:00,13.8
STOP-000570,RT-00108,,TECH-0020,STOP-000569,depot_end,2024-10-23 14:02:00,2024-10-23 14:02:00,21.93
STOP-000571,RT-00109,,TECH-0015,,depot_start,2023-08-30 08:15:00,2023-08-30 08:15:00,
STOP-000572,RT-00109,JOB-000355,TECH-0015,STOP-000571,job_stop,2023-08-30 08:39:00,2023-08-30 10:50:00,18.84
STOP-000573,RT-00109,JOB-000356,TECH-0015,STOP-000572,job_stop,2023-08-30 11:19:00,2023-08-30 12:06:00,20.15
STOP-000574,RT-00109,,TECH-0015,STOP-000573,depot_end,2023-08-30 12:24:00,2023-08-30 12:24:00,14.28
STOP-000575,RT-00110,,TECH-0024,,depot_start,2023-04-20 07:00:00,2023-04-20 07:00:00,
STOP-000576,RT-00110,JOB-000357,TECH-0024,STOP-000575,job_stop,2023-04-20 07:47:00,2023-04-20 09:01:00,34.38
STOP-000577,RT-00110,JOB-000358,TECH-0024,STOP-000576,job_stop,2023-04-20 09:34:00,2023-04-20 11:08:00,21.68
STOP-000578,RT-00110,,TECH-0024,STOP-000577,depot_end,2023-04-20 11:45:00,2023-04-20 11:45:00,32.77
STOP-000579,RT-00111,,TECH-0023,,depot_start,2023-08-25 08:15:00,2023-08-25 08:15:00,
STOP-000580,RT-00111,JOB-000359,TECH-0023,STOP-000579,job_stop,2023-08-25 08:36:00,2023-08-25 09:33:00,15.26
STOP-000581,RT-00111,JOB-000360,TECH-0023,STOP-000580,job_stop,2023-08-25 10:06:00,2023-08-25 11:18:00,19.59
STOP-000582,RT-00111,JOB-000361,TECH-0023,STOP-000581,job_stop,2023-08-25 11:34:00,2023-08-25 13:04:00,12.5
STOP-000583,RT-00111,,TECH-0023,STOP-000582,depot_end,2023-08-25 13:30:00,2023-08-25 13:30:00,15.62
STOP-000584,RT-00112,,TECH-0009,,depot_start,2025-01-09 08:30:00,2025-01-09 08:30:00,
STOP-000585,RT-00112,JOB-000362,TECH-0009,STOP-000584,job_stop,2025-01-09 09:11:00,2025-01-09 09:32:00,33.5
STOP-000586,RT-00112,JOB-000363,TECH-0009,STOP-000585,job_stop,2025-01-09 09:53:00,2025-01-09 10:43:00,11.82
STOP-000587,RT-00112,JOB-000364,TECH-0009,STOP-000586,job_stop,2025-01-09 11:30:00,2025-01-09 13:35:00,26.53
STOP-000588,RT-00112,JOB-000365,TECH-0009,STOP-000587,job_stop,2025-01-09 13:48:00,2025-01-09 14:54:00,7.36
STOP-000589,RT-00112,JOB-000366,TECH-0009,STOP-000588,job_stop,2025-01-09 15:09:00,2025-01-09 17:29:00,8.8
STOP-000590,RT-00112,,TECH-0009,STOP-000589,depot_end,2025-01-09 17:58:00,2025-01-09 17:58:00,22.15
STOP-000591,RT-00113,,TECH-0010,,depot_start,2023-08-29 08:00:00,2023-08-29 08:00:00,
STOP-000592,RT-00113,JOB-000367,TECH-0010,STOP-000591,job_stop,2023-08-29 08:24:00,2023-08-29 09:17:00,15.63
STOP-000593,RT-00113,JOB-000368,TECH-0010,STOP-000592,job_stop,2023-08-29 09:38:00,2023-08-29 10:07:00,14.5
STOP-000594,RT-00113,JOB-000369,TECH-0010,STOP-000593,job_stop,2023-08-29 11:00:00,2023-08-29 13:07:00,40.26
STOP-000595,RT-00113,JOB-000370,TECH-0010,STOP-000594,job_stop,2023-08-29 13:39:00,2023-08-29 14:24:00,23.54
STOP-000596,RT-00113,,TECH-0010,STOP-000595,depot_end,2023-08-29 14:42:00,2023-08-29 14:42:00,10.36
STOP-000597,RT-00114,,TECH-0026,,depot_start,2023-01-11 07:45:00,2023-01-11 07:45:00,
STOP-000598,RT-00114,JOB-000371,TECH-0026,STOP-000597,job_stop,2023-01-11 08:36:00,2023-01-11 10:16:00,29.69
STOP-000599,RT-00114,JOB-000372,TECH-0026,STOP-000598,job_stop,2023-01-11 11:02:00,2023-01-11 12:32:00,29.73
STOP-000600,RT-00114,,TECH-0026,STOP-000599,depot_end,2023-01-11 12:59:00,2023-01-11 12:59:00,19.49
STOP-000601,RT-00115,,TECH-0010,,depot_start,2024-03-15 08:15:00,2024-03-15 08:15:00,
STOP-000602,RT-00115,JOB-000373,TECH-0010,STOP-000601,job_stop,2024-03-15 09:07:00,2024-03-15 10:25:00,28.48
STOP-000603,RT-00115,JOB-000374,TECH-0010,STOP-000602,job_stop,2024-03-15 10:45:00,2024-03-15 11:06:00,13.11
STOP-000604,RT-00115,JOB-000375,TECH-0010,STOP-000603,job_stop,2024-03-15 11:39:00,2024-03-15 12:08:00,17.56
STOP-000605,RT-00115,JOB-000376,TECH-0010,STOP-000604,job_stop,2024-03-15 12:29:00,2024-03-15 14:41:00,15.88
STOP-000606,RT-00115,,TECH-0010,STOP-000605,depot_end,2024-03-15 15:10:00,2024-03-15 15:10:00,16.47
STOP-000607,RT-00116,,TECH-0002,,depot_start,2024-05-30 07:15:00,2024-05-30 07:15:00,
STOP-000608,RT-00116,JOB-000377,TECH-0002,STOP-000607,job_stop,2024-05-30 07:30:00,2024-05-30 09:32:00,13.48
STOP-000609,RT-00116,JOB-000378,TECH-0002,STOP-000608,job_stop,2024-05-30 09:47:00,2024-05-30 11:36:00,10.8
STOP-000610,RT-00116,JOB-000379,TECH-0002,STOP-000609,job_stop,2024-05-30 12:22:00,2024-05-30 13:26:00,23.09
STOP-000611,RT-00116,,TECH-0002,STOP-000610,depot_end,2024-05-30 14:01:00,2024-05-30 14:01:00,24.69
STOP-000612,RT-00117,,TECH-0010,,depot_start,2025-02-10 08:45:00,2025-02-10 08:45:00,
STOP-000613,RT-00117,JOB-000380,TECH-0010,STOP-000612,job_stop,2025-02-10 09:31:00,2025-02-10 10:53:00,31.9
STOP-000614,RT-00117,JOB-000381,TECH-0010,STOP-000613,job_stop,2025-02-10 11:10:00,2025-02-10 13:07:00,10.25
STOP-000615,RT-00117,JOB-000382,TECH-0010,STOP-000614,job_stop,2025-02-10 13:50:00,2025-02-10 15:17:00,30.71
STOP-000616,RT-00117,JOB-000383,TECH-0010,STOP-000615,job_stop,2025-02-10 15:57:00,2025-02-10 17:12:00,25.02
STOP-000617,RT-00117,,TECH-0010,STOP-000616,depot_end,2025-02-10 17:29:00,2025-02-10 17:29:00,13.5
STOP-000618,RT-00118,,TECH-0010,,depot_start,2023-10-24 07:15:00,2023-10-24 07:15:00,
STOP-000619,RT-00118,JOB-000384,TECH-0010,STOP-000618,job_stop,2023-10-24 08:04:00,2023-10-24 08:51:00,31.48
STOP-000620,RT-00118,JOB-000385,TECH-0010,STOP-000619,job_stop,2023-10-24 09:31:00,2023-10-24 11:11:00,25.94
STOP-000621,RT-00118,JOB-000386,TECH-0010,STOP-000620,job_stop,2023-10-24 11:46:00,2023-10-24 12:38:00,20.61
STOP-000622,RT-00118,,TECH-0010,STOP-000621,depot_end,2023-10-24 13:02:00,2023-10-24 13:02:00,21.37
STOP-000623,RT-00119,,TECH-0026,,depot_start,2025-01-13 08:00:00,2025-01-13 08:00:00,
STOP-000624,RT-00119,JOB-000387,TECH-0026,STOP-000623,job_stop,2025-01-13 08:10:00,2025-01-13 10:07:00,7.7
STOP-000625,RT-00119,JOB-000388,TECH-0026,STOP-000624,job_stop,2025-01-13 10:47:00,2025-01-13 12:34:00,35.34
STOP-000626,RT-00119,JOB-000389,TECH-0026,STOP-000625,job_stop,2025-01-13 13:01:00,2025-01-13 13:54:00,18.37
STOP-000627,RT-00119,JOB-000390,TECH-0026,STOP-000626,job_stop,2025-01-13 14:28:00,2025-01-13 15:26:00,19.67
STOP-000628,RT-00119,JOB-000391,TECH-0026,STOP-000627,job_stop,2025-01-13 16:07:00,2025-01-13 16:39:00,25.42
STOP-000629,RT-00119,,TECH-0026,STOP-000628,depot_end,2025-01-13 17:03:00,2025-01-13 17:03:00,19.15
STOP-000630,RT-00120,,TECH-0010,,depot_start,2024-05-31 08:30:00,2024-05-31 08:30:00,
STOP-000631,RT-00120,JOB-000392,TECH-0010,STOP-000630,job_stop,2024-05-31 08:41:00,2024-05-31 10:30:00,7.31
STOP-000632,RT-00120,JOB-000393,TECH-0010,STOP-000631,job_stop,2024-05-31 11:02:00,2024-05-31 13:32:00,20.16
STOP-000633,RT-00120,JOB-000394,TECH-0010,STOP-000632,job_stop,2024-05-31 13:52:00,2024-05-31 15:38:00,15.12
STOP-000634,RT-00120,JOB-000395,TECH-0010,STOP-000633,job_stop,2024-05-31 16:08:00,2024-05-31 17:42:00,18.8
STOP-000635,RT-00120,,TECH-0010,STOP-000634,depot_end,2024-05-31 18:15:00,2024-05-31 18:15:00,24.25
STOP-000636,RT-00121,,TECH-0016,,depot_start,2024-08-15 07:00:00,2024-08-15 07:00:00,
STOP-000637,RT-00121,JOB-000396,TECH-0016,STOP-000636,job_stop,2024-08-15 07:18:00,2024-08-15 08:42:00,14.24
STOP-000638,RT-00121,JOB-000397,TECH-0016,STOP-000637,job_stop,2024-08-15 09:27:00,2024-08-15 11:28:00,23.47
STOP-000639,RT-00121,JOB-000398,TECH-0016,STOP-000638,job_stop,2024-08-15 11:57:00,2024-08-15 13:29:00,17.16
STOP-000640,RT-00121,,TECH-0016,STOP-000639,depot_end,2024-08-15 14:06:00,2024-08-15 14:06:00,25.55
STOP-000641,RT-00122,,TECH-0020,,depot_start,2024-01-25 07:15:00,2024-01-25 07:15:00,
STOP-000642,RT-00122,JOB-000399,TECH-0020,STOP-000641,job_stop,2024-01-25 08:02:00,2024-01-25 10:13:00,34.73
STOP-000643,RT-00122,JOB-000400,TECH-0020,STOP-000642,job_stop,2024-01-25 10:28:00,2024-01-25 12:21:00,10.15
STOP-000644,RT-00122,JOB-000401,TECH-0020,STOP-000643,job_stop,2024-01-25 12:53:00,2024-01-25 13:15:00,19.67
STOP-000645,RT-00122,JOB-000402,TECH-0020,STOP-000644,job_stop,2024-01-25 13:43:00,2024-01-25 14:04:00,20.69
STOP-000646,RT-00122,JOB-000403,TECH-0020,STOP-000645,job_stop,2024-01-25 14:59:00,2024-01-25 16:58:00,43.72
STOP-000647,RT-00122,,TECH-0020,STOP-000646,depot_end,2024-01-25 17:17:00,2024-01-25 17:17:00,14.43
STOP-000648,RT-00123,,TECH-0020,,depot_start,2024-01-22 07:00:00,2024-01-22 07:00:00,
STOP-000649,RT-00123,JOB-000404,TECH-0020,STOP-000648,job_stop,2024-01-22 07:21:00,2024-01-22 08:09:00,11.65
STOP-000650,RT-00123,JOB-000405,TECH-0020,STOP-000649,job_stop,2024-01-22 08:20:00,2024-01-22 08:45:00,6.17
STOP-000651,RT-00123,JOB-000406,TECH-0020,STOP-000650,job_stop,2024-01-22 09:09:00,2024-01-22 09:32:00,12.87
STOP-000652,RT-00123,JOB-000407,TECH-0020,STOP-000651,job_stop,2024-01-22 10:26:00,2024-01-22 12:10:00,44.09
STOP-000653,RT-00123,JOB-000408,TECH-0020,STOP-000652,job_stop,2024-01-22 12:54:00,2024-01-22 14:03:00,30.27
STOP-000654,RT-00123,,TECH-0020,STOP-000653,depot_end,2024-01-22 14:25:00,2024-01-22 14:25:00,17.79
STOP-000655,RT-00124,,TECH-0016,,depot_start,2023-12-21 07:45:00,2023-12-21 07:45:00,
STOP-000656,RT-00124,JOB-000409,TECH-0016,STOP-000655,job_stop,2023-12-21 08:01:00,2023-12-21 09:14:00,11.34
STOP-000657,RT-00124,JOB-000410,TECH-0016,STOP-000656,job_stop,2023-12-21 09:40:00,2023-12-21 11:16:00,18.0
STOP-000658,RT-00124,,TECH-0016,STOP-000657,depot_end,2023-12-21 11:36:00,2023-12-21 11:36:00,10.12
STOP-000659,RT-00125,,TECH-0029,,depot_start,2024-01-31 08:15:00,2024-01-31 08:15:00,
STOP-000660,RT-00125,JOB-000411,TECH-0029,STOP-000659,job_stop,2024-01-31 08:25:00,2024-01-31 10:46:00,8.88
STOP-000661,RT-00125,JOB-000412,TECH-0029,STOP-000660,job_stop,2024-01-31 11:39:00,2024-01-31 12:14:00,39.62
STOP-000662,RT-00125,,TECH-0029,STOP-000661,depot_end,2024-01-31 12:31:00,2024-01-31 12:31:00,10.65
STOP-000663,RT-00126,,TECH-0020,,depot_start,2024-05-13 07:00:00,2024-05-13 07:00:00,
STOP-000664,RT-00126,JOB-000413,TECH-0020,STOP-000663,job_stop,2024-05-13 07:54:00,2024-05-13 08:48:00,35.16
STOP-000665,RT-00126,JOB-000414,TECH-0020,STOP-000664,job_stop,2024-05-13 09:10:00,2024-05-13 10:59:00,15.99
STOP-000666,RT-00126,JOB-000415,TECH-0020,STOP-000665,job_stop,2024-05-13 11:13:00,2024-05-13 13:28:00,9.97
STOP-000667,RT-00126,JOB-000416,TECH-0020,STOP-000666,job_stop,2024-05-13 13:49:00,2024-05-13 15:42:00,17.92
STOP-000668,RT-00126,JOB-000417,TECH-0020,STOP-000667,job_stop,2024-05-13 16:04:00,2024-05-13 18:31:00,15.61
STOP-000669,RT-00126,,TECH-0020,STOP-000668,depot_end,2024-05-13 18:44:00,2024-05-13 18:44:00,9.22
STOP-000670,RT-00127,,TECH-0003,,depot_start,2023-03-03 07:00:00,2023-03-03 07:00:00,
STOP-000671,RT-00127,JOB-000418,TECH-0003,STOP-000670,job_stop,2023-03-03 07:22:00,2023-03-03 08:31:00,11.94
STOP-000672,RT-00127,JOB-000419,TECH-0003,STOP-000671,job_stop,2023-03-03 08:44:00,2023-03-03 09:22:00,8.41
STOP-000673,RT-00127,JOB-000420,TECH-0003,STOP-000672,job_stop,2023-03-03 09:55:00,2023-03-03 12:01:00,23.87
STOP-000674,RT-00127,,TECH-0003,STOP-000673,depot_end,2023-03-03 12:37:00,2023-03-03 12:37:00,22.38
STOP-000675,RT-00128,,TECH-0008,,depot_start,2025-01-14 07:15:00,2025-01-14 07:15:00,
STOP-000676,RT-00128,JOB-000421,TECH-0008,STOP-000675,job_stop,2025-01-14 07:59:00,2025-01-14 09:08:00,28.78
STOP-000677,RT-00128,JOB-000422,TECH-0008,STOP-000676,job_stop,2025-01-14 09:24:00,2025-01-14 11:15:00,12.9
STOP-000678,RT-00128,,TECH-0008,STOP-000677,depot_end,2025-01-14 11:42:00,2025-01-14 11:42:00,17.84
STOP-000679,RT-00129,,TECH-0012,,depot_start,2023-08-15 08:30:00,2023-08-15 08:30:00,
STOP-000680,RT-00129,JOB-000423,TECH-0012,STOP-000679,job_stop,2023-08-15 09:15:00,2023-08-15 10:58:00,40.35
STOP-000681,RT-00129,JOB-000424,TECH-0012,STOP-000680,job_stop,2023-08-15 11:32:00,2023-08-15 12:57:00,27.41
STOP-000682,RT-00129,JOB-000425,TECH-0012,STOP-000681,job_stop,2023-08-15 13:40:00,2023-08-15 15:17:00,23.82
STOP-000683,RT-00129,JOB-000426,TECH-0012,STOP-000682,job_stop,2023-08-15 16:02:00,2023-08-15 17:01:00,31.7
STOP-000684,RT-00129,JOB-000427,TECH-0012,STOP-000683,job_stop,2023-08-15 17:27:00,2023-08-15 18:10:00,21.44
STOP-000685,RT-00129,,TECH-0012,STOP-000684,depot_end,2023-08-15 18:35:00,2023-08-15 18:35:00,20.76
STOP-000686,RT-00130,,TECH-0026,,depot_start,2025-04-07 08:00:00,2025-04-07 08:00:00,
STOP-000687,RT-00130,JOB-000428,TECH-0026,STOP-000686,job_stop,2025-04-07 08:46:00,2025-04-07 09:20:00,30.02
STOP-000688,RT-00130,JOB-000429,TECH-0026,STOP-000687,job_stop,2025-04-07 10:11:00,2025-04-07 10:33:00,42.83
STOP-000689,RT-00130,,TECH-0026,STOP-000688,depot_end,2025-04-07 10:53:00,2025-04-07 10:53:00,14.02
STOP-000690,RT-00131,,TECH-0009,,depot_start,2023-08-08 08:45:00,2023-08-08 08:45:00,
STOP-000691,RT-00131,JOB-000430,TECH-0009,STOP-000690,job_stop,2023-08-08 09:33:00,2023-08-08 10:16:00,35.04
STOP-000692,RT-00131,JOB-000431,TECH-0009,STOP-000691,job_stop,2023-08-08 11:01:00,2023-08-08 11:42:00,29.69
STOP-000693,RT-00131,,TECH-0009,STOP-000692,depot_end,2023-08-08 12:04:00,2023-08-08 12:04:00,16.74
STOP-000694,RT-00132,,TECH-0008,,depot_start,2025-03-14 07:00:00,2025-03-14 07:00:00,
STOP-000695,RT-00132,JOB-000432,TECH-0008,STOP-000694,job_stop,2025-03-14 07:27:00,2025-03-14 09:09:00,21.89
STOP-000696,RT-00132,JOB-000433,TECH-0008,STOP-000695,job_stop,2025-03-14 09:31:00,2025-03-14 09:57:00,13.82
STOP-000697,RT-00132,JOB-000434,TECH-0008,STOP-000696,job_stop,2025-03-14 10:46:00,2025-03-14 11:17:00,27.36
STOP-000698,RT-00132,,TECH-0008,STOP-000697,depot_end,2025-03-14 11:30:00,2025-03-14 11:30:00,10.35
STOP-000699,RT-00133,,TECH-0009,,depot_start,2025-06-09 08:00:00,2025-06-09 08:00:00,
STOP-000700,RT-00133,JOB-000435,TECH-0009,STOP-000699,job_stop,2025-06-09 08:31:00,2025-06-09 09:19:00,24.1
STOP-000701,RT-00133,JOB-000436,TECH-0009,STOP-000700,job_stop,2025-06-09 10:04:00,2025-06-09 11:00:00,31.19
STOP-000702,RT-00133,JOB-000437,TECH-0009,STOP-000701,job_stop,2025-06-09 11:13:00,2025-06-09 12:42:00,7.98
STOP-000703,RT-00133,,TECH-0009,STOP-000702,depot_end,2025-06-09 13:19:00,2025-06-09 13:19:00,20.1
STOP-000704,RT-00134,,TECH-0011,,depot_start,2024-07-08 08:00:00,2024-07-08 08:00:00,
STOP-000705,RT-00134,JOB-000438,TECH-0011,STOP-000704,job_stop,2024-07-08 08:30:00,2024-07-08 09:12:00,20.82
STOP-000706,RT-00134,JOB-000439,TECH-0011,STOP-000705,job_stop,2024-07-08 09:43:00,2024-07-08 10:43:00,21.58
STOP-000707,RT-00134,JOB-000440,TECH-0011,STOP-000706,job_stop,2024-07-08 10:56:00,2024-07-08 12:55:00,9.75
STOP-000708,RT-00134,,TECH-0011,STOP-000707,depot_end,2024-07-08 13:33:00,2024-07-08 13:33:00,24.97
STOP-000709,RT-00135,,TECH-0005,,depot_start,2023-05-05 07:45:00,2023-05-05 07:45:00,
STOP-000710,RT-00135,JOB-000441,TECH-0005,STOP-000709,job_stop,2023-05-05 08:10:00,2023-05-05 10:19:00,18.23
STOP-000711,RT-00135,JOB-000442,TECH-0005,STOP-000710,job_stop,2023-05-05 11:06:00,2023-05-05 12:17:00,33.68
STOP-000712,RT-00135,JOB-000443,TECH-0005,STOP-000711,job_stop,2023-05-05 12:36:00,2023-05-05 13:36:00,14.49
STOP-000713,RT-00135,JOB-000444,TECH-0005,STOP-000712,job_stop,2023-05-05 13:47:00,2023-05-05 15:52:00,8.87
STOP-000714,RT-00135,JOB-000445,TECH-0005,STOP-000713,job_stop,2023-05-05 16:11:00,2023-05-05 16:58:00,15.42
STOP-000715,RT-00135,,TECH-0005,STOP-000714,depot_end,2023-05-05 17:27:00,2023-05-05 17:27:00,17.19
STOP-000716,RT-00136,,TECH-0025,,depot_start,2023-02-07 07:45:00,2023-02-07 07:45:00,
STOP-000717,RT-00136,JOB-000446,TECH-0025,STOP-000716,job_stop,2023-02-07 08:03:00,2023-02-07 10:23:00,12.62
STOP-000718,RT-00136,JOB-000447,TECH-0025,STOP-000717,job_stop,2023-02-07 10:45:00,2023-02-07 12:49:00,12.99
STOP-000719,RT-00136,JOB-000448,TECH-0025,STOP-000718,job_stop,2023-02-07 13:12:00,2023-02-07 15:24:00,12.11
STOP-000720,RT-00136,JOB-000449,TECH-0025,STOP-000719,job_stop,2023-02-07 15:59:00,2023-02-07 17:56:00,28.37
STOP-000721,RT-00136,,TECH-0025,STOP-000720,depot_end,2023-02-07 18:22:00,2023-02-07 18:22:00,14.14
STOP-000722,RT-00137,,TECH-0016,,depot_start,2023-03-02 08:00:00,2023-03-02 08:00:00,
STOP-000723,RT-00137,JOB-000450,TECH-0016,STOP-000722,job_stop,2023-03-02 08:45:00,2023-03-02 09:17:00,29.47
STOP-000724,RT-00137,JOB-000451,TECH-0016,STOP-000723,job_stop,2023-03-02 09:45:00,2023-03-02 10:18:00,20.87
STOP-000725,RT-00137,JOB-000452,TECH-0016,STOP-000724,job_stop,2023-03-02 10:39:00,2023-03-02 11:33:00,17.04
STOP-000726,RT-00137,,TECH-0016,STOP-000725,depot_end,2023-03-02 12:11:00,2023-03-02 12:11:00,25.91
STOP-000727,RT-00138,,TECH-0010,,depot_start,2024-04-09 07:00:00,2024-04-09 07:00:00,
STOP-000728,RT-00138,JOB-000453,TECH-0010,STOP-000727,job_stop,2024-04-09 07:17:00,2024-04-09 09:09:00,13.3
STOP-000729,RT-00138,JOB-000454,TECH-0010,STOP-000728,job_stop,2024-04-09 09:54:00,2024-04-09 10:57:00,29.35
STOP-000730,RT-00138,JOB-000455,TECH-0010,STOP-000729,job_stop,2024-04-09 11:33:00,2024-04-09 13:47:00,22.44
STOP-000731,RT-00138,,TECH-0010,STOP-000730,depot_end,2024-04-09 13:57:00,2024-04-09 13:57:00,6.83
STOP-000732,RT-00139,,TECH-0017,,depot_start,2025-02-18 08:15:00,2025-02-18 08:15:00,
STOP-000733,RT-00139,JOB-000456,TECH-0017,STOP-000732,job_stop,2025-02-18 08:38:00,2025-02-18 10:59:00,16.92
STOP-000734,RT-00139,JOB-000457,TECH-0017,STOP-000733,job_stop,2025-02-18 11:48:00,2025-02-18 13:01:00,36.82
STOP-000735,RT-00139,,TECH-0017,STOP-000734,depot_end,2025-02-18 13:32:00,2025-02-18 13:32:00,22.67
STOP-000736,RT-00140,,TECH-0023,,depot_start,2024-03-04 07:00:00,2024-03-04 07:00:00,
STOP-000737,RT-00140,JOB-000458,TECH-0023,STOP-000736,job_stop,2024-03-04 07:16:00,2024-03-04 08:21:00,10.67
STOP-000738,RT-00140,JOB-000459,TECH-0023,STOP-000737,job_stop,2024-03-04 09:00:00,2024-03-04 10:52:00,31.19
STOP-000739,RT-00140,JOB-000460,TECH-0023,STOP-000738,job_stop,2024-03-04 11:37:00,2024-03-04 13:57:00,23.67
STOP-000740,RT-00140,JOB-000461,TECH-0023,STOP-000739,job_stop,2024-03-04 14:46:00,2024-03-04 15:28:00,25.64
STOP-000741,RT-00140,,TECH-0023,STOP-000740,depot_end,2024-03-04 15:46:00,2024-03-04 15:46:00,12.78
STOP-000742,RT-00141,,TECH-0023,,depot_start,2024-05-22 08:45:00,2024-05-22 08:45:00,
STOP-000743,RT-00141,JOB-000462,TECH-0023,STOP-000742,job_stop,2024-05-22 09:26:00,2024-05-22 10:45:00,33.75
STOP-000744,RT-00141,JOB-000463,TECH-0023,STOP-000743,job_stop,2024-05-22 11:34:00,2024-05-22 13:39:00,44.08
STOP-000745,RT-00141,JOB-000464,TECH-0023,STOP-000744,job_stop,2024-05-22 14:05:00,2024-05-22 15:43:00,21.22
STOP-000746,RT-00141,,TECH-0023,STOP-000745,depot_end,2024-05-22 16:19:00,2024-05-22 16:19:00,20.53
STOP-000747,RT-00142,,TECH-0012,,depot_start,2024-04-30 08:00:00,2024-04-30 08:00:00,
STOP-000748,RT-00142,JOB-000465,TECH-0012,STOP-000747,job_stop,2024-04-30 08:51:00,2024-04-30 09:50:00,28.27
STOP-000749,RT-00142,JOB-000466,TECH-0012,STOP-000748,job_stop,2024-04-30 10:33:00,2024-04-30 12:13:00,26.65
STOP-000750,RT-00142,JOB-000467,TECH-0012,STOP-000749,job_stop,2024-04-30 12:27:00,2024-04-30 13:58:00,12.43
STOP-000751,RT-00142,JOB-000468,TECH-0012,STOP-000750,job_stop,2024-04-30 14:19:00,2024-04-30 15:57:00,15.5
STOP-000752,RT-00142,JOB-000469,TECH-0012,STOP-000751,job_stop,2024-04-30 16:35:00,2024-04-30 18:12:00,31.61
STOP-000753,RT-00142,,TECH-0012,STOP-000752,depot_end,2024-04-30 18:36:00,2024-04-30 18:36:00,16.86
STOP-000754,RT-00143,,TECH-0029,,depot_start,2024-11-22 07:30:00,2024-11-22 07:30:00,
STOP-000755,RT-00143,JOB-000470,TECH-0029,STOP-000754,job_stop,2024-11-22 08:10:00,2024-11-22 09:49:00,31.72
STOP-000756,RT-00143,JOB-000471,TECH-0029,STOP-000755,job_stop,2024-11-22 10:12:00,2024-11-22 12:29:00,18.17
STOP-000757,RT-00143,JOB-000472,TECH-0029,STOP-000756,job_stop,2024-11-22 13:00:00,2024-11-22 13:31:00,21.29
STOP-000758,RT-00143,,TECH-0029,STOP-000757,depot_end,2024-11-22 14:01:00,2024-11-22 14:01:00,25.71
STOP-000759,RT-00144,,TECH-0012,,depot_start,2023-10-16 08:30:00,2023-10-16 08:30:00,
STOP-000760,RT-00144,JOB-000473,TECH-0012,STOP-000759,job_stop,2023-10-16 09:14:00,2023-10-16 11:26:00,27.62
STOP-000761,RT-00144,JOB-000474,TECH-0012,STOP-000760,job_stop,2023-10-16 11:49:00,2023-10-16 13:30:00,16.49
STOP-000762,RT-00144,JOB-000475,TECH-0012,STOP-000761,job_stop,2023-10-16 14:14:00,2023-10-16 15:07:00,29.81
STOP-000763,RT-00144,,TECH-0012,STOP-000762,depot_end,2023-10-16 15:39:00,2023-10-16 15:39:00,23.63
STOP-000764,RT-00145,,TECH-0021,,depot_start,2025-06-20 08:30:00,2025-06-20 08:30:00,
STOP-000765,RT-00145,JOB-000476,TECH-0021,STOP-000764,job_stop,2025-06-20 09:01:00,2025-06-20 09:41:00,25.64
STOP-000766,RT-00145,JOB-000477,TECH-0021,STOP-000765,job_stop,2025-06-20 09:57:00,2025-06-20 12:16:00,10.92
STOP-000767,RT-00145,JOB-000478,TECH-0021,STOP-000766,job_stop,2025-06-20 12:51:00,2025-06-20 14:35:00,20.07
STOP-000768,RT-00145,JOB-000479,TECH-0021,STOP-000767,job_stop,2025-06-20 15:07:00,2025-06-20 16:10:00,22.13
STOP-000769,RT-00145,JOB-000480,TECH-0021,STOP-000768,job_stop,2025-06-20 16:40:00,2025-06-20 17:18:00,21.67
STOP-000770,RT-00145,,TECH-0021,STOP-000769,depot_end,2025-06-20 17:45:00,2025-06-20 17:45:00,15.22
STOP-000771,RT-00146,,TECH-0017,,depot_start,2024-07-04 08:15:00,2024-07-04 08:15:00,
STOP-000772,RT-00146,JOB-000481,TECH-0017,STOP-000771,job_stop,2024-07-04 09:09:00,2024-07-04 11:20:00,39.76
STOP-000773,RT-00146,JOB-000482,TECH-0017,STOP-000772,job_stop,2024-07-04 12:15:00,2024-07-04 14:39:00,40.13
STOP-000774,RT-00146,,TECH-0017,STOP-000773,depot_end,2024-07-04 14:58:00,2024-07-04 14:58:00,16.76
STOP-000775,RT-00147,,TECH-0003,,depot_start,2025-05-07 08:30:00,2025-05-07 08:30:00,
STOP-000776,RT-00147,JOB-000483,TECH-0003,STOP-000775,job_stop,2025-05-07 09:11:00,2025-05-07 09:46:00,31.08
STOP-000777,RT-00147,JOB-000484,TECH-0003,STOP-000776,job_stop,2025-05-07 10:38:00,2025-05-07 12:12:00,29.1
STOP-000778,RT-00147,,TECH-0003,STOP-000777,depot_end,2025-05-07 12:51:00,2025-05-07 12:51:00,34.22
STOP-000779,RT-00148,,TECH-0015,,depot_start,2024-05-08 07:45:00,2024-05-08 07:45:00,
STOP-000780,RT-00148,JOB-000485,TECH-0015,STOP-000779,job_stop,2024-05-08 08:03:00,2024-05-08 08:38:00,15.14
STOP-000781,RT-00148,JOB-000486,TECH-0015,STOP-000780,job_stop,2024-05-08 09:06:00,2024-05-08 10:26:00,23.7
STOP-000782,RT-00148,,TECH-0015,STOP-000781,depot_end,2024-05-08 10:57:00,2024-05-08 10:57:00,17.65
STOP-000783,RT-00149,,TECH-0005,,depot_start,2023-09-27 08:45:00,2023-09-27 08:45:00,
STOP-000784,RT-00149,JOB-000487,TECH-0005,STOP-000783,job_stop,2023-09-27 09:04:00,2023-09-27 09:56:00,11.69
STOP-000785,RT-00149,JOB-000488,TECH-0005,STOP-000784,job_stop,2023-09-27 10:14:00,2023-09-27 12:20:00,9.61
STOP-000786,RT-00149,JOB-000489,TECH-0005,STOP-000785,job_stop,2023-09-27 12:59:00,2023-09-27 15:14:00,27.45
STOP-000787,RT-00149,JOB-000490,TECH-0005,STOP-000786,job_stop,2023-09-27 16:09:00,2023-09-27 18:14:00,38.54
STOP-000788,RT-00149,JOB-000491,TECH-0005,STOP-000787,job_stop,2023-09-27 18:31:00,2023-09-27 19:11:00,12.45
STOP-000789,RT-00149,,TECH-0005,STOP-000788,depot_end,2023-09-27 19:35:00,2023-09-27 19:35:00,16.96
STOP-000790,RT-00150,,TECH-0019,,depot_start,2025-05-23 07:45:00,2025-05-23 07:45:00,
STOP-000791,RT-00150,JOB-000492,TECH-0019,STOP-000790,job_stop,2025-05-23 08:35:00,2025-05-23 09:14:00,39.83
STOP-000792,RT-00150,JOB-000493,TECH-0019,STOP-000791,job_stop,2025-05-23 09:54:00,2025-05-23 12:14:00,27.26
STOP-000793,RT-00150,,TECH-0019,STOP-000792,depot_end,2025-05-23 12:46:00,2025-05-23 12:46:00,27.81
