timesheet_id,technician_id,job_id,work_date,hours_worked,entry_type,logged_at
TS-000001,TECH-0016,JOB-000001,2023-06-22,1.3,job,2023-06-22 18:00:00
TS-000002,TECH-0016,JOB-000001,2023-06-22,1.3,job,2023-06-22 18:45:00
TS-000003,TECH-0016,JOB-000002,2023-06-22,1.52,job,2023-06-22 18:00:00
TS-000004,TECH-0016,JOB-000003,2023-06-22,1.13,job,2023-06-22 18:00:00
TS-000005,TECH-0012,JOB-000004,2023-06-06,2.13,job,2023-06-06 18:00:00
TS-000006,TECH-0012,JOB-000005,2023-06-06,0.38,job,2023-06-06 18:00:00
TS-000007,TECH-0012,JOB-000006,2023-06-06,0.33,job,2023-06-06 18:00:00
TS-000008,TECH-0008,JOB-000007,2023-03-24,2.47,job,2023-03-24 18:00:00
TS-000009,TECH-0008,JOB-000008,2023-03-24,1.33,job,2023-03-24 18:00:00
TS-000010,TECH-0021,JOB-000009,2025-01-20,1.35,job,2025-01-20 18:00:00
TS-000011,TECH-0021,JOB-000010,2025-01-20,0.75,job,2025-01-20 18:00:00
TS-000012,TECH-0021,JOB-000011,2025-01-20,1.0,job,2025-01-20 18:00:00
TS-000013,TECH-0021,JOB-000012,2025-01-20,1.6,job,2025-01-20 18:00:00
TS-000014,TECH-0010,JOB-000013,2024-02-08,1.45,job,2024-02-08 18:00:00
TS-000015,TECH-0010,JOB-000014,2024-02-08,0.88,job,2024-02-08 18:00:00
TS-000016,TECH-0010,JOB-000015,2024-02-08,0.97,job,2024-02-08 18:00:00
TS-000017,TECH-0002,JOB-000016,2024-05-28,2.07,job,2024-05-28 18:00:00
TS-000018,TECH-0002,JOB-000017,2024-05-28,1.75,job,2024-05-28 18:00:00
TS-000019,TECH-0002,JOB-000018,2024-05-28,0.78,job,2024-05-28 18:00:00
TS-000020,TECH-0029,JOB-000019,2023-11-23,0.62,job,2023-11-23 18:00:00
TS-000021,TECH-0029,JOB-000021,2023-11-23,2.5,job,2023-11-23 18:00:00
TS-000022,TECH-0020,JOB-000022,2023-10-10,0.78,job,2023-10-10 18:00:00
TS-000023,TECH-0020,JOB-000022,2023-10-10,0.89,job,2023-10-10 18:01:00
TS-000024,TECH-0020,JOB-000023,2023-10-10,0.63,job,2023-10-10 18:00:00
TS-000025,TECH-0020,JOB-000023,2023-10-10,0.95,job,2023-10-10 18:01:00
TS-000026,TECH-0020,JOB-000024,2023-10-10,2.05,job,2023-10-10 18:00:00
TS-000027,TECH-0020,JOB-000025,2023-10-10,0.59,job,2023-10-10 18:00:00
TS-000028,TECH-0020,JOB-000025,2023-10-10,0.65,job,2023-10-10 18:01:00
TS-000029,TECH-0024,JOB-000026,2025-06-06,1.17,job,2025-06-06 18:00:00
TS-000030,TECH-0024,JOB-000027,2025-06-06,0.47,job,2025-06-06 18:00:00
TS-000031,TECH-0024,JOB-000027,2025-06-06,0.47,job,2025-06-06 18:45:00
TS-000032,TECH-0024,JOB-000027,2025-06-06,0.68,job,2025-06-06 18:01:00
TS-000033,TECH-0019,JOB-000030,2024-09-03,1.38,job,2024-09-03 18:00:00
TS-000034,TECH-0019,JOB-000031,2024-09-03,1.48,job,2024-09-03 18:00:00
TS-000035,TECH-0019,JOB-000032,2024-09-03,1.73,job,2024-09-03 18:00:00
TS-000036,TECH-0019,JOB-000033,2024-09-03,0.35,job,2024-09-03 18:00:00
TS-000037,TECH-0019,JOB-000034,2024-09-03,2.18,job,2024-09-03 18:00:00
TS-000038,TECH-0023,JOB-000035,2025-02-04,0.9,job,2025-02-04 18:00:00
TS-000039,TECH-9999,JOB-000036,2025-02-04,2.12,job,2025-02-04 18:00:00
TS-000040,TECH-0024,JOB-000037,2023-02-28,1.35,job,2023-02-28 18:00:00
TS-000041,TECH-0024,JOB-000038,2023-02-28,0.82,job,2023-02-28 18:00:00
TS-000042,TECH-0014,JOB-000039,2024-07-23,1.62,job,2024-07-23 18:00:00
TS-000043,TECH-9999,JOB-000040,2024-07-23,1.9,job,2024-07-23 18:00:00
TS-000044,TECH-0014,JOB-000041,2024-07-23,2.28,job,2024-07-23 18:00:00
TS-000045,TECH-0027,JOB-000042,2025-04-29,2.25,job,2025-04-29 18:00:00
TS-000046,TECH-0027,JOB-000043,2025-04-29,1.83,job,2025-04-29 18:00:00
TS-000047,TECH-0027,JOB-000044,2025-04-29,2.07,job,2025-04-29 18:00:00
TS-000048,TECH-0027,JOB-000045,2025-04-29,1.29,job,2025-04-29 18:00:00
TS-000049,TECH-0027,JOB-000045,2025-04-29,0.76,job,2025-04-29 18:01:00
TS-000050,TECH-0010,JOB-000046,2024-03-14,1.12,job,2024-03-14 18:00:00
TS-000051,TECH-9999,JOB-000047,2024-03-14,1.58,job,2024-03-14 18:00:00
TS-000052,TECH-0010,JOB-000048,2024-03-14,0.87,job,2024-03-14 18:00:00
TS-000053,TECH-0010,JOB-000049,2024-03-14,0.55,job,2024-03-14 18:00:00
TS-000054,TECH-0021,JOB-000050,2024-03-12,1.28,job,2024-03-12 18:00:00
TS-000055,TECH-0021,JOB-000051,2024-03-12,0.58,job,2024-03-12 18:00:00
TS-000056,TECH-0009,JOB-000052,2023-09-06,1.29,job,2023-09-06 18:00:00
TS-000057,TECH-0009,JOB-000052,2023-09-06,1.04,job,2023-09-06 18:01:00
TS-000058,TECH-0009,JOB-000052,2023-09-06,1.04,job,2023-09-06 18:46:00
TS-000059,TECH-0009,JOB-000053,2023-09-06,1.17,job,2023-09-06 18:00:00
TS-000060,TECH-0023,JOB-000054,2025-03-26,2.05,job,2025-03-26 18:00:00
TS-000061,TECH-0023,JOB-000055,2025-03-26,0.72,job,2025-03-26 18:00:00
TS-000062,TECH-0023,JOB-000056,2025-03-26,1.07,job,2025-03-26 18:00:00
TS-000063,TECH-0023,JOB-000057,2025-03-26,2.07,job,2025-03-26 18:00:00
TS-000064,TECH-9999,JOB-000058,2024-10-14,2.05,job,2024-10-14 18:00:00
TS-000065,TECH-0002,JOB-000059,2024-10-14,1.87,job,2024-10-14 18:00:00
TS-000066,TECH-0026,JOB-000060,2024-11-26,0.38,job,2024-11-26 18:00:00
TS-000067,TECH-0026,JOB-000061,2024-11-26,1.57,job,2024-11-26 18:00:00
TS-000068,TECH-0023,JOB-000062,2024-12-30,2.48,job,2024-12-30 18:00:00
TS-000069,TECH-0023,JOB-000063,2024-12-30,2.38,job,2024-12-30 18:00:00
TS-000070,TECH-0023,JOB-000064,2024-12-30,2.08,job,2024-12-30 18:00:00
TS-000071,TECH-0005,JOB-000065,2024-12-20,2.27,job,2024-12-20 18:00:00
TS-000072,TECH-0005,JOB-000066,2024-12-20,2.02,job,2024-12-20 18:00:00
TS-000073,TECH-0005,JOB-000067,2024-12-20,1.06,job,2024-12-20 18:00:00
TS-000074,TECH-0005,JOB-000067,2024-12-20,1.34,job,2024-12-20 18:01:00
TS-000075,TECH-0005,JOB-000068,2024-12-20,2.18,job,2024-12-20 18:00:00
TS-000076,TECH-0012,JOB-000069,2023-03-22,2.08,job,2023-03-22 18:00:00
TS-000077,TECH-0012,JOB-000070,2023-03-22,0.93,job,2023-03-22 18:00:00
TS-000078,TECH-0012,JOB-000071,2023-03-22,0.63,job,2023-03-22 18:00:00
TS-000079,TECH-0012,JOB-000072,2023-03-22,1.97,job,2023-03-22 18:00:00
TS-000080,TECH-0025,JOB-000073,2024-07-22,1.55,job,2024-07-22 18:00:00
TS-000081,TECH-0025,JOB-000074,2024-07-22,0.92,job,2024-07-22 18:00:00
TS-000082,TECH-0025,JOB-000075,2024-07-22,0.88,job,2024-07-22 18:00:00
TS-000083,TECH-0025,JOB-000076,2024-07-22,1.48,job,2024-07-22 18:00:00
TS-000084,TECH-0029,JOB-000077,2023-06-14,2.02,job,2023-06-14 18:00:00
TS-000085,TECH-0029,JOB-000078,2023-06-14,1.9,job,2023-06-14 18:00:00
TS-000086,TECH-0029,JOB-000078,2023-06-14,1.9,job,2023-06-14 18:45:00
TS-000087,TECH-0029,JOB-000079,2023-06-14,2.33,job,2023-06-14 18:00:00
TS-000088,TECH-0029,JOB-000080,2023-06-14,1.62,job,2023-06-14 18:00:00
TS-000089,TECH-0029,JOB-000081,2023-06-14,0.9,job,2023-06-14 18:00:00
TS-000090,TECH-0005,JOB-000082,2024-08-16,1.9,job,2024-08-16 18:00:00
TS-000091,TECH-0005,JOB-000083,2024-08-16,1.85,job,2024-08-16 18:00:00
TS-000092,TECH-0024,JOB-000084,2025-05-06,1.2,job,2025-05-06 18:00:00
TS-000093,TECH-0001,JOB-000086,2023-07-07,1.07,job,2023-07-07 18:00:00
TS-000094,TECH-0001,JOB-000087,2023-07-07,2.25,job,2023-07-07 18:00:00
TS-000095,TECH-0001,JOB-000088,2023-03-29,0.97,job,2023-03-29 18:00:00
TS-000096,TECH-0001,JOB-000088,2023-03-29,1.25,job,2023-03-29 18:01:00
TS-000097,TECH-0001,JOB-000089,2023-03-29,1.58,job,2023-03-29 18:00:00
TS-000098,TECH-0001,JOB-000090,2023-03-29,1.3,job,2023-03-29 18:00:00
TS-000099,TECH-0001,JOB-000091,2023-03-29,2.35,job,2023-03-29 18:00:00
TS-000100,TECH-0001,JOB-000092,2023-03-29,1.73,job,2023-03-29 18:00:00
TS-000101,TECH-0011,JOB-000093,2024-05-20,0.78,job,2024-05-20 18:00:00
TS-000102,TECH-0011,JOB-000094,2024-05-20,0.64,job,2024-05-20 18:00:00
TS-000103,TECH-0011,JOB-000094,2024-05-20,0.83,job,2024-05-20 18:01:00
TS-000104,TECH-0003,JOB-000095,2023-07-24,1.78,job,2023-07-24 18:00:00
TS-000105,TECH-0003,JOB-000096,2023-07-24,0.53,job,2023-07-24 18:00:00
TS-000106,TECH-0013,JOB-000098,2024-09-09,1.57,job,2024-09-09 18:00:00
TS-000107,TECH-0025,JOB-000099,2024-05-22,0.65,job,2024-05-22 18:00:00
TS-000108,TECH-0025,JOB-000100,2024-05-22,1.72,job,2024-05-22 18:00:00
TS-000109,TECH-0009,JOB-000101,2024-09-17,0.49,job,2024-09-17 18:00:00
TS-000110,TECH-0009,JOB-000101,2024-09-17,0.49,job,2024-09-17 18:45:00
TS-000111,TECH-0009,JOB-000101,2024-09-17,0.77,job,2024-09-17 18:01:00
TS-000112,TECH-0009,JOB-000102,2024-09-17,0.95,job,2024-09-17 18:00:00
TS-000113,TECH-0009,JOB-000103,2024-09-17,2.43,job,2024-09-17 18:00:00
TS-000114,TECH-0009,JOB-000104,2024-09-17,2.2,job,2024-09-17 18:00:00
TS-000115,TECH-0009,JOB-000105,2024-09-17,0.19,job,2024-09-17 18:00:00
TS-000116,TECH-0009,JOB-000105,2024-09-17,0.3,job,2024-09-17 18:01:00
TS-000117,TECH-0029,JOB-000106,2023-03-01,0.97,job,2023-03-01 18:00:00
TS-000118,TECH-0029,JOB-000107,2023-03-01,0.5,job,2023-03-01 18:00:00
TS-000119,TECH-0029,JOB-000108,2023-03-01,0.98,job,2023-03-01 18:00:00
TS-000120,TECH-0029,JOB-000108,2023-03-01,1.0,job,2023-03-01 18:01:00
TS-000121,TECH-0029,JOB-000109,2023-03-01,1.08,job,2023-03-01 18:00:00
TS-000122,TECH-0029,JOB-000109,2023-03-01,0.89,job,2023-03-01 18:01:00
TS-000123,TECH-0029,JOB-000110,2023-03-01,0.93,job,2023-03-01 18:00:00
TS-000124,TECH-0024,JOB-000112,2024-04-16,0.6,job,2024-04-16 18:00:00
TS-000125,TECH-0024,JOB-000112,2024-04-16,0.98,job,2024-04-16 18:01:00
TS-000126,TECH-0024,JOB-000113,2024-04-16,0.88,job,2024-04-16 18:00:00
TS-000127,TECH-0015,JOB-000114,2024-06-06,0.53,job,2024-06-06 18:00:00
TS-000128,TECH-0015,JOB-000114,2024-06-06,0.82,job,2024-06-06 18:01:00
TS-000129,TECH-0015,JOB-000115,2024-06-06,1.95,job,2024-06-06 18:00:00
TS-000130,TECH-0015,JOB-000116,2024-06-06,1.92,job,2024-06-06 18:00:00
TS-000131,TECH-0019,JOB-000117,2023-07-31,0.26,job,2023-07-31 18:00:00
TS-000132,TECH-0019,JOB-000117,2023-07-31,0.18,job,2023-07-31 18:01:00
TS-000133,TECH-0019,JOB-000118,2023-07-31,1.75,job,2023-07-31 18:00:00
TS-000134,TECH-0019,JOB-000119,2023-07-31,0.67,job,2023-07-31 18:00:00
TS-000135,TECH-0019,JOB-000120,2023-07-31,0.85,job,2023-07-31 18:00:00
TS-000136,TECH-9999,JOB-000121,2023-07-31,1.35,job,2023-07-31 18:00:00
TS-000137,TECH-0003,JOB-000122,2025-01-23,1.92,job,2025-01-23 18:00:00
TS-000138,TECH-0003,JOB-000123,2025-01-23,1.75,job,2025-01-23 18:00:00
TS-000139,TECH-0006,JOB-000124,2023-07-13,1.18,job,2023-07-13 18:00:00
TS-000140,TECH-0006,JOB-000125,2023-07-13,1.13,job,2023-07-13 18:00:00
TS-000141,TECH-0014,JOB-000126,2024-09-23,1.9,job,2024-09-23 18:00:00
TS-000142,TECH-0014,JOB-000127,2024-09-23,0.55,job,2024-09-23 18:00:00
TS-000143,TECH-0014,JOB-000127,2024-09-23,0.55,job,2024-09-23 18:01:00
TS-000144,TECH-0014,JOB-000128,2024-09-23,1.03,job,2024-09-23 18:00:00
TS-000145,TECH-0014,JOB-000129,2024-09-23,0.57,job,2024-09-23 18:00:00
TS-000146,TECH-0014,JOB-000130,2024-09-23,2.2,job,2024-09-23 18:00:00
TS-000147,TECH-0016,JOB-000131,2024-06-14,1.88,job,2024-06-14 18:00:00
TS-000148,TECH-0016,JOB-000132,2024-06-14,0.79,job,2024-06-14 18:00:00
TS-000149,TECH-0016,JOB-000132,2024-06-14,0.64,job,2024-06-14 18:01:00
TS-000150,TECH-0016,JOB-000133,2024-06-14,2.25,job,2024-06-14 18:00:00
TS-000151,TECH-0016,JOB-000134,2024-06-14,1.57,job,2024-06-14 18:00:00
TS-000152,TECH-0008,JOB-000136,2023-07-19,2.37,job,2023-07-19 18:00:00
TS-000153,TECH-0008,JOB-000137,2023-07-19,2.32,job,2023-07-19 18:00:00
TS-000154,TECH-0015,JOB-000138,2024-12-20,1.7,job,2024-12-20 18:00:00
TS-000155,TECH-0015,JOB-000139,2024-12-20,1.5,job,2024-12-20 18:00:00
TS-000156,TECH-0027,JOB-000140,2025-05-16,1.45,job,2025-05-16 18:00:00
TS-000157,TECH-0027,JOB-000141,2025-05-16,2.38,job,2025-05-16 18:00:00
TS-000158,TECH-0027,JOB-000142,2025-05-16,1.2,job,2025-05-16 18:00:00
TS-000159,TECH-0027,JOB-000143,2025-05-16,0.78,job,2025-05-16 18:00:00
TS-000160,TECH-0009,JOB-000144,2023-08-17,1.15,job,2023-08-17 18:00:00
TS-000161,TECH-0009,JOB-000144,2023-08-17,1.17,job,2023-08-17 18:01:00
TS-000162,TECH-0009,JOB-000145,2023-08-17,0.3,job,2023-08-17 18:00:00
TS-000163,TECH-0009,JOB-000145,2023-08-17,0.23,job,2023-08-17 18:01:00
TS-000164,TECH-0009,JOB-000146,2023-08-17,0.59,job,2023-08-17 18:00:00
TS-000165,TECH-0009,JOB-000146,2023-08-17,0.86,job,2023-08-17 18:01:00
TS-000166,TECH-0009,JOB-000147,2023-08-17,1.97,job,2023-08-17 18:00:00
TS-000167,TECH-0029,JOB-000148,2024-05-01,2.47,job,2024-05-01 18:00:00
TS-000168,TECH-0029,JOB-000149,2024-05-01,0.92,job,2024-05-01 18:00:00
TS-000169,TECH-0029,JOB-000150,2024-05-01,2.5,job,2024-05-01 18:00:00
TS-000170,TECH-0029,JOB-000151,2024-05-01,2.1,job,2024-05-01 18:00:00
TS-000171,TECH-0029,JOB-000152,2025-04-09,1.95,job,2025-04-09 18:00:00
TS-000172,TECH-0029,JOB-000153,2025-04-09,2.12,job,2025-04-09 18:00:00
TS-000173,TECH-0012,JOB-000155,2025-02-21,0.61,job,2025-02-21 18:00:00
TS-000174,TECH-0012,JOB-000155,2025-02-21,0.91,job,2025-02-21 18:01:00
TS-000175,TECH-0012,JOB-000156,2025-02-21,1.5,job,2025-02-21 18:00:00
TS-000176,TECH-0012,JOB-000157,2025-02-21,0.67,job,2025-02-21 18:00:00
TS-000177,TECH-0012,JOB-000158,2025-02-21,0.92,job,2025-02-21 18:00:00
TS-000178,TECH-0012,JOB-000159,2024-11-07,1.0,job,2024-11-07 18:00:00
TS-000179,TECH-0012,JOB-000160,2024-11-07,0.58,job,2024-11-07 18:00:00
TS-000180,TECH-0015,JOB-000161,2023-09-11,1.57,job,2023-09-11 18:00:00
TS-000181,TECH-0015,JOB-000162,2023-09-11,2.43,job,2023-09-11 18:00:00
TS-000182,TECH-0010,JOB-000163,2023-09-25,1.15,job,2023-09-25 18:00:00
TS-000183,TECH-9999,JOB-000164,2023-09-25,0.92,job,2023-09-25 18:00:00
TS-000184,TECH-0021,JOB-000165,2023-01-17,2.32,job,2023-01-17 18:00:00
TS-000185,TECH-0021,JOB-000166,2023-01-17,1.58,job,2023-01-17 18:00:00
TS-000186,TECH-0021,JOB-000167,2023-01-17,2.33,job,2023-01-17 18:00:00
TS-000187,TECH-0021,JOB-000168,2023-01-17,1.04,job,2023-01-17 18:00:00
TS-000188,TECH-0021,JOB-000168,2023-01-17,0.83,job,2023-01-17 18:01:00
TS-000189,TECH-0006,JOB-000169,2024-04-15,0.72,job,2024-04-15 18:00:00
TS-000190,TECH-0006,JOB-000170,2024-04-15,2.3,job,2024-04-15 18:00:00
TS-000191,TECH-0006,JOB-000171,2024-04-15,2.13,job,2024-04-15 18:00:00
TS-000192,TECH-0006,JOB-000172,2024-04-15,0.49,job,2024-04-15 18:00:00
TS-000193,TECH-0006,JOB-000172,2024-04-15,0.61,job,2024-04-15 18:01:00
TS-000194,TECH-0006,JOB-000173,2024-04-15,0.96,job,2024-04-15 18:00:00
TS-000195,TECH-0006,JOB-000173,2024-04-15,0.97,job,2024-04-15 18:01:00
TS-000196,TECH-0020,JOB-000174,2024-07-17,2.3,job,2024-07-17 18:00:00
TS-000197,TECH-0020,JOB-000175,2024-07-17,1.13,job,2024-07-17 18:00:00
TS-000198,TECH-0020,JOB-000176,2024-07-17,0.75,job,2024-07-17 18:00:00
TS-000199,TECH-0020,JOB-000177,2023-11-08,1.02,job,2023-11-08 18:00:00
TS-000200,TECH-0020,JOB-000177,2023-11-08,0.66,job,2023-11-08 18:01:00
TS-000201,TECH-0020,JOB-000178,2023-11-08,2.08,job,2023-11-08 18:00:00
TS-000202,TECH-0020,JOB-000179,2024-12-11,2.1,job,2024-12-11 18:00:00
TS-000203,TECH-0020,JOB-000180,2024-12-11,0.93,job,2024-12-11 18:00:00
TS-000204,TECH-0008,JOB-000181,2024-04-18,1.13,job,2024-04-18 18:00:00
TS-000205,TECH-0008,JOB-000182,2024-04-18,1.25,job,2024-04-18 18:00:00
TS-000206,TECH-0027,JOB-000183,2023-06-19,1.7,job,2023-06-19 18:00:00
TS-000207,TECH-0027,JOB-000184,2023-06-19,2.33,job,2023-06-19 18:00:00
TS-000208,TECH-0027,JOB-000185,2023-06-19,2.1,job,2023-06-19 18:00:00
TS-000209,TECH-0027,JOB-000186,2023-06-19,2.42,job,2023-06-19 18:00:00
TS-000210,TECH-0027,JOB-000187,2023-06-19,0.58,job,2023-06-19 18:00:00
TS-000211,TECH-0009,JOB-000188,2023-04-07,0.58,job,2023-04-07 18:00:00
TS-000212,TECH-0009,JOB-000189,2023-04-07,1.5,job,2023-04-07 18:00:00
TS-000213,TECH-0009,JOB-000190,2023-04-07,0.97,job,2023-04-07 18:00:00
TS-000214,TECH-0021,JOB-000191,2023-12-15,0.19,job,2023-12-15 18:00:00
TS-000215,TECH-0021,JOB-000191,2023-12-15,0.28,job,2023-12-15 18:01:00
TS-000216,TECH-0021,JOB-000192,2023-12-15,2.18,job,2023-12-15 18:00:00
TS-000217,TECH-0021,JOB-000193,2023-12-15,2.35,job,2023-12-15 18:00:00
TS-000218,TECH-0012,JOB-000194,2023-01-24,1.35,job,2023-01-24 18:00:00
TS-000219,TECH-0012,JOB-000195,2023-01-24,2.47,job,2023-01-24 18:00:00
TS-000220,TECH-0012,JOB-000196,2023-01-24,1.48,job,2023-01-24 18:00:00
TS-000221,TECH-0011,JOB-000197,2023-12-20,0.58,job,2023-12-20 18:00:00
TS-000222,TECH-0011,JOB-000197,2023-12-20,0.4,job,2023-12-20 18:01:00
TS-000223,TECH-0011,JOB-000198,2023-12-20,1.12,job,2023-12-20 18:00:00
TS-000224,TECH-0012,JOB-000199,2024-07-05,1.37,job,2024-07-05 18:00:00
TS-000225,TECH-0012,JOB-000199,2024-07-05,1.37,job,2024-07-05 18:45:00
TS-000226,TECH-0012,JOB-000200,2024-07-05,1.5,job,2024-07-05 18:00:00
TS-000227,TECH-0016,JOB-000201,2023-06-02,1.95,job,2023-06-02 18:00:00
TS-000228,TECH-0016,JOB-000202,2023-06-02,1.18,job,2023-06-02 18:00:00
TS-000229,TECH-0016,JOB-000203,2023-06-02,1.72,job,2023-06-02 18:00:00
TS-000230,TECH-0001,JOB-000204,2024-10-23,2.07,job,2024-10-23 18:00:00
TS-000231,TECH-0001,JOB-000205,2024-10-23,2.37,job,2024-10-23 18:00:00
TS-000232,TECH-0001,JOB-000206,2024-10-23,0.68,job,2024-10-23 18:00:00
TS-000233,TECH-0029,JOB-000207,2024-09-09,1.27,job,2024-09-09 18:00:00
TS-000234,TECH-0029,JOB-000208,2024-09-09,2.38,job,2024-09-09 18:00:00
TS-000235,TECH-0016,JOB-000209,2023-10-24,2.25,job,2023-10-24 18:00:00
TS-000236,TECH-0016,JOB-000210,2023-10-24,1.37,job,2023-10-24 18:00:00
TS-000237,TECH-0016,JOB-000211,2023-10-24,2.17,job,2023-10-24 18:00:00
TS-000238,TECH-0016,JOB-000212,2023-10-24,0.6,job,2023-10-24 18:00:00
TS-000239,TECH-0016,JOB-000213,2023-10-24,1.67,job,2023-10-24 18:00:00
TS-000240,TECH-0029,JOB-000214,2024-03-01,0.82,job,2024-03-01 18:00:00
TS-000241,TECH-0029,JOB-000215,2024-03-01,1.07,job,2024-03-01 18:00:00
TS-000242,TECH-0001,JOB-000216,2024-11-26,2.43,job,2024-11-26 18:00:00
TS-000243,TECH-0001,JOB-000217,2024-11-26,1.5,job,2024-11-26 18:00:00
TS-000244,TECH-0001,JOB-000218,2024-11-26,1.88,job,2024-11-26 18:00:00
TS-000245,TECH-0028,JOB-000220,2023-12-21,2.15,job,2023-12-21 18:00:00
TS-000246,TECH-0028,JOB-000221,2023-12-21,1.05,job,2023-12-21 18:00:00
TS-000247,TECH-0012,JOB-000223,2023-12-21,2.1,job,2023-12-21 18:00:00
TS-000248,TECH-0012,JOB-000224,2023-12-21,1.9,job,2023-12-21 18:00:00
TS-000249,TECH-0012,JOB-000225,2023-12-21,1.85,job,2023-12-21 18:00:00
TS-000250,TECH-0012,JOB-000226,2023-12-21,1.77,job,2023-12-21 18:00:00
TS-000251,TECH-0012,JOB-000227,2023-12-21,2.28,job,2023-12-21 18:00:00
TS-000252,TECH-0024,JOB-000228,2024-03-08,0.68,job,2024-03-08 18:00:00
TS-000253,TECH-0024,JOB-000229,2024-03-08,0.73,job,2024-03-08 18:00:00
TS-000254,TECH-0029,JOB-000231,2023-05-26,0.9,job,2023-05-26 18:00:00
TS-000255,TECH-0029,JOB-000232,2023-05-26,1.23,job,2023-05-26 18:00:00
TS-000256,TECH-0005,JOB-000233,2023-06-27,1.38,job,2023-06-27 18:00:00
TS-000257,TECH-0005,JOB-000234,2023-06-27,1.62,job,2023-06-27 18:00:00
TS-000258,TECH-0005,JOB-000235,2023-06-27,0.8,job,2023-06-27 18:00:00
TS-000259,TECH-0005,JOB-000236,2023-06-27,2.12,job,2023-06-27 18:00:00
TS-000260,TECH-0005,JOB-000237,2023-06-27,0.38,job,2023-06-27 18:00:00
TS-000261,TECH-0028,JOB-000238,2024-08-19,0.98,job,2024-08-19 18:00:00
TS-000262,TECH-0028,JOB-000239,2024-08-19,0.6,job,2024-08-19 18:00:00
TS-000263,TECH-0028,JOB-000240,2024-08-19,0.23,job,2024-08-19 18:00:00
TS-000264,TECH-0028,JOB-000240,2024-08-19,0.33,job,2024-08-19 18:01:00
TS-000265,TECH-0028,JOB-000241,2024-08-19,1.04,job,2024-08-19 18:00:00
TS-000266,TECH-0028,JOB-000241,2024-08-19,1.41,job,2024-08-19 18:01:00
TS-000267,TECH-0028,JOB-000242,2024-08-19,1.47,job,2024-08-19 18:00:00
TS-000268,TECH-0026,JOB-000243,2025-04-07,2.45,job,2025-04-07 18:00:00
TS-000269,TECH-0026,JOB-000244,2025-04-07,0.33,job,2025-04-07 18:00:00
TS-000270,TECH-0002,JOB-000245,2025-03-04,1.68,job,2025-03-04 18:00:00
TS-000271,TECH-0002,JOB-000246,2025-03-04,0.24,job,2025-03-04 18:00:00
TS-000272,TECH-0002,JOB-000246,2025-03-04,0.28,job,2025-03-04 18:01:00
TS-000273,TECH-0002,JOB-000247,2025-03-04,2.27,job,2025-03-04 18:00:00
TS-000274,TECH-0002,JOB-000247,2025-03-04,2.27,job,2025-03-04 18:45:00
TS-000275,TECH-0002,JOB-000248,2025-03-04,1.26,job,2025-03-04 18:00:00
TS-000276,TECH-0002,JOB-000248,2025-03-04,1.17,job,2025-03-04 18:01:00
TS-000277,TECH-0002,JOB-000249,2025-03-04,1.01,job,2025-03-04 18:00:00
TS-000278,TECH-0002,JOB-000249,2025-03-04,1.06,job,2025-03-04 18:01:00
TS-000279,TECH-0014,JOB-000250,2024-03-15,0.31,job,2024-03-15 18:00:00
TS-000280,TECH-0014,JOB-000250,2024-03-15,0.27,job,2024-03-15 18:01:00
TS-000281,TECH-0014,JOB-000251,2024-03-15,2.28,job,2024-03-15 18:00:00
TS-000282,TECH-0002,JOB-000252,2024-09-16,1.02,job,2024-09-16 18:00:00
TS-000283,TECH-0002,JOB-000252,2024-09-16,0.98,job,2024-09-16 18:01:00
TS-000284,TECH-0002,JOB-000253,2024-09-16,0.78,job,2024-09-16 18:00:00
TS-000285,TECH-0002,JOB-000254,2024-09-16,2.3,job,2024-09-16 18:00:00
TS-000286,TECH-0012,JOB-000256,2023-08-01,0.92,job,2023-08-01 18:00:00
TS-000287,TECH-0024,JOB-000257,2023-05-02,2.22,job,2023-05-02 18:00:00
TS-000288,TECH-0024,JOB-000258,2023-05-02,2.17,job,2023-05-02 18:00:00
TS-000289,TECH-0024,JOB-000259,2023-05-02,1.5,job,2023-05-02 18:00:00
TS-000290,TECH-0024,JOB-000259,2023-05-02,1.5,job,2023-05-02 18:45:00
TS-000291,TECH-0024,JOB-000260,2023-05-02,2.37,job,2023-05-02 18:00:00
TS-000292,TECH-0020,JOB-000261,2023-01-27,1.8,job,2023-01-27 18:00:00
TS-000293,TECH-0020,JOB-000263,2023-01-27,0.66,job,2023-01-27 18:00:00
TS-000294,TECH-0020,JOB-000263,2023-01-27,0.69,job,2023-01-27 18:01:00
TS-000295,TECH-0020,JOB-000264,2023-01-27,1.98,job,2023-01-27 18:00:00
TS-000296,TECH-0020,JOB-000265,2023-01-27,0.45,job,2023-01-27 18:00:00
TS-000297,TECH-0017,JOB-000266,2025-02-17,1.32,job,2025-02-17 18:00:00
TS-000298,TECH-0017,JOB-000267,2025-02-17,1.08,job,2025-02-17 18:00:00
TS-000299,TECH-0017,JOB-000268,2025-02-17,1.88,job,2025-02-17 18:00:00
TS-000300,TECH-0017,JOB-000269,2025-02-17,1.0,job,2025-02-17 18:00:00
TS-000301,TECH-0026,JOB-000270,2025-05-29,1.58,job,2025-05-29 18:00:00
TS-000302,TECH-0026,JOB-000271,2025-05-29,0.78,job,2025-05-29 18:00:00
TS-000303,TECH-0026,JOB-000271,2025-05-29,0.48,job,2025-05-29 18:01:00
TS-000304,TECH-0026,JOB-000272,2025-05-29,0.7,job,2025-05-29 18:00:00
TS-000305,TECH-0026,JOB-000273,2025-05-29,1.42,job,2025-05-29 18:00:00
TS-000306,TECH-0013,JOB-000274,2025-02-21,1.28,job,2025-02-21 18:00:00
TS-000307,TECH-0013,JOB-000275,2025-02-21,1.05,job,2025-02-21 18:00:00
TS-000308,TECH-0013,JOB-000276,2025-02-21,2.38,job,2025-02-21 18:00:00
TS-000309,TECH-0013,JOB-000277,2025-02-21,1.2,job,2025-02-21 18:00:00
TS-000310,TECH-0013,JOB-000278,2025-02-21,1.33,job,2025-02-21 18:00:00
TS-000311,TECH-0011,JOB-000279,2025-06-16,1.57,job,2025-06-16 18:00:00
TS-000312,TECH-0011,JOB-000280,2025-06-16,1.98,job,2025-06-16 18:00:00
TS-000313,TECH-0011,JOB-000281,2025-06-16,0.58,job,2025-06-16 18:00:00
TS-000314,TECH-0011,JOB-000282,2025-06-16,0.8,job,2025-06-16 18:00:00
TS-000315,TECH-0011,JOB-000282,2025-06-16,1.18,job,2025-06-16 18:01:00
TS-000316,TECH-0011,JOB-000283,2025-06-16,2.02,job,2025-06-16 18:00:00
TS-000317,TECH-0016,JOB-000284,2023-09-06,0.67,job,2023-09-06 18:00:00
TS-000318,TECH-0016,JOB-000285,2023-09-06,2.02,job,2023-09-06 18:00:00
TS-000319,TECH-0016,JOB-000286,2023-09-06,0.95,job,2023-09-06 18:00:00
TS-000320,TECH-0020,JOB-000287,2024-05-08,2.35,job,2024-05-08 18:00:00
TS-000321,TECH-0020,JOB-000288,2024-05-08,1.73,job,2024-05-08 18:00:00
TS-000322,TECH-0020,JOB-000289,2024-05-08,1.62,job,2024-05-08 18:00:00
TS-000323,TECH-0020,JOB-000290,2024-05-08,1.29,job,2024-05-08 18:00:00
TS-000324,TECH-0020,JOB-000290,2024-05-08,0.93,job,2024-05-08 18:01:00
TS-000325,TECH-0020,JOB-000291,2024-05-08,2.07,job,2024-05-08 18:00:00
TS-000326,TECH-0019,JOB-000292,2024-08-01,1.18,job,2024-08-01 18:00:00
TS-000327,TECH-0019,JOB-000293,2024-08-01,0.39,job,2024-08-01 18:00:00
TS-000328,TECH-0019,JOB-000293,2024-08-01,0.46,job,2024-08-01 18:01:00
TS-000329,TECH-0019,JOB-000294,2024-08-01,1.43,job,2024-08-01 18:00:00
TS-000330,TECH-9999,JOB-000295,2023-10-24,0.88,job,2023-10-24 18:00:00
TS-000331,TECH-0009,JOB-000296,2023-10-24,1.82,job,2023-10-24 18:00:00
TS-000332,TECH-0009,JOB-000297,2023-10-24,1.03,job,2023-10-24 18:00:00
TS-000333,TECH-0009,JOB-000297,2023-10-24,0.89,job,2023-10-24 18:01:00
TS-000334,TECH-0009,JOB-000298,2023-10-24,1.5,job,2023-10-24 18:00:00
TS-000335,TECH-0029,JOB-000299,2025-05-09,0.96,job,2025-05-09 18:00:00
TS-000336,TECH-0029,JOB-000299,2025-05-09,0.62,job,2025-05-09 18:01:00
TS-000337,TECH-0029,JOB-000300,2025-05-09,1.27,job,2025-05-09 18:00:00
TS-000338,TECH-0029,JOB-000301,2025-05-09,1.1,job,2025-05-09 18:00:00
TS-000339,TECH-0029,JOB-000302,2025-05-09,0.7,job,2025-05-09 18:00:00
TS-000340,TECH-0029,JOB-000303,2025-05-09,0.65,job,2025-05-09 18:00:00
TS-000341,TECH-0029,JOB-000303,2025-05-09,0.93,job,2025-05-09 18:01:00
TS-000342,TECH-0019,JOB-000304,2023-06-21,0.97,job,2023-06-21 18:00:00
TS-000343,TECH-0019,JOB-000305,2023-06-21,1.1,job,2023-06-21 18:00:00
TS-000344,TECH-0019,JOB-000306,2023-06-21,1.05,job,2023-06-21 18:00:00
TS-000345,TECH-0019,JOB-000307,2023-06-21,2.37,job,2023-06-21 18:00:00
TS-000346,TECH-0019,JOB-000308,2023-06-21,1.38,job,2023-06-21 18:00:00
TS-000347,TECH-0011,JOB-000309,2024-02-21,1.78,job,2024-02-21 18:00:00
TS-000348,TECH-0011,JOB-000310,2024-02-21,0.88,job,2024-02-21 18:00:00
TS-000349,TECH-0011,JOB-000311,2024-02-21,1.42,job,2024-02-21 18:00:00
TS-000350,TECH-0011,JOB-000312,2024-02-21,2.1,job,2024-02-21 18:00:00
TS-000351,TECH-0011,JOB-000313,2024-02-21,0.75,job,2024-02-21 18:00:00
TS-000352,TECH-0004,JOB-000314,2024-12-13,1.85,job,2024-12-13 18:00:00
TS-000353,TECH-0004,JOB-000315,2024-12-13,0.23,job,2024-12-13 18:00:00
TS-000354,TECH-0004,JOB-000315,2024-12-13,0.16,job,2024-12-13 18:01:00
TS-000355,TECH-0004,JOB-000316,2024-12-13,0.75,job,2024-12-13 18:00:00
TS-000356,TECH-9999,JOB-000317,2023-02-27,0.73,job,2023-02-27 18:00:00
TS-000357,TECH-0006,JOB-000318,2023-02-27,2.2,job,2023-02-27 18:00:00
TS-000358,TECH-0006,JOB-000319,2023-02-27,2.27,job,2023-02-27 18:00:00
TS-000359,TECH-0006,JOB-000320,2023-02-27,0.58,job,2023-02-27 18:00:00
TS-000360,TECH-0028,JOB-000321,2024-05-29,2.08,job,2024-05-29 18:00:00
TS-000361,TECH-0028,JOB-000322,2024-05-29,0.73,job,2024-05-29 18:00:00
TS-000362,TECH-0020,JOB-000323,2025-05-28,1.16,job,2025-05-28 18:00:00
TS-000363,TECH-0020,JOB-000323,2025-05-28,1.28,job,2025-05-28 18:01:00
TS-000364,TECH-0020,JOB-000324,2025-05-28,1.93,job,2025-05-28 18:00:00
TS-000365,TECH-0012,JOB-000325,2023-06-20,0.33,job,2023-06-20 18:00:00
TS-000366,TECH-0012,JOB-000326,2023-06-20,1.78,job,2023-06-20 18:00:00
TS-000367,TECH-0012,JOB-000327,2023-06-20,2.25,job,2023-06-20 18:00:00
TS-000368,TECH-0012,JOB-000328,2023-06-20,0.78,job,2023-06-20 18:00:00
TS-000369,TECH-0012,JOB-000329,2023-06-20,0.46,job,2023-06-20 18:00:00
TS-000370,TECH-0012,JOB-000329,2023-06-20,0.38,job,2023-06-20 18:01:00
TS-000371,TECH-0030,JOB-000330,2025-04-23,2.48,job,2025-04-23 18:00:00
TS-000372,TECH-0030,JOB-000331,2025-04-23,1.08,job,2025-04-23 18:00:00
TS-000373,TECH-0015,JOB-000332,2025-05-22,2.25,job,2025-05-22 18:00:00
TS-000374,TECH-0015,JOB-000333,2025-05-22,1.25,job,2025-05-22 18:00:00
TS-000375,TECH-0015,JOB-000334,2025-05-22,1.7,job,2025-05-22 18:00:00
TS-000376,TECH-0030,JOB-000335,2025-02-04,1.95,job,2025-02-04 18:00:00
TS-000377,TECH-0030,JOB-000336,2025-02-04,0.67,job,2025-02-04 18:00:00
TS-000378,TECH-0030,JOB-000336,2025-02-04,0.91,job,2025-02-04 18:01:00
TS-000379,TECH-0030,JOB-000337,2025-02-04,1.33,job,2025-02-04 18:00:00
TS-000380,TECH-0030,JOB-000338,2025-02-04,0.79,job,2025-02-04 18:00:00
TS-000381,TECH-0030,JOB-000338,2025-02-04,0.87,job,2025-02-04 18:01:00
TS-000382,TECH-0024,JOB-000339,2024-06-11,0.65,job,2024-06-11 18:00:00
TS-000383,TECH-0024,JOB-000340,2024-06-11,0.49,job,2024-06-11 18:00:00
TS-000384,TECH-0024,JOB-000340,2024-06-11,0.52,job,2024-06-11 18:01:00
TS-000385,TECH-0024,JOB-000341,2024-06-11,0.55,job,2024-06-11 18:00:00
TS-000386,TECH-0012,JOB-000342,2025-01-23,1.24,job,2025-01-23 18:00:00
TS-000387,TECH-0012,JOB-000342,2025-01-23,0.81,job,2025-01-23 18:01:00
TS-000388,TECH-0012,JOB-000343,2025-01-23,0.37,job,2025-01-23 18:00:00
TS-000389,TECH-0012,JOB-000344,2025-01-23,1.95,job,2025-01-23 18:00:00
TS-000390,TECH-0016,JOB-000346,2024-11-28,0.77,job,2024-11-28 18:00:00
TS-000391,TECH-0001,JOB-000347,2024-10-21,1.4,job,2024-10-21 18:00:00
TS-000392,TECH-0001,JOB-000348,2024-10-21,0.71,job,2024-10-21 18:00:00
TS-000393,TECH-0001,JOB-000348,2024-10-21,1.28,job,2024-10-21 18:01:00
TS-000394,TECH-0001,JOB-000349,2024-10-21,1.85,job,2024-10-21 18:00:00
TS-000395,TECH-0001,JOB-000350,2024-10-21,0.24,job,2024-10-21 18:00:00
TS-000396,TECH-0001,JOB-000350,2024-10-21,0.21,job,2024-10-21 18:01:00
TS-000397,TECH-0011,JOB-000351,2024-06-19,2.0,job,2024-06-19 18:00:00
TS-000398,TECH-0011,JOB-000352,2024-06-19,0.93,job,2024-06-19 18:00:00
TS-000399,TECH-0020,JOB-000353,2024-10-23,2.4,job,2024-10-23 18:00:00
TS-000400,TECH-0020,JOB-000354,2024-10-23,2.25,job,2024-10-23 18:00:00
TS-000401,TECH-0015,JOB-000355,2023-08-30,2.18,job,2023-08-30 18:00:00
TS-000402,TECH-0015,JOB-000356,2023-08-30,0.78,job,2023-08-30 18:00:00
TS-000403,TECH-0024,JOB-000357,2023-04-20,1.23,job,2023-04-20 18:00:00
TS-000404,TECH-0024,JOB-000358,2023-04-20,1.57,job,2023-04-20 18:00:00
TS-000405,TECH-0023,JOB-000359,2023-08-25,0.47,job,2023-08-25 18:00:00
TS-000406,TECH-0023,JOB-000359,2023-08-25,0.48,job,2023-08-25 18:01:00
TS-000407,TECH-0023,JOB-000360,2023-08-25,1.2,job,2023-08-25 18:00:00
TS-000408,TECH-0023,JOB-000361,2023-08-25,1.5,job,2023-08-25 18:00:00
TS-000409,TECH-0009,JOB-000362,2025-01-09,0.35,job,2025-01-09 18:00:00
TS-000410,TECH-0009,JOB-000363,2025-01-09,0.83,job,2025-01-09 18:00:00
TS-000411,TECH-0009,JOB-000364,2025-01-09,2.08,job,2025-01-09 18:00:00
TS-000412,TECH-0009,JOB-000365,2025-01-09,0.46,job,2025-01-09 18:00:00
TS-000413,TECH-0009,JOB-000365,2025-01-09,0.64,job,2025-01-09 18:01:00
TS-000414,TECH-0009,JOB-000366,2025-01-09,2.33,job,2025-01-09 18:00:00
TS-000415,TECH-0010,JOB-000367,2023-08-29,0.88,job,2023-08-29 18:00:00
TS-000416,TECH-0010,JOB-000368,2023-08-29,0.48,job,2023-08-29 18:00:00
TS-000417,TECH-0010,JOB-000369,2023-08-29,0.77,job,2023-08-29 18:00:00
TS-000418,TECH-0010,JOB-000369,2023-08-29,1.34,job,2023-08-29 18:01:00
TS-000419,TECH-0010,JOB-000370,2023-08-29,0.75,job,2023-08-29 18:00:00
TS-000420,TECH-0026,JOB-000371,2023-01-11,1.67,job,2023-01-11 18:00:00
TS-000421,TECH-0026,JOB-000372,2023-01-11,0.78,job,2023-01-11 18:00:00
TS-000422,TECH-0026,JOB-000372,2023-01-11,0.72,job,2023-01-11 18:01:00
TS-000423,TECH-0010,JOB-000373,2024-03-15,0.54,job,2024-03-15 18:00:00
TS-000424,TECH-0010,JOB-000373,2024-03-15,0.76,job,2024-03-15 18:01:00
TS-000425,TECH-0010,JOB-000374,2024-03-15,0.35,job,2024-03-15 18:00:00
TS-000426,TECH-0010,JOB-000375,2024-03-15,0.48,job,2024-03-15 18:00:00
TS-000427,TECH-0010,JOB-000376,2024-03-15,2.2,job,2024-03-15 18:00:00
TS-000428,TECH-0002,JOB-000377,2024-05-30,2.03,job,2024-05-30 18:00:00
TS-000429,TECH-0002,JOB-000377,2024-05-30,2.03,job,2024-05-30 18:45:00
TS-000430,TECH-0002,JOB-000378,2024-05-30,1.82,job,2024-05-30 18:00:00
TS-000431,TECH-0002,JOB-000379,2024-05-30,1.07,job,2024-05-30 18:00:00
TS-000432,TECH-0010,JOB-000382,2025-02-10,1.45,job,2025-02-10 18:00:00
TS-000433,TECH-0010,JOB-000383,2025-02-10,1.25,job,2025-02-10 18:00:00
TS-000434,TECH-0010,JOB-000384,2023-10-24,0.37,job,2023-10-24 18:00:00
TS-000435,TECH-0010,JOB-000384,2023-10-24,0.41,job,2023-10-24 18:01:00
TS-000436,TECH-0010,JOB-000386,2023-10-24,0.87,job,2023-10-24 18:00:00
TS-000437,TECH-0026,JOB-000387,2025-01-13,1.95,job,2025-01-13 18:00:00
TS-000438,TECH-0026,JOB-000388,2025-01-13,1.78,job,2025-01-13 18:00:00
TS-000439,TECH-0026,JOB-000389,2025-01-13,0.88,job,2025-01-13 18:00:00
TS-000440,TECH-0026,JOB-000390,2025-01-13,0.97,job,2025-01-13 18:00:00
TS-000441,TECH-0026,JOB-000391,2025-01-13,0.53,job,2025-01-13 18:00:00
TS-000442,TECH-0010,JOB-000393,2024-05-31,2.5,job,2024-05-31 18:00:00
TS-000443,TECH-0010,JOB-000394,2024-05-31,1.77,job,2024-05-31 18:00:00
TS-000444,TECH-0010,JOB-000395,2024-05-31,1.57,job,2024-05-31 18:00:00
TS-000445,TECH-0016,JOB-000396,2024-08-15,1.4,job,2024-08-15 18:00:00
TS-000446,TECH-0016,JOB-000398,2024-08-15,1.53,job,2024-08-15 18:00:00
TS-000447,TECH-0020,JOB-000399,2024-01-25,1.03,job,2024-01-25 18:00:00
TS-000448,TECH-0020,JOB-000399,2024-01-25,1.15,job,2024-01-25 18:01:00
TS-000449,TECH-9999,JOB-000400,2024-01-25,1.88,job,2024-01-25 18:00:00
TS-000450,TECH-0020,JOB-000401,2024-01-25,0.37,job,2024-01-25 18:00:00
TS-000451,TECH-0020,JOB-000402,2024-01-25,0.35,job,2024-01-25 18:00:00
TS-000452,TECH-0020,JOB-000403,2024-01-25,1.98,job,2024-01-25 18:00:00
TS-000453,TECH-0020,JOB-000404,2024-01-22,0.8,job,2024-01-22 18:00:00
TS-000454,TECH-0020,JOB-000405,2024-01-22,0.42,job,2024-01-22 18:00:00
TS-000455,TECH-0020,JOB-000406,2024-01-22,0.38,job,2024-01-22 18:00:00
TS-000456,TECH-0020,JOB-000406,2024-01-22,0.38,job,2024-01-22 18:45:00
TS-000457,TECH-0020,JOB-000407,2024-01-22,1.73,job,2024-01-22 18:00:00
TS-000458,TECH-0020,JOB-000408,2024-01-22,1.15,job,2024-01-22 18:00:00
TS-000459,TECH-0016,JOB-000409,2023-12-21,1.22,job,2023-12-21 18:00:00
TS-000460,TECH-0016,JOB-000410,2023-12-21,1.6,job,2023-12-21 18:00:00
TS-000461,TECH-0029,JOB-000411,2024-01-31,2.35,job,2024-01-31 18:00:00
TS-000462,TECH-0029,JOB-000412,2024-01-31,0.58,job,2024-01-31 18:00:00
TS-000463,TECH-0020,JOB-000413,2024-05-13,0.9,job,2024-05-13 18:00:00
TS-000464,TECH-0020,JOB-000414,2024-05-13,1.82,job,2024-05-13 18:00:00
TS-000465,TECH-0020,JOB-000415,2024-05-13,2.25,job,2024-05-13 18:00:00
TS-000466,TECH-0020,JOB-000416,2024-05-13,1.88,job,2024-05-13 18:00:00
TS-000467,TECH-0020,JOB-000417,2024-05-13,1.14,job,2024-05-13 18:00:00
TS-000468,TECH-0020,JOB-000417,2024-05-13,1.31,job,2024-05-13 18:01:00
TS-000469,TECH-0003,JOB-000418,2023-03-03,1.15,job,2023-03-03 18:00:00
TS-000470,TECH-0003,JOB-000419,2023-03-03,0.63,job,2023-03-03 18:00:00
TS-000471,TECH-0003,JOB-000420,2023-03-03,2.1,job,2023-03-03 18:00:00
TS-000472,TECH-0008,JOB-000421,2025-01-14,0.48,job,2025-01-14 18:00:00
TS-000473,TECH-0008,JOB-000421,2025-01-14,0.67,job,2025-01-14 18:01:00
TS-000474,TECH-0008,JOB-000422,2025-01-14,1.85,job,2025-01-14 18:00:00
TS-000475,TECH-0012,JOB-000423,2023-08-15,1.72,job,2023-08-15 18:00:00
TS-000476,TECH-0012,JOB-000424,2023-08-15,1.42,job,2023-08-15 18:00:00
TS-000477,TECH-0012,JOB-000426,2023-08-15,0.98,job,2023-08-15 18:00:00
TS-000478,TECH-0012,JOB-000427,2023-08-15,0.72,job,2023-08-15 18:00:00
TS-000479,TECH-0026,JOB-000428,2025-04-07,0.57,job,2025-04-07 18:00:00
TS-000480,TECH-0026,JOB-000429,2025-04-07,0.37,job,2025-04-07 18:00:00
TS-000481,TECH-0009,JOB-000430,2023-08-08,0.72,job,2023-08-08 18:00:00
TS-000482,TECH-0009,JOB-000431,2023-08-08,0.41,job,2023-08-08 18:00:00
TS-000483,TECH-0009,JOB-000431,2023-08-08,0.27,job,2023-08-08 18:01:00
TS-000484,TECH-0008,JOB-000432,2025-03-14,1.7,job,2025-03-14 18:00:00
TS-000485,TECH-0008,JOB-000433,2025-03-14,0.43,job,2025-03-14 18:00:00
TS-000486,TECH-0008,JOB-000434,2025-03-14,0.2,job,2025-03-14 18:00:00
TS-000487,TECH-0008,JOB-000434,2025-03-14,0.31,job,2025-03-14 18:01:00
TS-000488,TECH-0009,JOB-000435,2025-06-09,0.8,job,2025-06-09 18:00:00
TS-000489,TECH-0009,JOB-000436,2025-06-09,0.93,job,2025-06-09 18:00:00
TS-000490,TECH-0009,JOB-000436,2025-06-09,0.93,job,2025-06-09 18:45:00
TS-000491,TECH-9999,JOB-000437,2025-06-09,1.48,job,2025-06-09 18:00:00
TS-000492,TECH-0011,JOB-000438,2024-07-08,0.7,job,2024-07-08 18:00:00
TS-000493,TECH-0011,JOB-000439,2024-07-08,1.0,job,2024-07-08 18:00:00
TS-000494,TECH-0011,JOB-000440,2024-07-08,1.98,job,2024-07-08 18:00:00
TS-000495,TECH-0005,JOB-000441,2023-05-05,2.15,job,2023-05-05 18:00:00
TS-000496,TECH-0005,JOB-000442,2023-05-05,0.67,job,2023-05-05 18:00:00
TS-000497,TECH-0005,JOB-000442,2023-05-05,0.51,job,2023-05-05 18:01:00
TS-000498,TECH-0005,JOB-000443,2023-05-05,1.0,job,2023-05-05 18:00:00
TS-000499,TECH-0005,JOB-000444,2023-05-05,2.08,job,2023-05-05 18:00:00
TS-000500,TECH-0005,JOB-000445,2023-05-05,0.78,job,2023-05-05 18:00:00
TS-000501,TECH-0025,JOB-000446,2023-02-07,2.33,job,2023-02-07 18:00:00
TS-000502,TECH-0025,JOB-000447,2023-02-07,2.07,job,2023-02-07 18:00:00
TS-000503,TECH-0025,JOB-000448,2023-02-07,2.2,job,2023-02-07 18:00:00
TS-000504,TECH-0025,JOB-000449,2023-02-07,1.95,job,2023-02-07 18:00:00
TS-000505,TECH-0016,JOB-000450,2023-03-02,0.53,job,2023-03-02 18:00:00
TS-000506,TECH-0016,JOB-000451,2023-03-02,0.3,job,2023-03-02 18:00:00
TS-000507,TECH-0016,JOB-000451,2023-03-02,0.25,job,2023-03-02 18:01:00
TS-000508,TECH-0016,JOB-000452,2023-03-02,0.9,job,2023-03-02 18:00:00
TS-000509,TECH-0010,JOB-000453,2024-04-09,1.87,job,2024-04-09 18:00:00
TS-000510,TECH-0010,JOB-000454,2024-04-09,1.05,job,2024-04-09 18:00:00
TS-000511,TECH-0010,JOB-000455,2024-04-09,2.23,job,2024-04-09 18:00:00
TS-000512,TECH-0017,JOB-000456,2025-02-18,2.35,job,2025-02-18 18:00:00
TS-000513,TECH-0017,JOB-000457,2025-02-18,1.22,job,2025-02-18 18:00:00
TS-000514,TECH-0023,JOB-000458,2024-03-04,1.08,job,2024-03-04 18:00:00
TS-000515,TECH-0023,JOB-000459,2024-03-04,1.87,job,2024-03-04 18:00:00
TS-000516,TECH-0023,JOB-000460,2024-03-04,2.33,job,2024-03-04 18:00:00
TS-000517,TECH-0023,JOB-000461,2024-03-04,0.7,job,2024-03-04 18:00:00
TS-000518,TECH-0023,JOB-000463,2024-05-22,0.82,job,2024-05-22 18:00:00
TS-000519,TECH-0023,JOB-000463,2024-05-22,1.27,job,2024-05-22 18:01:00
TS-000520,TECH-0023,JOB-000464,2024-05-22,1.63,job,2024-05-22 18:00:00
TS-000521,TECH-0012,JOB-000465,2024-04-30,0.98,job,2024-04-30 18:00:00
TS-000522,TECH-0012,JOB-000466,2024-04-30,1.67,job,2024-04-30 18:00:00
TS-000523,TECH-0012,JOB-000467,2024-04-30,1.52,job,2024-04-30 18:00:00
TS-000524,TECH-0012,JOB-000468,2024-04-30,0.59,job,2024-04-30 18:00:00
TS-000525,TECH-0012,JOB-000468,2024-04-30,1.05,job,2024-04-30 18:01:00
TS-000526,TECH-0012,JOB-000469,2024-04-30,0.83,job,2024-04-30 18:00:00
TS-000527,TECH-0012,JOB-000469,2024-04-30,0.78,job,2024-04-30 18:01:00
TS-000528,TECH-0029,JOB-000470,2024-11-22,1.65,job,2024-11-22 18:00:00
TS-000529,TECH-0029,JOB-000471,2024-11-22,2.28,job,2024-11-22 18:00:00
TS-000530,TECH-0029,JOB-000472,2024-11-22,0.52,job,2024-11-22 18:00:00
TS-000531,TECH-0012,JOB-000473,2023-10-16,2.2,job,2023-10-16 18:00:00
TS-000532,TECH-0012,JOB-000474,2023-10-16,1.68,job,2023-10-16 18:00:00
TS-000533,TECH-0012,JOB-000475,2023-10-16,0.52,job,2023-10-16 18:00:00
TS-000534,TECH-0012,JOB-000475,2023-10-16,0.36,job,2023-10-16 18:01:00
TS-000535,TECH-0021,JOB-000476,2025-06-20,0.67,job,2025-06-20 18:00:00
TS-000536,TECH-0021,JOB-000477,2025-06-20,2.32,job,2025-06-20 18:00:00
TS-000537,TECH-0021,JOB-000478,2025-06-20,1.73,job,2025-06-20 18:00:00
TS-000538,TECH-0021,JOB-000479,2025-06-20,1.05,job,2025-06-20 18:00:00
TS-000539,TECH-0021,JOB-000480,2025-06-20,0.63,job,2025-06-20 18:00:00
TS-000540,TECH-0017,JOB-000481,2024-07-04,1.22,job,2024-07-04 18:00:00
TS-000541,TECH-0017,JOB-000481,2024-07-04,0.96,job,2024-07-04 18:01:00
TS-000542,TECH-0017,JOB-000482,2024-07-04,2.4,job,2024-07-04 18:00:00
TS-000543,TECH-0003,JOB-000483,2025-05-07,0.58,job,2025-05-07 18:00:00
TS-000544,TECH-0003,JOB-000484,2025-05-07,1.57,job,2025-05-07 18:00:00
TS-000545,TECH-0015,JOB-000485,2024-05-08,0.58,job,2024-05-08 18:00:00
TS-000546,TECH-0015,JOB-000486,2024-05-08,1.33,job,2024-05-08 18:00:00
TS-000547,TECH-9999,JOB-000487,2023-09-27,0.87,job,2023-09-27 18:00:00
TS-000548,TECH-0005,JOB-000488,2023-09-27,2.1,job,2023-09-27 18:00:00
TS-000549,TECH-0005,JOB-000488,2023-09-27,2.1,job,2023-09-27 18:45:00
TS-000550,TECH-0005,JOB-000489,2023-09-27,0.9,job,2023-09-27 18:00:00
TS-000551,TECH-0005,JOB-000489,2023-09-27,1.35,job,2023-09-27 18:01:00
TS-000552,TECH-0005,JOB-000490,2023-09-27,2.08,job,2023-09-27 18:00:00
TS-000553,TECH-0005,JOB-000491,2023-09-27,0.67,job,2023-09-27 18:00:00
TS-000554,TECH-0019,JOB-000492,2025-05-23,0.65,job,2025-05-23 18:00:00
TS-000555,TECH-0019,JOB-000493,2025-05-23,1.5,job,2025-05-23 18:00:00
TS-000556,TECH-0019,JOB-000493,2025-05-23,0.84,job,2025-05-23 18:01:00
TS-000557,TECH-0027,JOB-000494,2024-03-12,2.93,job,2024-03-12 18:00:00
TS-000558,TECH-0011,JOB-000495,2024-11-26,1.68,job,2024-11-26 18:00:00
TS-000559,TECH-0001,JOB-000496,2023-06-09,1.23,job,2023-06-09 18:00:00
TS-000560,TECH-0028,JOB-000498,2024-07-03,2.95,job,2024-07-03 18:00:00
TS-000561,TECH-0024,JOB-000499,2024-01-15,1.78,job,2024-01-15 18:00:00
TS-000562,TECH-0014,JOB-000500,2024-07-12,0.55,job,2024-07-12 18:00:00
TS-000563,TECH-0014,JOB-000501,2024-03-28,2.33,job,2024-03-28 18:00:00
TS-000564,TECH-0012,JOB-000502,2024-01-23,2.47,job,2024-01-23 18:00:00
TS-000565,TECH-0012,JOB-000502,2024-01-23,2.47,job,2024-01-23 18:45:00
TS-000566,TECH-0019,JOB-000503,2024-04-29,0.78,job,2024-04-29 18:00:00
TS-000567,TECH-0013,JOB-000504,2023-11-10,0.88,job,2023-11-10 18:00:00
TS-000568,TECH-0023,JOB-000505,2023-06-23,2.9,job,2023-06-23 18:00:00
TS-000569,TECH-0010,JOB-000506,2024-02-27,1.67,job,2024-02-27 18:00:00
TS-000570,TECH-0010,JOB-000507,2023-08-21,1.92,job,2023-08-21 18:00:00
TS-000571,TECH-0006,JOB-000508,2024-09-24,2.17,job,2024-09-24 18:00:00
TS-000572,TECH-0005,JOB-000509,2025-02-13,2.38,job,2025-02-13 18:00:00
TS-000573,TECH-0005,JOB-000509,2025-02-13,2.38,job,2025-02-13 18:45:00
TS-000574,TECH-0003,JOB-000510,2023-04-12,0.5,job,2023-04-12 18:00:00
TS-000575,TECH-0026,JOB-000511,2024-04-17,2.58,job,2024-04-17 18:00:00
TS-000576,TECH-0026,JOB-000511,2024-04-17,2.58,job,2024-04-17 18:45:00
TS-000577,TECH-0020,JOB-000512,2023-11-21,2.55,job,2023-11-21 18:00:00
TS-000578,TECH-0030,JOB-000514,2024-10-21,2.13,job,2024-10-21 18:00:00
TS-000579,TECH-0024,JOB-000515,2024-05-29,1.3,job,2024-05-29 18:00:00
TS-000580,TECH-0027,JOB-000516,2025-04-30,1.8,job,2025-04-30 18:00:00
TS-000581,TECH-0001,JOB-000517,2023-02-22,2.22,job,2023-02-22 18:00:00
TS-000582,TECH-0025,JOB-000518,2025-02-07,1.1,job,2025-02-07 18:00:00
TS-000583,TECH-0023,JOB-000519,2023-03-07,1.8,job,2023-03-07 18:00:00
TS-000584,TECH-0030,JOB-000520,2025-04-28,1.43,job,2025-04-28 18:00:00
TS-000585,TECH-0012,JOB-000521,2023-06-22,0.68,job,2023-06-22 18:00:00
TS-000586,TECH-0005,JOB-000522,2024-08-19,2.97,job,2024-08-19 18:00:00
TS-000587,TECH-0028,JOB-000523,2023-08-15,0.42,job,2023-08-15 18:00:00
TS-000588,TECH-0028,JOB-000523,2023-08-15,0.42,job,2023-08-15 18:45:00
TS-000589,TECH-0028,JOB-000523,2023-08-15,0.45,job,2023-08-15 18:01:00
TS-000590,TECH-0015,JOB-000524,2024-11-13,2.42,job,2024-11-13 18:00:00
TS-000591,TECH-0023,JOB-000525,2023-09-15,1.98,job,2023-09-15 18:00:00
TS-000592,TECH-0019,JOB-000526,2023-05-17,1.38,job,2023-05-17 18:00:00
TS-000593,TECH-0025,JOB-000527,2024-11-11,0.38,job,2024-11-11 18:00:00
TS-000594,TECH-0025,JOB-000527,2024-11-11,0.34,job,2024-11-11 18:01:00
TS-000595,TECH-0015,JOB-000528,2023-12-27,2.78,job,2023-12-27 18:00:00
TS-000596,TECH-0003,JOB-000529,2023-12-04,1.88,job,2023-12-04 18:00:00
TS-000597,TECH-0009,JOB-000530,2024-08-14,2.98,job,2024-08-14 18:00:00
TS-000598,TECH-0023,JOB-000531,2024-10-14,1.32,job,2024-10-14 18:00:00
TS-000599,TECH-0005,JOB-000532,2023-02-15,2.45,job,2023-02-15 18:00:00
TS-000600,TECH-0009,JOB-000533,2024-02-28,0.89,job,2024-02-28 18:00:00
TS-000601,TECH-0009,JOB-000533,2024-02-28,0.58,job,2024-02-28 18:01:00
TS-000602,TECH-0021,JOB-000534,2024-11-08,1.55,job,2024-11-08 18:00:00
TS-000603,TECH-0021,JOB-000535,2023-08-02,2.5,job,2023-08-02 18:00:00
TS-000604,TECH-0015,JOB-000536,2025-01-30,0.92,job,2025-01-30 18:00:00
TS-000605,TECH-0026,JOB-000537,2024-08-06,0.88,job,2024-08-06 18:00:00
TS-000606,TECH-0026,JOB-000537,2024-08-06,0.88,job,2024-08-06 18:45:00
TS-000607,TECH-0021,JOB-000538,2025-04-16,2.22,job,2025-04-16 18:00:00
TS-000608,TECH-0001,,2025-05-02,0.67,training,2025-05-02 18:30:00
TS-000609,TECH-0029,,2023-10-05,0.81,training,2023-10-05 18:30:00
TS-000610,TECH-0019,,2024-01-03,1.55,admin,2024-01-03 18:30:00
TS-000611,TECH-0027,,2025-06-09,0.96,admin,2025-06-09 18:30:00
TS-000612,TECH-0005,,2023-03-06,0.82,travel,2023-03-06 18:30:00
TS-000613,TECH-0021,,2024-09-17,2.9,training,2024-09-17 18:30:00
TS-000614,TECH-0028,,2024-05-28,1.96,admin,2024-05-28 18:30:00
TS-000615,TECH-0020,,2023-07-28,1.67,travel,2023-07-28 18:30:00
TS-000616,TECH-0023,,2024-05-07,1.42,admin,2024-05-07 18:30:00
TS-000617,TECH-0001,,2025-01-13,2.14,training,2025-01-13 18:30:00
TS-000618,TECH-0005,,2023-03-23,1.77,travel,2023-03-23 18:30:00
TS-000619,TECH-0030,,2025-03-12,1.56,travel,2025-03-12 18:30:00
TS-000620,TECH-0008,,2023-10-16,2.77,training,2023-10-16 18:30:00
TS-000621,TECH-0029,,2023-04-10,0.97,admin,2023-04-10 18:30:00
TS-000622,TECH-0017,,2024-10-31,2.23,training,2024-10-31 18:30:00
TS-000623,TECH-0021,,2025-03-21,2.04,admin,2025-03-21 18:30:00
TS-000624,TECH-0015,,2024-04-16,0.76,travel,2024-04-16 18:30:00
TS-000625,TECH-0029,,2023-03-02,1.05,admin,2023-03-02 18:30:00
TS-000626,TECH-0001,,2023-11-16,1.08,training,2023-11-16 18:30:00
TS-000627,TECH-0023,,2023-11-02,1.7,travel,2023-11-02 18:30:00
TS-000628,TECH-0028,,2024-04-19,1.44,training,2024-04-19 18:30:00
TS-000629,TECH-0014,,2023-09-21,1.41,travel,2023-09-21 18:30:00
TS-000630,TECH-0003,,2024-05-28,1.89,travel,2024-05-28 18:30:00
TS-000631,TECH-0005,,2024-02-21,0.99,admin,2024-02-21 18:30:00
TS-000632,TECH-0021,,2024-05-30,2.94,travel,2024-05-30 18:30:00
TS-000633,TECH-0008,,2023-10-11,0.94,admin,2023-10-11 18:30:00
TS-000634,TECH-0010,,2023-09-07,2.62,admin,2023-09-07 18:30:00
TS-000635,TECH-0009,,2023-09-13,0.55,travel,2023-09-13 18:30:00
TS-000636,TECH-0030,,2024-01-11,0.55,travel,2024-01-11 18:30:00
TS-000637,TECH-0025,,2023-07-17,2.14,admin,2023-07-17 18:30:00
TS-000638,TECH-0004,,2024-04-30,1.26,travel,2024-04-30 18:30:00
TS-000639,TECH-0009,,2024-06-13,2.15,admin,2024-06-13 18:30:00
TS-000640,TECH-0019,,2025-06-12,2.7,admin,2025-06-12 18:30:00
TS-000641,TECH-0003,,2023-06-20,2.71,travel,2023-06-20 18:30:00
TS-000642,TECH-0005,,2023-09-29,1.83,travel,2023-09-29 18:30:00
TS-000643,TECH-0026,,2024-06-20,2.0,admin,2024-06-20 18:30:00
TS-000644,TECH-0024,,2023-12-18,2.41,travel,2023-12-18 18:30:00
TS-000645,TECH-0021,,2023-09-28,1.24,training,2023-09-28 18:30:00
TS-000646,TECH-0005,,2024-04-15,0.63,travel,2024-04-15 18:30:00
TS-000647,TECH-0029,,2024-02-06,2.63,travel,2024-02-06 18:30:00
TS-000648,TECH-0021,,2024-12-02,2.32,travel,2024-12-02 18:30:00
TS-000649,TECH-0029,,2024-11-05,2.04,training,2024-11-05 18:30:00
TS-000650,TECH-0006,,2024-12-30,2.38,admin,2024-12-30 18:30:00
TS-000651,TECH-0024,,2024-12-31,1.75,admin,2024-12-31 18:30:00
TS-000652,TECH-0016,,2023-09-14,2.28,admin,2023-09-14 18:30:00
TS-000653,TECH-0019,,2024-11-22,2.89,training,2024-11-22 18:30:00
TS-000654,TECH-0017,,2024-01-19,1.5,training,2024-01-19 18:30:00
TS-000655,TECH-0029,,2025-04-16,0.59,training,2025-04-16 18:30:00
TS-000656,TECH-0009,,2023-10-18,2.66,admin,2023-10-18 18:30:00
TS-000657,TECH-0014,,2023-11-09,1.56,admin,2023-11-09 18:30:00
TS-000658,TECH-0014,,2025-03-31,2.84,travel,2025-03-31 18:30:00
TS-000659,TECH-0013,,2024-01-01,0.71,training,2024-01-01 18:30:00
TS-000660,TECH-0028,,2023-05-02,1.61,admin,2023-05-02 18:30:00
TS-000661,TECH-0013,,2023-11-27,0.6,training,2023-11-27 18:30:00
TS-000662,TECH-0019,,2025-06-10,1.57,admin,2025-06-10 18:30:00
TS-000663,TECH-0016,,2024-09-11,1.42,admin,2024-09-11 18:30:00
TS-000664,TECH-0017,,2024-03-29,1.46,admin,2024-03-29 18:30:00
TS-000665,TECH-0006,,2024-09-25,1.16,travel,2024-09-25 18:30:00
TS-000666,TECH-0003,,2024-05-29,1.24,travel,2024-05-29 18:30:00
TS-000667,TECH-0019,,2025-01-06,2.11,training,2025-01-06 18:30:00
TS-000668,TECH-0029,,2024-02-01,0.75,travel,2024-02-01 18:30:00
TS-000669,TECH-0003,,2024-05-30,1.87,travel,2024-05-30 18:30:00
TS-000670,TECH-0012,,2023-10-10,1.32,training,2023-10-10 18:30:00
TS-000671,TECH-0011,,2024-01-30,2.26,travel,2024-01-30 18:30:00
TS-000672,TECH-0005,,2025-02-18,0.52,admin,2025-02-18 18:30:00
TS-000673,TECH-0011,,2024-02-08,2.46,admin,2024-02-08 18:30:00
TS-000674,TECH-0014,,2024-08-05,2.39,training,2024-08-05 18:30:00
TS-000675,TECH-0001,,2024-11-07,1.78,training,2024-11-07 18:30:00
TS-000676,TECH-0028,,2023-08-02,1.07,admin,2023-08-02 18:30:00
TS-000677,TECH-0027,,2023-10-27,1.08,admin,2023-10-27 18:30:00
TS-000678,TECH-0021,,2025-03-03,2.31,admin,2025-03-03 18:30:00
TS-000679,TECH-0016,,2024-05-02,1.28,travel,2024-05-02 18:30:00
TS-000680,TECH-0008,,2024-09-06,1.54,training,2024-09-06 18:30:00
TS-000681,TECH-0016,,2024-10-07,0.58,training,2024-10-07 18:30:00
TS-000682,TECH-0005,,2025-04-08,1.26,travel,2025-04-08 18:30:00
TS-000683,TECH-0027,,2023-01-13,2.53,admin,2023-01-13 18:30:00
TS-000684,TECH-0030,,2024-05-23,1.06,admin,2024-05-23 18:30:00
TS-000685,TECH-0015,,2024-08-01,1.84,training,2024-08-01 18:30:00
TS-000686,TECH-0012,,2025-04-22,1.92,travel,2025-04-22 18:30:00
TS-000687,TECH-0002,,2023-07-19,2.94,travel,2023-07-19 18:30:00
TS-000688,TECH-0012,,2025-03-25,2.5,training,2025-03-25 18:30:00
TS-000689,TECH-0023,,2025-04-02,2.95,admin,2025-04-02 18:30:00
TS-000690,TECH-0008,,2024-07-15,1.84,travel,2024-07-15 18:30:00
TS-000691,TECH-0008,,2024-11-12,1.32,travel,2024-11-12 18:30:00
TS-000692,TECH-0016,,2024-03-12,0.93,travel,2024-03-12 18:30:00
TS-000693,TECH-0025,,2025-03-04,0.58,travel,2025-03-04 18:30:00
TS-000694,TECH-0026,,2025-05-14,0.57,admin,2025-05-14 18:30:00
TS-000695,TECH-0008,,2023-04-11,1.21,admin,2023-04-11 18:30:00
TS-000696,TECH-0009,,2024-02-22,1.81,training,2024-02-22 18:30:00
TS-000697,TECH-0016,,2023-03-23,1.8,admin,2023-03-23 18:30:00
TS-000698,TECH-0006,,2024-04-12,1.48,admin,2024-04-12 18:30:00
TS-000699,TECH-0004,,2023-07-05,1.55,training,2023-07-05 18:30:00
TS-000700,TECH-0027,,2023-04-10,2.89,admin,2023-04-10 18:30:00
TS-000701,TECH-0008,,2023-07-06,1.27,travel,2023-07-06 18:30:00
TS-000702,TECH-0030,,2024-11-12,2.01,travel,2024-11-12 18:30:00
TS-000703,TECH-0011,,2025-04-22,1.76,travel,2025-04-22 18:30:00
TS-000704,TECH-0025,,2024-10-18,1.0,admin,2024-10-18 18:30:00
TS-000705,TECH-0005,,2024-10-01,2.56,travel,2024-10-01 18:30:00
TS-000706,TECH-0023,,2023-12-20,1.32,training,2023-12-20 18:30:00
TS-000707,TECH-0021,,2024-12-04,1.66,admin,2024-12-04 18:30:00
TS-000708,TECH-0002,,2023-05-11,2.12,admin,2023-05-11 18:30:00
TS-000709,TECH-0016,,2024-05-13,2.61,training,2024-05-13 18:30:00
TS-000710,TECH-0029,,2024-03-01,2.03,admin,2024-03-01 18:30:00
TS-000711,TECH-0029,,2023-09-08,1.12,admin,2023-09-08 18:30:00
TS-000712,TECH-0023,,2024-09-11,1.46,admin,2024-09-11 18:30:00
TS-000713,TECH-0025,,2023-09-20,1.92,training,2023-09-20 18:30:00
TS-000714,TECH-0014,,2023-03-03,2.71,travel,2023-03-03 18:30:00
TS-000715,TECH-0006,,2024-01-29,1.84,training,2024-01-29 18:30:00
TS-000716,TECH-0025,,2023-04-06,2.32,training,2023-04-06 18:30:00
TS-000717,TECH-0008,,2024-12-09,2.98,admin,2024-12-09 18:30:00
TS-000718,TECH-0020,,2023-06-23,0.69,admin,2023-06-23 18:30:00
TS-000719,TECH-0004,,2024-12-24,1.53,admin,2024-12-24 18:30:00
TS-000720,TECH-0006,,2023-12-28,1.77,travel,2023-12-28 18:30:00
TS-000721,TECH-0016,,2023-02-08,2.1,travel,2023-02-08 18:30:00
TS-000722,TECH-0025,,2024-10-23,1.36,admin,2024-10-23 18:30:00
TS-000723,TECH-0014,,2023-10-06,0.59,admin,2023-10-06 18:30:00
TS-000724,TECH-0010,,2023-06-14,2.79,training,2023-06-14 18:30:00
TS-000725,TECH-0012,,2024-10-28,1.65,admin,2024-10-28 18:30:00
TS-000726,TECH-0003,,2025-02-25,1.11,training,2025-02-25 18:30:00
TS-000727,TECH-0016,,2023-07-20,2.55,admin,2023-07-20 18:30:00
TS-000728,TECH-0030,,2023-08-21,2.6,travel,2023-08-21 18:30:00
TS-000729,TECH-0023,,2023-05-24,1.24,travel,2023-05-24 18:30:00
TS-000730,TECH-0020,,2024-07-15,0.69,travel,2024-07-15 18:30:00
TS-000731,TECH-0028,,2023-01-17,1.18,training,2023-01-17 18:30:00
TS-000732,TECH-0016,,2024-05-28,1.04,travel,2024-05-28 18:30:00
TS-000733,TECH-0002,,2025-02-03,1.61,travel,2025-02-03 18:30:00
TS-000734,TECH-0002,,2025-06-30,2.1,training,2025-06-30 18:30:00
TS-000735,TECH-0026,,2023-05-29,2.23,admin,2023-05-29 18:30:00
TS-000736,TECH-0016,,2023-03-16,0.51,training,2023-03-16 18:30:00
TS-000737,TECH-0028,,2024-06-25,2.82,travel,2024-06-25 18:30:00
TS-000738,TECH-0013,,2023-12-08,0.73,travel,2023-12-08 18:30:00
TS-000739,TECH-0015,,2023-02-09,1.34,travel,2023-02-09 18:30:00
TS-000740,TECH-0008,,2023-03-31,2.9,travel,2023-03-31 18:30:00
TS-000741,TECH-0004,,2023-08-29,0.92,training,2023-08-29 18:30:00
TS-000742,TECH-0015,,2025-01-03,2.54,travel,2025-01-03 18:30:00
TS-000743,TECH-0012,,2025-03-17,0.97,training,2025-03-17 18:30:00
TS-000744,TECH-0008,,2025-02-14,2.85,admin,2025-02-14 18:30:00
TS-000745,TECH-0004,,2023-11-29,0.76,travel,2023-11-29 18:30:00
TS-000746,TECH-0012,,2023-09-06,1.51,travel,2023-09-06 18:30:00
TS-000747,TECH-0012,,2023-01-18,1.03,admin,2023-01-18 18:30:00
TS-000748,TECH-0009,,2023-04-05,2.54,training,2023-04-05 18:30:00
TS-000749,TECH-0024,,2025-06-12,0.61,admin,2025-06-12 18:30:00
TS-000750,TECH-0008,,2024-08-12,2.42,admin,2024-08-12 18:30:00
TS-000751,TECH-0017,,2023-05-26,1.84,training,2023-05-26 18:30:00
TS-000752,TECH-0021,,2023-09-04,2.9,admin,2023-09-04 18:30:00
TS-000753,TECH-0023,,2024-04-10,2.24,training,2024-04-10 18:30:00
TS-000754,TECH-0025,,2023-07-11,0.94,admin,2023-07-11 18:30:00
TS-000755,TECH-0028,,2024-04-01,1.71,training,2024-04-01 18:30:00
TS-000756,TECH-0012,,2023-01-26,2.78,training,2023-01-26 18:30:00
TS-000757,TECH-0016,,2024-07-02,2.1,training,2024-07-02 18:30:00
TS-000758,TECH-0009,,2024-12-23,2.26,training,2024-12-23 18:30:00
TS-000759,TECH-0001,,2023-11-30,2.04,travel,2023-11-30 18:30:00
TS-000760,TECH-0004,,2024-03-19,2.34,travel,2024-03-19 18:30:00
TS-000761,TECH-0028,,2023-12-15,0.7,training,2023-12-15 18:30:00
TS-000762,TECH-0005,,2024-06-20,1.24,admin,2024-06-20 18:30:00
TS-000763,TECH-0005,,2024-06-21,2.11,travel,2024-06-21 18:30:00
TS-000764,TECH-0009,,2025-05-07,2.35,admin,2025-05-07 18:30:00
TS-000765,TECH-0012,,2023-07-12,1.29,admin,2023-07-12 18:30:00
TS-000766,TECH-0029,,2023-02-27,2.48,training,2023-02-27 18:30:00
TS-000767,TECH-0015,,2024-02-19,1.07,travel,2024-02-19 18:30:00
TS-000768,TECH-0027,,2024-04-19,1.11,admin,2024-04-19 18:30:00
TS-000769,TECH-0020,,2023-03-20,2.97,training,2023-03-20 18:30:00
TS-000770,TECH-0029,,2023-11-15,2.68,training,2023-11-15 18:30:00
TS-000771,TECH-0019,,2024-04-05,1.61,travel,2024-04-05 18:30:00
TS-000772,TECH-0001,,2023-04-04,0.67,admin,2023-04-04 18:30:00
TS-000773,TECH-0008,,2023-03-16,2.98,training,2023-03-16 18:30:00
TS-000774,TECH-0008,,2023-06-29,0.93,travel,2023-06-29 18:30:00
TS-000775,TECH-0020,,2023-10-20,1.77,travel,2023-10-20 18:30:00
TS-000776,TECH-0015,,2024-10-31,0.91,admin,2024-10-31 18:30:00
TS-000777,TECH-0008,,2023-12-18,0.94,admin,2023-12-18 18:30:00
TS-000778,TECH-0009,,2024-03-11,1.94,admin,2024-03-11 18:30:00
TS-000779,TECH-0024,,2023-10-17,2.66,admin,2023-10-17 18:30:00
TS-000780,TECH-0017,,2023-04-25,1.5,admin,2023-04-25 18:30:00
TS-000781,TECH-0006,,2024-11-06,1.56,admin,2024-11-06 18:30:00
TS-000782,TECH-0023,,2024-09-12,2.55,travel,2024-09-12 18:30:00
TS-000783,TECH-0029,,2024-11-21,2.4,travel,2024-11-21 18:30:00
TS-000784,TECH-0015,,2023-05-01,1.99,admin,2023-05-01 18:30:00
TS-000785,TECH-0005,,2025-03-04,0.94,training,2025-03-04 18:30:00
TS-000786,TECH-0014,,2024-10-25,1.63,admin,2024-10-25 18:30:00
TS-000787,TECH-0014,,2025-03-17,1.7,training,2025-03-17 18:30:00
TS-000788,TECH-0012,,2023-07-14,1.67,training,2023-07-14 18:30:00
TS-000789,TECH-0005,,2023-09-29,0.53,travel,2023-09-29 18:30:00
TS-000790,TECH-0019,,2024-06-20,1.51,admin,2024-06-20 18:30:00
TS-000791,TECH-0015,,2024-07-19,1.43,training,2024-07-19 18:30:00
TS-000792,TECH-0017,,2024-03-18,2.97,training,2024-03-18 18:30:00
TS-000793,TECH-0003,,2024-08-08,2.98,travel,2024-08-08 18:30:00
TS-000794,TECH-0004,,2024-07-05,0.91,training,2024-07-05 18:30:00
TS-000795,TECH-0028,,2024-09-17,2.43,admin,2024-09-17 18:30:00
TS-000796,TECH-0028,,2024-05-14,2.27,training,2024-05-14 18:30:00
TS-000797,TECH-0024,,2024-06-12,0.64,training,2024-06-12 18:30:00
TS-000798,TECH-0014,,2024-08-30,1.12,training,2024-08-30 18:30:00
TS-000799,TECH-0017,,2023-02-20,2.08,admin,2023-02-20 18:30:00
TS-000800,TECH-0025,,2023-02-09,2.16,training,2023-02-09 18:30:00
TS-000801,TECH-0005,,2024-01-10,1.64,training,2024-01-10 18:30:00
TS-000802,TECH-0025,,2023-07-31,1.12,admin,2023-07-31 18:30:00
TS-000803,TECH-0021,,2023-08-21,0.79,travel,2023-08-21 18:30:00
TS-000804,TECH-0003,,2024-07-04,2.27,admin,2024-07-04 18:30:00
TS-000805,TECH-0003,,2025-01-13,2.69,travel,2025-01-13 18:30:00
TS-000806,TECH-0006,,2024-09-04,2.23,admin,2024-09-04 18:30:00
TS-000807,TECH-0019,,2025-02-03,2.72,training,2025-02-03 18:30:00
TS-000808,TECH-0021,,2024-03-18,1.53,training,2024-03-18 18:30:00
TS-000809,TECH-0027,,2023-05-09,2.09,travel,2023-05-09 18:30:00
TS-000810,TECH-0028,,2024-05-08,1.17,travel,2024-05-08 18:30:00
TS-000811,TECH-0008,,2024-07-24,1.27,training,2024-07-24 18:30:00
TS-000812,TECH-0006,,2024-12-05,0.74,travel,2024-12-05 18:30:00
TS-000813,TECH-0028,,2024-08-21,1.54,training,2024-08-21 18:30:00
TS-000814,TECH-0011,,2024-09-10,0.94,travel,2024-09-10 18:30:00
TS-000815,TECH-0006,,2023-07-12,1.72,travel,2023-07-12 18:30:00
TS-000816,TECH-0019,,2023-06-07,1.92,admin,2023-06-07 18:30:00
TS-000817,TECH-0008,,2023-09-25,0.65,travel,2023-09-25 18:30:00
TS-000818,TECH-0006,,2023-10-03,2.96,admin,2023-10-03 18:30:00
TS-000819,TECH-0015,,2024-09-24,2.78,training,2024-09-24 18:30:00
TS-000820,TECH-0004,,2023-08-28,1.23,travel,2023-08-28 18:30:00
TS-000821,TECH-0014,,2023-06-28,0.66,admin,2023-06-28 18:30:00
TS-000822,TECH-0001,,2025-04-18,1.69,travel,2025-04-18 18:30:00
TS-000823,TECH-0025,,2023-05-25,0.65,travel,2023-05-25 18:30:00
TS-000824,TECH-0028,,2023-01-11,1.96,training,2023-01-11 18:30:00
TS-000825,TECH-0002,,2023-05-19,1.81,travel,2023-05-19 18:30:00
TS-000826,TECH-0001,,2024-06-21,1.8,training,2024-06-21 18:30:00
TS-000827,TECH-0028,,2024-01-17,1.68,admin,2024-01-17 18:30:00
TS-000828,TECH-0012,,2025-05-15,1.34,admin,2025-05-15 18:30:00
TS-000829,TECH-0025,,2024-05-07,2.54,admin,2024-05-07 18:30:00
TS-000830,TECH-0013,,2024-07-25,2.03,admin,2024-07-25 18:30:00
TS-000831,TECH-0013,,2024-04-18,0.51,travel,2024-04-18 18:30:00
TS-000832,TECH-0026,,2024-07-30,2.59,training,2024-07-30 18:30:00
TS-000833,TECH-0005,,2023-02-07,0.81,training,2023-02-07 18:30:00
TS-000834,TECH-0019,,2024-02-06,2.38,training,2024-02-06 18:30:00
TS-000835,TECH-0009,,2024-06-12,2.05,admin,2024-06-12 18:30:00
TS-000836,TECH-0025,,2024-11-12,1.53,training,2024-11-12 18:30:00
TS-000837,TECH-0008,,2023-01-05,2.89,training,2023-01-05 18:30:00
TS-000838,TECH-0030,,2024-04-05,2.08,travel,2024-04-05 18:30:00
TS-000839,TECH-0002,,2024-04-11,1.61,training,2024-04-11 18:30:00
TS-000840,TECH-0023,,2024-11-26,2.35,admin,2024-11-26 18:30:00
TS-000841,TECH-0029,,2023-04-27,1.57,admin,2023-04-27 18:30:00
TS-000842,TECH-0017,,2023-05-24,1.46,training,2023-05-24 18:30:00
TS-000843,TECH-0023,,2023-10-06,0.86,training,2023-10-06 18:30:00
TS-000844,TECH-0019,,2025-03-31,1.76,training,2025-03-31 18:30:00
TS-000845,TECH-0005,,2024-12-13,1.25,travel,2024-12-13 18:30:00
TS-000846,TECH-0025,,2025-02-25,0.92,admin,2025-02-25 18:30:00
TS-000847,TECH-0016,,2023-06-15,2.16,admin,2023-06-15 18:30:00
TS-000848,TECH-0009,,2023-12-15,0.93,travel,2023-12-15 18:30:00
TS-000849,TECH-0025,,2023-05-09,1.59,travel,2023-05-09 18:30:00
TS-000850,TECH-0026,,2023-02-10,2.82,travel,2023-02-10 18:30:00
TS-000851,TECH-0012,,2024-07-03,1.05,admin,2024-07-03 18:30:00
TS-000852,TECH-0010,,2024-11-13,0.81,training,2024-11-13 18:30:00
TS-000853,TECH-0005,,2025-02-05,2.31,training,2025-02-05 18:30:00
TS-000854,TECH-0003,,2024-04-22,2.83,travel,2024-04-22 18:30:00
TS-000855,TECH-0028,,2025-05-12,2.11,travel,2025-05-12 18:30:00
TS-000856,TECH-0014,,2024-07-01,2.11,training,2024-07-01 18:30:00
TS-000857,TECH-0020,,2024-09-18,1.06,travel,2024-09-18 18:30:00
TS-000858,TECH-0004,,2024-02-21,0.78,travel,2024-02-21 18:30:00
TS-000859,TECH-0012,,2025-04-29,2.36,travel,2025-04-29 18:30:00
TS-000860,TECH-0004,,2025-04-01,0.82,admin,2025-04-01 18:30:00
TS-000861,TECH-0012,,2024-06-28,2.34,training,2024-06-28 18:30:00
TS-000862,TECH-0011,,2023-03-30,1.84,training,2023-03-30 18:30:00
TS-000863,TECH-0014,,2024-08-29,2.43,admin,2024-08-29 18:30:00
TS-000864,TECH-0029,,2023-06-30,2.16,training,2023-06-30 18:30:00
TS-000865,TECH-0021,,2023-11-15,1.49,travel,2023-11-15 18:30:00
TS-000866,TECH-0020,,2024-10-22,0.86,admin,2024-10-22 18:30:00
TS-000867,TECH-0011,,2023-11-10,2.2,admin,2023-11-10 18:30:00
TS-000868,TECH-0005,,2025-05-12,0.86,admin,2025-05-12 18:30:00
TS-000869,TECH-0025,,2023-02-20,1.3,training,2023-02-20 18:30:00
TS-000870,TECH-0019,,2023-06-27,2.99,admin,2023-06-27 18:30:00
TS-000871,TECH-0026,,2025-04-02,2.08,admin,2025-04-02 18:30:00
TS-000872,TECH-0008,,2024-12-10,2.26,admin,2024-12-10 18:30:00
TS-000873,TECH-0014,,2023-03-27,0.88,admin,2023-03-27 18:30:00
TS-000874,TECH-0026,,2023-10-30,2.84,training,2023-10-30 18:30:00
TS-000875,TECH-0009,,2023-03-16,2.64,travel,2023-03-16 18:30:00
TS-000876,TECH-0027,,2024-07-16,2.96,admin,2024-07-16 18:30:00
TS-000877,TECH-0025,,2023-08-17,1.87,travel,2023-08-17 18:30:00
TS-000878,TECH-0012,,2024-08-28,1.68,training,2024-08-28 18:30:00
TS-000879,TECH-0013,,2024-07-15,0.68,admin,2024-07-15 18:30:00
TS-000880,TECH-0027,,2024-02-09,2.24,admin,2024-02-09 18:30:00
TS-000881,TECH-0008,,2025-02-25,0.74,admin,2025-02-25 18:30:00
TS-000882,TECH-0012,,2025-04-11,2.62,travel,2025-04-11 18:30:00
TS-000883,TECH-0026,,2024-03-12,2.14,admin,2024-03-12 18:30:00
TS-000884,TECH-0021,,2023-07-17,2.24,admin,2023-07-17 18:30:00
TS-000885,TECH-0011,,2023-07-27,1.05,travel,2023-07-27 18:30:00
TS-000886,TECH-0027,,2023-10-09,2.13,training,2023-10-09 18:30:00
TS-000887,TECH-0013,,2025-04-04,2.2,travel,2025-04-04 18:30:00
TS-000888,TECH-0005,,2024-06-24,2.2,admin,2024-06-24 18:30:00
TS-000889,TECH-0006,,2023-03-22,1.39,travel,2023-03-22 18:30:00
TS-000890,TECH-0017,,2023-09-14,0.79,travel,2023-09-14 18:30:00
TS-000891,TECH-0019,,2024-04-30,1.58,training,2024-04-30 18:30:00
TS-000892,TECH-0005,,2025-06-18,1.51,training,2025-06-18 18:30:00
TS-000893,TECH-0002,,2023-06-20,1.49,travel,2023-06-20 18:30:00
TS-000894,TECH-0011,,2025-05-05,2.13,travel,2025-05-05 18:30:00
TS-000895,TECH-0014,,2023-05-09,2.66,admin,2023-05-09 18:30:00
TS-000896,TECH-0024,,2024-07-02,2.08,admin,2024-07-02 18:30:00
TS-000897,TECH-0016,,2024-06-11,0.8,travel,2024-06-11 18:30:00
TS-000898,TECH-0003,,2023-06-23,2.1,admin,2023-06-23 18:30:00
TS-000899,TECH-0019,,2023-11-20,1.97,travel,2023-11-20 18:30:00
TS-000900,TECH-0021,,2024-11-19,2.23,admin,2024-11-19 18:30:00
TS-000901,TECH-0004,,2025-04-30,1.46,travel,2025-04-30 18:30:00
TS-000902,TECH-0024,,2024-09-13,1.93,admin,2024-09-13 18:30:00
TS-000903,TECH-0004,,2024-04-11,2.28,travel,2024-04-11 18:30:00
TS-000904,TECH-0029,,2025-02-10,1.51,travel,2025-02-10 18:30:00
TS-000905,TECH-0026,,2023-01-30,1.89,admin,2023-01-30 18:30:00
TS-000906,TECH-0020,,2025-01-29,0.66,admin,2025-01-29 18:30:00
TS-000907,TECH-0030,,2025-04-17,2.28,training,2025-04-17 18:30:00
TS-000908,TECH-0029,,2023-06-28,2.91,travel,2023-06-28 18:30:00
TS-000909,TECH-0004,,2023-09-18,2.24,training,2023-09-18 18:30:00
TS-000910,TECH-0001,,2025-03-06,2.5,admin,2025-03-06 18:30:00
TS-000911,TECH-0004,,2023-02-27,1.94,travel,2023-02-27 18:30:00
TS-000912,TECH-0024,,2023-08-21,1.91,travel,2023-08-21 18:30:00
TS-000913,TECH-0028,,2023-02-20,2.95,travel,2023-02-20 18:30:00
TS-000914,TECH-0019,,2024-03-04,2.92,admin,2024-03-04 18:30:00
TS-000915,TECH-0006,,2024-08-29,0.5,training,2024-08-29 18:30:00
TS-000916,TECH-0011,,2023-03-08,2.76,training,2023-03-08 18:30:00
TS-000917,TECH-0011,,2025-02-04,0.85,admin,2025-02-04 18:30:00
TS-000918,TECH-0017,,2024-03-25,2.78,training,2024-03-25 18:30:00
TS-000919,TECH-0013,,2025-05-19,1.78,training,2025-05-19 18:30:00
TS-000920,TECH-0026,,2023-05-23,2.55,training,2023-05-23 18:30:00
TS-000921,TECH-0009,,2023-02-22,0.85,travel,2023-02-22 18:30:00
TS-000922,TECH-0030,,2023-11-06,2.01,travel,2023-11-06 18:30:00
TS-000923,TECH-0008,,2025-04-28,1.19,admin,2025-04-28 18:30:00
TS-000924,TECH-0027,,2025-06-11,0.69,admin,2025-06-11 18:30:00
TS-000925,TECH-0010,,2024-01-09,2.12,admin,2024-01-09 18:30:00
TS-000926,TECH-0006,,2024-07-26,0.71,admin,2024-07-26 18:30:00
TS-000927,TECH-0010,,2024-09-02,0.86,training,2024-09-02 18:30:00
TS-000928,TECH-0008,,2023-04-12,2.33,training,2023-04-12 18:30:00
TS-000929,TECH-0024,,2023-10-04,1.43,training,2023-10-04 18:30:00
TS-000930,TECH-0025,,2025-01-02,0.91,training,2025-01-02 18:30:00
TS-000931,TECH-0030,,2023-08-09,2.98,admin,2023-08-09 18:30:00
TS-000932,TECH-0015,,2024-06-27,2.91,travel,2024-06-27 18:30:00
TS-000933,TECH-0009,,2023-04-21,0.81,admin,2023-04-21 18:30:00
TS-000934,TECH-0004,,2025-02-25,0.66,admin,2025-02-25 18:30:00
TS-000935,TECH-0024,,2023-05-09,2.77,admin,2023-05-09 18:30:00
TS-000936,TECH-0028,,2024-01-26,2.67,travel,2024-01-26 18:30:00
TS-000937,TECH-0009,,2024-01-29,0.74,travel,2024-01-29 18:30:00
TS-000938,TECH-0009,,2024-06-26,2.46,travel,2024-06-26 18:30:00
TS-000939,TECH-0004,,2023-09-08,2.32,training,2023-09-08 18:30:00
TS-000940,TECH-0011,,2025-04-23,0.74,admin,2025-04-23 18:30:00
TS-000941,TECH-0013,,2025-03-31,1.88,admin,2025-03-31 18:30:00
TS-000942,TECH-0023,,2023-05-23,0.93,travel,2023-05-23 18:30:00
TS-000943,TECH-0028,,2024-07-11,1.36,travel,2024-07-11 18:30:00
TS-000944,TECH-0027,,2025-01-31,1.99,training,2025-01-31 18:30:00
TS-000945,TECH-0014,,2024-11-14,0.82,training,2024-11-14 18:30:00
TS-000946,TECH-0001,,2025-01-06,0.89,training,2025-01-06 18:30:00
TS-000947,TECH-0005,,2023-07-25,1.92,admin,2023-07-25 18:30:00
TS-000948,TECH-0010,,2023-03-17,2.1,training,2023-03-17 18:30:00
TS-000949,TECH-0013,,2023-12-25,2.02,training,2023-12-25 18:30:00
TS-000950,TECH-0026,,2024-10-17,1.6,travel,2024-10-17 18:30:00
TS-000951,TECH-0013,,2024-11-01,1.22,training,2024-11-01 18:30:00
TS-000952,TECH-0015,,2025-01-16,2.7,training,2025-01-16 18:30:00
TS-000953,TECH-0030,,2023-11-24,2.09,admin,2023-11-24 18:30:00
TS-000954,TECH-0003,,2024-03-13,2.43,admin,2024-03-13 18:30:00
TS-000955,TECH-0003,,2025-06-27,0.69,travel,2025-06-27 18:30:00
TS-000956,TECH-0009,,2023-05-15,1.94,travel,2023-05-15 18:30:00
TS-000957,TECH-0003,,2024-02-14,2.82,training,2024-02-14 18:30:00
TS-000958,TECH-0029,,2023-01-16,2.19,admin,2023-01-16 18:30:00
TS-000959,TECH-0027,,2023-07-14,1.74,admin,2023-07-14 18:30:00
TS-000960,TECH-0025,,2025-02-03,0.81,training,2025-02-03 18:30:00
TS-000961,TECH-0001,,2025-06-03,2.78,travel,2025-06-03 18:30:00
TS-000962,TECH-0027,,2023-01-11,1.56,training,2023-01-11 18:30:00
TS-000963,TECH-0020,,2024-05-09,2.99,travel,2024-05-09 18:30:00
TS-000964,TECH-0025,,2025-01-27,2.02,training,2025-01-27 18:30:00
TS-000965,TECH-0023,,2024-10-04,2.19,travel,2024-10-04 18:30:00
TS-000966,TECH-0028,,2025-01-21,0.94,travel,2025-01-21 18:30:00
TS-000967,TECH-0013,,2023-07-11,1.38,training,2023-07-11 18:30:00
TS-000968,TECH-0002,,2024-08-28,1.45,admin,2024-08-28 18:30:00
TS-000969,TECH-0013,,2023-06-12,2.79,admin,2023-06-12 18:30:00
TS-000970,TECH-0009,,2025-02-12,1.23,travel,2025-02-12 18:30:00
TS-000971,TECH-0017,,2024-02-26,1.03,admin,2024-02-26 18:30:00
TS-000972,TECH-0027,,2025-06-24,1.48,training,2025-06-24 18:30:00
TS-000973,TECH-0011,,2025-01-08,2.84,travel,2025-01-08 18:30:00
TS-000974,TECH-0023,,2024-11-29,1.39,travel,2024-11-29 18:30:00
TS-000975,TECH-0023,,2024-10-22,1.25,admin,2024-10-22 18:30:00
TS-000976,TECH-0004,,2023-01-09,2.73,admin,2023-01-09 18:30:00
TS-000977,TECH-0006,,2024-07-30,0.52,admin,2024-07-30 18:30:00
TS-000978,TECH-0015,,2024-12-05,0.71,travel,2024-12-05 18:30:00
TS-000979,TECH-0019,,2023-08-09,0.81,admin,2023-08-09 18:30:00
TS-000980,TECH-0017,,2023-01-11,2.42,travel,2023-01-11 18:30:00
TS-000981,TECH-0010,,2023-11-21,1.49,admin,2023-11-21 18:30:00
TS-000982,TECH-0011,,2024-06-06,2.73,admin,2024-06-06 18:30:00
TS-000983,TECH-0020,,2024-01-22,2.97,travel,2024-01-22 18:30:00
TS-000984,TECH-0025,,2024-09-20,0.85,travel,2024-09-20 18:30:00
TS-000985,TECH-0027,,2024-09-13,1.4,travel,2024-09-13 18:30:00
TS-000986,TECH-0026,,2023-10-12,0.97,travel,2023-10-12 18:30:00
TS-000987,TECH-0002,,2023-07-11,1.55,admin,2023-07-11 18:30:00
TS-000988,TECH-0012,,2023-02-15,2.17,travel,2023-02-15 18:30:00
TS-000989,TECH-0017,,2024-01-17,1.55,travel,2024-01-17 18:30:00
TS-000990,TECH-0020,,2024-12-11,2.29,training,2024-12-11 18:30:00
TS-000991,TECH-0012,,2024-07-26,2.31,training,2024-07-26 18:30:00
TS-000992,TECH-0027,,2024-07-11,0.77,travel,2024-07-11 18:30:00
TS-000993,TECH-0004,,2023-01-31,0.89,travel,2023-01-31 18:30:00
TS-000994,TECH-0019,,2023-01-19,1.09,training,2023-01-19 18:30:00
TS-000995,TECH-0025,,2024-05-06,2.94,admin,2024-05-06 18:30:00
TS-000996,TECH-0027,,2023-01-12,1.7,admin,2023-01-12 18:30:00
TS-000997,TECH-0011,,2024-11-27,2.4,travel,2024-11-27 18:30:00
TS-000998,TECH-0009,,2025-06-04,2.32,travel,2025-06-04 18:30:00
TS-000999,TECH-0006,,2023-12-25,2.42,admin,2023-12-25 18:30:00
TS-001000,TECH-0010,,2023-12-21,2.55,training,2023-12-21 18:30:00
TS-001001,TECH-0008,,2024-11-11,2.46,training,2024-11-11 18:30:00
TS-001002,TECH-0004,,2024-12-20,0.95,training,2024-12-20 18:30:00
TS-001003,TECH-0021,,2025-06-20,0.87,training,2025-06-20 18:30:00
TS-001004,TECH-0004,,2023-07-10,0.6,admin,2023-07-10 18:30:00
TS-001005,TECH-0008,,2023-07-28,0.54,admin,2023-07-28 18:30:00
TS-001006,TECH-0008,,2023-05-11,1.45,travel,2023-05-11 18:30:00
TS-001007,TECH-0019,,2024-03-14,2.08,training,2024-03-14 18:30:00
TS-001008,TECH-0009,,2023-11-15,1.57,admin,2023-11-15 18:30:00
TS-001009,TECH-0002,,2025-01-01,2.11,admin,2025-01-01 18:30:00
TS-001010,TECH-0011,,2023-06-07,1.41,admin,2023-06-07 18:30:00
TS-001011,TECH-0013,,2024-08-22,1.3,travel,2024-08-22 18:30:00
TS-001012,TECH-0002,,2023-09-19,0.5,travel,2023-09-19 18:30:00
TS-001013,TECH-0025,,2024-04-05,1.21,travel,2024-04-05 18:30:00
TS-001014,TECH-0010,,2025-05-20,1.58,travel,2025-05-20 18:30:00
TS-001015,TECH-0010,,2024-12-05,1.34,admin,2024-12-05 18:30:00
TS-001016,TECH-0004,,2023-05-19,0.53,training,2023-05-19 18:30:00
TS-001017,TECH-0020,,2023-07-06,1.4,admin,2023-07-06 18:30:00
TS-001018,TECH-0029,,2024-06-03,2.45,training,2024-06-03 18:30:00
TS-001019,TECH-0019,,2025-05-16,1.1,admin,2025-05-16 18:30:00
TS-001020,TECH-0010,,2023-10-30,1.46,training,2023-10-30 18:30:00
TS-001021,TECH-0004,,2023-07-06,2.36,training,2023-07-06 18:30:00
TS-001022,TECH-0004,,2023-03-01,2.92,training,2023-03-01 18:30:00
TS-001023,TECH-0024,,2023-10-02,2.26,travel,2023-10-02 18:30:00
TS-001024,TECH-0004,,2023-04-18,2.05,training,2023-04-18 18:30:00
TS-001025,TECH-0011,,2024-11-11,1.83,travel,2024-11-11 18:30:00
TS-001026,TECH-0005,,2023-03-03,0.98,travel,2023-03-03 18:30:00
TS-001027,TECH-0020,,2023-12-28,2.94,training,2023-12-28 18:30:00
TS-001028,TECH-0013,,2024-10-04,2.29,training,2024-10-04 18:30:00
TS-001029,TECH-0015,,2023-04-07,1.55,admin,2023-04-07 18:30:00
TS-001030,TECH-0019,,2023-02-01,2.0,travel,2023-02-01 18:30:00
TS-001031,TECH-0026,,2023-07-05,0.61,admin,2023-07-05 18:30:00
TS-001032,TECH-0021,,2023-03-29,0.98,training,2023-03-29 18:30:00
TS-001033,TECH-0030,,2024-07-24,2.21,admin,2024-07-24 18:30:00
TS-001034,TECH-0019,,2023-04-18,1.59,travel,2023-04-18 18:30:00
TS-001035,TECH-0019,,2024-07-04,2.45,training,2024-07-04 18:30:00
TS-001036,TECH-0014,,2025-05-20,1.02,admin,2025-05-20 18:30:00
TS-001037,TECH-0001,,2023-08-17,1.04,training,2023-08-17 18:30:00
TS-001038,TECH-0026,,2023-01-13,1.64,training,2023-01-13 18:30:00
TS-001039,TECH-0026,,2025-01-22,1.26,admin,2025-01-22 18:30:00
TS-001040,TECH-0009,,2024-02-29,1.17,training,2024-02-29 18:30:00
TS-001041,TECH-0004,,2023-09-04,0.61,travel,2023-09-04 18:30:00
TS-001042,TECH-0009,,2024-02-22,2.1,travel,2024-02-22 18:30:00
TS-001043,TECH-0010,,2023-07-11,2.68,admin,2023-07-11 18:30:00
TS-001044,TECH-0002,,2023-12-22,1.84,travel,2023-12-22 18:30:00
TS-001045,TECH-0001,,2024-05-13,2.01,training,2024-05-13 18:30:00
TS-001046,TECH-0013,,2024-04-10,2.87,travel,2024-04-10 18:30:00
TS-001047,TECH-0020,,2024-01-15,0.83,training,2024-01-15 18:30:00
TS-001048,TECH-0023,,2024-02-27,2.96,admin,2024-02-27 18:30:00
TS-001049,TECH-0024,,2023-01-16,1.05,admin,2023-01-16 18:30:00
TS-001050,TECH-0010,,2023-09-11,2.93,admin,2023-09-11 18:30:00
TS-001051,TECH-0020,,2025-04-16,2.31,travel,2025-04-16 18:30:00
TS-001052,TECH-0026,,2024-07-02,1.14,training,2024-07-02 18:30:00
TS-001053,TECH-0024,,2025-06-27,1.88,training,2025-06-27 18:30:00
TS-001054,TECH-0030,,2024-09-25,1.31,travel,2024-09-25 18:30:00
TS-001055,TECH-0008,,2025-04-14,2.52,training,2025-04-14 18:30:00
TS-001056,TECH-0028,,2024-07-19,1.62,travel,2024-07-19 18:30:00
TS-001057,TECH-0027,,2024-09-13,0.87,admin,2024-09-13 18:30:00
TS-001058,TECH-0017,,2023-05-15,0.95,admin,2023-05-15 18:30:00
TS-001059,TECH-0006,,2023-09-11,1.92,travel,2023-09-11 18:30:00
TS-001060,TECH-0027,,2023-09-15,1.21,training,2023-09-15 18:30:00
TS-001061,TECH-0011,,2023-08-22,2.54,travel,2023-08-22 18:30:00
TS-001062,TECH-0025,,2025-05-21,0.67,travel,2025-05-21 18:30:00
TS-001063,TECH-0003,,2024-09-03,1.64,travel,2024-09-03 18:30:00
TS-001064,TECH-0024,,2024-07-31,2.31,travel,2024-07-31 18:30:00
TS-001065,TECH-0005,,2023-01-18,0.75,training,2023-01-18 18:30:00
TS-001066,TECH-0014,,2023-01-31,2.57,travel,2023-01-31 18:30:00
TS-001067,TECH-0028,,2023-03-03,1.12,travel,2023-03-03 18:30:00
TS-001068,TECH-0003,,2024-01-19,2.85,travel,2024-01-19 18:30:00
TS-001069,TECH-0023,,2023-01-19,2.89,travel,2023-01-19 18:30:00
TS-001070,TECH-0004,,2025-02-17,2.55,training,2025-02-17 18:30:00
TS-001071,TECH-0026,,2023-05-03,0.85,travel,2023-05-03 18:30:00
TS-001072,TECH-0028,,2025-03-18,2.54,admin,2025-03-18 18:30:00
TS-001073,TECH-0011,,2024-04-19,0.89,admin,2024-04-19 18:30:00
TS-001074,TECH-0002,,2025-02-18,1.17,training,2025-02-18 18:30:00
TS-001075,TECH-0020,,2023-06-27,2.56,travel,2023-06-27 18:30:00
TS-001076,TECH-0004,,2025-02-19,0.76,admin,2025-02-19 18:30:00
TS-001077,TECH-0030,,2024-08-19,0.5,travel,2024-08-19 18:30:00
TS-001078,TECH-0009,,2023-02-03,1.57,travel,2023-02-03 18:30:00
TS-001079,TECH-0005,,2024-05-21,1.22,training,2024-05-21 18:30:00
TS-001080,TECH-0025,,2024-07-04,2.71,training,2024-07-04 18:30:00
TS-001081,TECH-0030,,2023-06-12,0.92,admin,2023-06-12 18:30:00
TS-001082,TECH-0004,,2023-11-17,2.89,travel,2023-11-17 18:30:00
TS-001083,TECH-0011,,2024-05-27,2.04,travel,2024-05-27 18:30:00
TS-001084,TECH-0004,,2024-05-31,2.74,travel,2024-05-31 18:30:00
TS-001085,TECH-0023,,2023-08-04,1.57,travel,2023-08-04 18:30:00
TS-001086,TECH-0012,,2025-05-09,2.2,travel,2025-05-09 18:30:00
TS-001087,TECH-0005,,2024-03-07,2.54,training,2024-03-07 18:30:00
TS-001088,TECH-0013,,2023-05-30,2.79,admin,2023-05-30 18:30:00
TS-001089,TECH-0025,,2024-06-12,2.53,admin,2024-06-12 18:30:00
TS-001090,TECH-0026,,2023-04-20,2.65,travel,2023-04-20 18:30:00
TS-001091,TECH-0005,,2023-07-31,0.87,admin,2023-07-31 18:30:00
TS-001092,TECH-0016,,2024-11-15,0.78,travel,2024-11-15 18:30:00
TS-001093,TECH-0015,,2024-02-05,0.73,travel,2024-02-05 18:30:00
TS-001094,TECH-0005,,2023-09-19,1.38,admin,2023-09-19 18:30:00
TS-001095,TECH-0017,,2024-08-30,2.23,admin,2024-08-30 18:30:00
TS-001096,TECH-0015,,2025-05-13,1.33,training,2025-05-13 18:30:00
TS-001097,TECH-0029,,2023-12-19,1.55,admin,2023-12-19 18:30:00
TS-001098,TECH-0017,,2025-02-11,1.73,training,2025-02-11 18:30:00
TS-001099,TECH-0020,,2023-11-27,0.71,admin,2023-11-27 18:30:00
TS-001100,TECH-0026,,2024-08-27,1.94,training,2024-08-27 18:30:00
TS-001101,TECH-0026,,2023-11-10,0.72,training,2023-11-10 18:30:00
TS-001102,TECH-0013,,2023-01-04,2.98,travel,2023-01-04 18:30:00
TS-001103,TECH-0001,,2024-06-04,1.68,training,2024-06-04 18:30:00
TS-001104,TECH-0005,,2023-06-07,2.78,travel,2023-06-07 18:30:00
TS-001105,TECH-0013,,2023-07-19,1.65,admin,2023-07-19 18:30:00
TS-001106,TECH-0030,,2025-02-28,1.11,admin,2025-02-28 18:30:00
TS-001107,TECH-0030,,2023-11-17,2.37,travel,2023-11-17 18:30:00
